,tracker_theta,aoi,surface_azimuth,surface_tilt,app_temp,azimuth,clouds,dewpt,dhi,dni,elev_angle,ghi,pod,precip_rate,pres,revision_version,rh,slp,snow_rate,solar_rad,temp,timestamp_local,timestamp_utc,ts,uv,vis,wind_dir,wind_gust_spd,wind_spd,weather.description,weather.icon,weather.code,city_id,city_name,country_code,lat,lon,state_code,station_id,timezone
2024-01-01 00:00:00,,,,,-1.6,8.7,97.0,-4.6,0.0,0.0,-70.5,0.0,n,0.0,1012.0,2.1,64.0,1014.0,0.0,0.0,1.4,2024-01-01T00:00:00,2024-01-01T05:00:00,1704085200.0,0.0,16.0,314.0,4.8,2.8,Overcast clouds,c04n,804.0,4951257.0,Somerville,US,42.3876,-71.0995,MA,994971-99999,America/New_York
2024-01-01 00:15:00,,,,,-1.7,17.5,95.0,-4.7,0.0,0.0,-69.3,0.0,n,0.0,1012.0,2.1,64.0,1014.0,0.0,0.0,1.4,2024-01-01T00:15:00,2024-01-01T05:15:00,1704086100.0,0.0,16.0,315.0,4.8,2.8,Overcast clouds,c04n,804.0,4951257.0,Somerville,US,42.3876,-71.0995,MA,994971-99999,America/New_York
2024-01-01 00:30:00,,,,,-1.8,26.2,94.0,-4.8,0.0,0.0,-68.0,0.0,n,0.0,1012.0,2.1,64.0,1014.0,0.0,0.0,1.3,2024-01-01T00:30:00,2024-01-01T05:30:00,1704087000.0,0.0,16.0,316.0,4.8,2.8,Overcast clouds,c04n,804.0,4951257.0,Somerville,US,42.3876,-71.0995,MA,994971-99999,America/New_York
2024-01-01 00:45:00,,,,,-1.8,35.0,92.0,-4.8,0.0,0.0,-66.7,0.0,n,0.0,1012.0,2.1,64.0,1014.0,0.0,0.0,1.3,2024-01-01T00:45:00,2024-01-01T05:45:00,1704087900.0,0.0,16.0,317.0,4.8,2.8,Overcast clouds,c04n,804.0,4951257.0,Somerville,US,42.3876,-71.0995,MA,994971-99999,America/New_York
2024-01-01 01:00:00,,,,,-1.9,43.7,90.0,-4.8,0.0,0.0,-65.5,0.0,n,0.0,1012.0,2.1,64.0,1014.0,0.0,0.0,1.2,2024-01-01T01:00:00,2024-01-01T06:00:00,1704088800.0,0.0,16.0,318.0,4.8,2.8,Overcast clouds,c04n,804.0,4951257.0,Somerville,US,42.3876,-71.0995,MA,994971-99999,America/New_York
2024-01-01 01:15:00,,,,,-1.8,49.2,82.0,-4.8,0.0,0.0,-63.2,0.0,n,0.0,1012.0,2.1,64.0,1014.0,0.0,0.0,1.2,2024-01-01T01:15:00,2024-01-01T06:15:00,1704089700.0,0.0,16.0,318.0,4.6,2.7,Overcast clouds,c04n,804.0,4951257.0,Somerville,US,42.3876,-71.0995,MA,994971-99999,America/New_York
2024-01-01 01:30:00,,,,,-1.7,54.6,74.0,-4.8,0.0,0.0,-61.0,0.0,n,0.0,1012.0,2.1,64.0,1014.0,0.0,0.0,1.2,2024-01-01T01:30:00,2024-01-01T06:30:00,1704090600.0,0.0,16.0,317.0,4.4,2.6,Overcast clouds,c04n,804.0,4951257.0,Somerville,US,42.3876,-71.0995,MA,994971-99999,America/New_York
2024-01-01 01:45:00,,,,,-1.6,60.0,65.0,-4.8,0.0,0.0,-58.7,0.0,n,0.0,1012.0,2.1,64.0,1014.0,0.0,0.0,1.2,2024-01-01T01:45:00,2024-01-01T06:45:00,1704091500.0,0.0,16.0,316.0,4.2,2.5,Broken clouds,c03n,803.0,4951257.0,Somerville,US,42.3876,-71.0995,MA,994971-99999,America/New_York
2024-01-01 02:00:00,,,,,-1.5,65.5,57.0,-4.8,0.0,0.0,-56.4,0.0,n,0.0,1012.0,2.1,64.0,1014.0,0.0,0.0,1.2,2024-01-01T02:00:00,2024-01-01T07:00:00,1704092400.0,0.0,16.0,316.0,4.0,2.4,Broken clouds,c03n,803.0,4951257.0,Somerville,US,42.3876,-71.0995,MA,994971-99999,America/New_York
2024-01-01 02:15:00,,,,,-1.6,69.0,49.0,-4.9,0.0,0.0,-53.8,0.0,n,0.0,1012.0,2.1,64.0,1014.0,0.0,0.0,1.2,2024-01-01T02:15:00,2024-01-01T07:15:00,1704093300.0,0.0,16.0,316.0,4.0,2.5,Broken clouds,c03n,803.0,4951257.0,Somerville,US,42.3876,-71.0995,MA,994971-99999,America/New_York
2024-01-01 02:30:00,,,,,-1.8,72.6,42.0,-4.7,0.0,0.0,-51.1,0.0,n,0.0,1012.0,2.1,65.0,1014.0,0.0,0.0,1.1,2024-01-01T02:30:00,2024-01-01T07:30:00,1704094200.0,0.0,16.0,317.0,4.0,2.6,Broken clouds,c03n,803.0,4951257.0,Somerville,US,42.3876,-71.0995,MA,994971-99999,America/New_York
2024-01-01 02:45:00,,,,,-1.9,76.1,34.0,-4.5,0.0,0.0,-48.5,0.0,n,0.0,1012.0,2.1,66.0,1014.0,0.0,0.0,1.1,2024-01-01T02:45:00,2024-01-01T07:45:00,1704095100.0,0.0,16.0,318.0,4.0,2.7,Scattered clouds,c02n,802.0,4951257.0,Somerville,US,42.3876,-71.0995,MA,994971-99999,America/New_York
2024-01-01 03:00:00,,,,,-2.0,79.7,26.0,-4.5,0.0,0.0,-45.8,0.0,n,0.0,1012.0,2.1,66.0,1014.0,0.0,0.0,1.1,2024-01-01T03:00:00,2024-01-01T08:00:00,1704096000.0,0.0,16.0,318.0,4.0,2.8,Scattered clouds,c02n,802.0,4951257.0,Somerville,US,42.3876,-71.0995,MA,994971-99999,America/New_York
2024-01-01 03:15:00,,,,,-2.1,82.4,26.0,-4.6,0.0,0.0,-43.1,0.0,n,0.0,1012.0,2.1,66.0,1014.0,0.0,0.0,1.0,2024-01-01T03:15:00,2024-01-01T08:15:00,1704096900.0,0.0,16.0,319.0,4.0,2.8,Scattered clouds,c02n,802.0,4951257.0,Somerville,US,42.3876,-71.0995,MA,994971-99999,America/New_York
2024-01-01 03:30:00,,,,,-2.2,85.2,26.0,-4.9,0.0,0.0,-40.3,0.0,n,0.0,1012.0,2.1,65.0,1014.0,0.0,0.0,0.9,2024-01-01T03:30:00,2024-01-01T08:30:00,1704097800.0,0.0,16.0,320.0,4.0,2.8,Scattered clouds,c02n,802.0,4951257.0,Somerville,US,42.3876,-71.0995,MA,994971-99999,America/New_York
2024-01-01 03:45:00,,,,,-2.3,87.9,26.0,-5.2,0.0,0.0,-37.6,0.0,n,0.0,1012.0,2.1,64.0,1014.0,0.0,0.0,0.9,2024-01-01T03:45:00,2024-01-01T08:45:00,1704098700.0,0.0,16.0,321.0,4.0,2.8,Scattered clouds,c02n,802.0,4951257.0,Somerville,US,42.3876,-71.0995,MA,994971-99999,America/New_York
2024-01-01 04:00:00,,,,,-2.4,90.6,26.0,-5.2,0.0,0.0,-34.8,0.0,n,0.0,1012.0,2.1,64.0,1014.0,0.0,0.0,0.8,2024-01-01T04:00:00,2024-01-01T09:00:00,1704099600.0,0.0,16.0,322.0,4.0,2.8,Scattered clouds,c02n,802.0,4951257.0,Somerville,US,42.3876,-71.0995,MA,994971-99999,America/New_York
2024-01-01 04:15:00,,,,,-2.2,93.0,23.0,-4.8,0.0,0.0,-32.1,0.0,n,0.0,1012.0,2.1,66.0,1014.0,0.0,0.0,0.8,2024-01-01T04:15:00,2024-01-01T09:15:00,1704100500.0,0.0,16.0,324.0,4.0,2.6,Scattered clouds,c02n,802.0,4951257.0,Somerville,US,42.3876,-71.0995,MA,994971-99999,America/New_York
2024-01-01 04:30:00,,,,,-2.0,95.4,20.0,-4.6,0.0,0.0,-29.3,0.0,n,0.0,1012.0,2.1,67.0,1014.0,0.0,0.0,0.8,2024-01-01T04:30:00,2024-01-01T09:30:00,1704101400.0,0.0,16.0,326.0,4.0,2.4,Few clouds,c02n,801.0,4951257.0,Somerville,US,42.3876,-71.0995,MA,994971-99999,America/New_York
2024-01-01 04:45:00,,,,,-1.8,97.8,16.0,-4.4,0.0,0.0,-26.5,0.0,n,0.0,1012.0,2.1,68.0,1014.0,0.0,0.0,0.8,2024-01-01T04:45:00,2024-01-01T09:45:00,1704102300.0,0.0,16.0,328.0,4.0,2.2,Few clouds,c02n,801.0,4951257.0,Somerville,US,42.3876,-71.0995,MA,994971-99999,America/New_York
2024-01-01 05:00:00,,,,,-1.5,100.2,13.0,-4.0,0.0,0.0,-23.8,0.0,n,0.0,1012.0,2.1,70.0,1014.0,0.0,0.0,0.8,2024-01-01T05:00:00,2024-01-01T10:00:00,1704103200.0,0.0,16.0,330.0,4.0,2.0,Few clouds,c02n,801.0,4951257.0,Somerville,US,42.3876,-71.0995,MA,994971-99999,America/New_York
2024-01-01 05:15:00,,,,,-1.7,102.5,11.0,-4.1,0.0,0.0,-21.1,0.0,n,0.0,1012.0,2.1,70.0,1014.0,0.0,0.0,0.7,2024-01-01T05:15:00,2024-01-01T10:15:00,1704104100.0,0.0,16.0,329.0,4.0,2.1,Few clouds,c02n,801.0,4951257.0,Somerville,US,42.3876,-71.0995,MA,994971-99999,America/New_York
2024-01-01 05:30:00,,,,,-1.9,104.8,10.0,-4.4,0.0,0.0,-18.4,0.0,n,0.0,1012.0,2.1,69.0,1014.0,0.0,0.0,0.7,2024-01-01T05:30:00,2024-01-01T10:30:00,1704105000.0,0.0,16.0,328.0,4.0,2.2,Few clouds,c02n,801.0,4951257.0,Somerville,US,42.3876,-71.0995,MA,994971-99999,America/New_York
2024-01-01 05:45:00,,,,,-2.1,107.1,8.0,-4.6,0.0,0.0,-15.8,0.0,n,0.0,1013.0,2.1,68.0,1015.0,0.0,0.0,0.6,2024-01-01T05:45:00,2024-01-01T10:45:00,1704105900.0,0.0,16.0,327.0,4.0,2.3,Few clouds,c02n,801.0,4951257.0,Somerville,US,42.3876,-71.0995,MA,994971-99999,America/New_York
2024-01-01 06:00:00,,,,,-2.3,109.4,6.0,-4.7,0.0,0.0,-13.1,0.0,n,0.0,1013.0,2.1,68.0,1015.0,0.0,0.0,0.5,2024-01-01T06:00:00,2024-01-01T11:00:00,1704106800.0,0.0,16.0,326.0,4.0,2.4,Few clouds,c02n,801.0,4951257.0,Somerville,US,42.3876,-71.0995,MA,994971-99999,America/New_York
2024-01-01 06:15:00,,,,,-2.3,111.7,6.0,-4.8,0.0,0.0,-10.6,0.0,n,0.0,1013.0,2.1,68.0,1015.0,0.0,0.0,0.4,2024-01-01T06:15:00,2024-01-01T11:15:00,1704107700.0,0.0,16.0,328.0,4.1,2.3,Few clouds,c02n,801.0,4951257.0,Somerville,US,42.3876,-71.0995,MA,994971-99999,America/New_York
2024-01-01 06:30:00,,,,,-2.3,114.1,6.0,-5.0,0.0,0.0,-8.0,0.0,n,0.0,1013.0,2.1,67.0,1015.0,0.0,0.0,0.3,2024-01-01T06:30:00,2024-01-01T11:30:00,1704108600.0,0.0,16.0,329.0,4.2,2.2,Few clouds,c02n,801.0,4951257.0,Somerville,US,42.3876,-71.0995,MA,994971-99999,America/New_York
2024-01-01 06:45:00,,,,,-2.3,116.5,7.0,-5.3,0.0,0.0,-5.5,0.0,n,0.0,1013.0,2.1,66.0,1015.0,0.0,0.0,0.3,2024-01-01T06:45:00,2024-01-01T11:45:00,1704109500.0,0.0,16.0,330.0,4.3,2.1,Few clouds,c02n,801.0,4951257.0,Somerville,US,42.3876,-71.0995,MA,994971-99999,America/New_York
2024-01-01 07:00:00,,,,,-2.2,118.9,7.0,-5.4,0.0,0.0,-3.0,0.0,n,0.0,1013.0,2.1,66.0,1015.0,0.0,0.0,0.2,2024-01-01T07:00:00,2024-01-01T12:00:00,1704110400.0,0.0,16.0,332.0,4.4,2.0,Few clouds,c02n,801.0,4951257.0,Somerville,US,42.3876,-71.0995,MA,994971-99999,America/New_York
2024-01-01 07:15:00,,,,,-2.5,121.4,7.0,-5.4,10.0,90.0,-0.7,18.0,d,0.0,1013.0,2.1,66.0,1015.0,0.0,18.0,0.1,2024-01-01T07:15:00,2024-01-01T12:15:00,1704111300.0,0.0,16.0,334.0,4.6,2.2,Few clouds,c02n,801.0,4951257.0,Somerville,US,42.3876,-71.0995,MA,994971-99999,America/New_York
2024-01-01 07:30:00,-6.085256080072554,82.93987607330581,90.0,6.085256080072537,-2.8,124.0,8.0,-5.5,21.0,179.0,1.6,35.0,d,0.0,1014.0,2.1,66.0,1016.0,0.0,35.0,0.1,2024-01-01T07:30:00,2024-01-01T12:30:00,1704112200.0,1.2,16.0,336.0,4.8,2.4,Few clouds,c02n,801.0,4951257.0,Somerville,US,42.3876,-71.0995,MA,994971-99999,America/New_York
2024-01-01 07:45:00,-13.230090465060272,75.26524267994965,90.00000225887274,13.23009046506028,-3.1,126.6,8.0,-5.5,31.0,269.0,3.9,53.0,d,0.0,1014.0,2.1,66.0,1016.0,0.0,53.0,0.0,2024-01-01T07:45:00,2024-01-01T12:45:00,1704113100.0,1.2,16.0,338.0,5.0,2.6,Few clouds,c02d,801.0,4951257.0,Somerville,US,42.3876,-71.0995,MA,994971-99999,America/New_York
2024-01-01 08:00:00,-21.463023881993756,67.39863168879236,90.0,21.46302388199375,-3.3,129.2,8.0,-5.6,41.0,359.0,6.2,70.0,d,0.0,1014.0,2.1,66.0,1016.0,0.0,70.0,0.0,2024-01-01T08:00:00,2024-01-01T13:00:00,1704114000.0,1.2,16.0,340.0,5.2,2.8,Few clouds,c02d,801.0,4951257.0,Somerville,US,42.3876,-71.0995,MA,994971-99999,America/New_York
2024-01-01 08:15:00,-31.604007067242947,59.327788939337026,90.0,31.604007067242947,-3.3,132.0,7.0,-5.8,47.0,417.0,8.2,103.0,d,0.0,1014.0,2.1,65.0,1016.0,0.0,103.0,0.0,2024-01-01T08:15:00,2024-01-01T13:15:00,1704114900.0,1.2,16.0,340.0,5.5,2.8,Few clouds,c02d,801.0,4951257.0,Somerville,US,42.3876,-71.0995,MA,994971-99999,America/New_York
2024-01-01 08:30:00,-46.42020793846129,50.91321879607467,90.0,46.42020793846128,-3.4,134.9,6.0,-6.0,54.0,475.0,10.1,136.0,d,0.0,1014.0,2.1,64.0,1016.0,0.0,136.0,-0.1,2024-01-01T08:30:00,2024-01-01T13:30:00,1704115800.0,1.3,16.0,339.0,5.8,2.8,Few clouds,c02d,801.0,4951257.0,Somerville,US,42.3876,-71.0995,MA,994971-99999,America/New_York
2024-01-01 08:45:00,-60.0,47.43079617532197,90.0,59.99999999999999,-3.4,137.8,4.0,-6.2,60.0,534.0,12.1,169.0,d,0.0,1014.0,2.1,63.0,1016.0,0.0,169.0,-0.1,2024-01-01T08:45:00,2024-01-01T13:45:00,1704116700.0,1.3,16.0,338.0,6.1,2.8,Few clouds,c02d,801.0,4951257.0,Somerville,US,42.3876,-71.0995,MA,994971-99999,America/New_York
2024-01-01 09:00:00,-60.0,49.142748686942554,90.0,59.99999999999999,-3.4,140.7,3.0,-6.5,66.0,592.0,14.1,202.0,d,0.0,1014.0,2.1,62.0,1016.0,0.0,202.0,-0.1,2024-01-01T09:00:00,2024-01-01T14:00:00,1704117600.0,1.4,16.0,338.0,6.4,2.8,Few clouds,c02d,801.0,4951257.0,Somerville,US,42.3876,-71.0995,MA,994971-99999,America/New_York
2024-01-01 09:15:00,-60.0,51.058045565453455,90.0,59.99999999999999,-3.1,143.9,4.0,-6.5,70.0,618.0,15.6,230.0,d,0.0,1014.0,2.1,61.0,1016.0,0.0,230.0,0.1,2024-01-01T09:15:00,2024-01-01T14:15:00,1704118500.0,1.5,16.0,336.0,6.4,2.7,Few clouds,c02d,801.0,4951257.0,Somerville,US,42.3876,-71.0995,MA,994971-99999,America/New_York
2024-01-01 09:30:00,-60.0,53.15506983196103,90.0,59.99999999999999,-2.8,147.2,4.0,-6.6,73.0,644.0,17.1,257.0,d,0.0,1014.0,2.1,60.0,1016.0,0.0,257.0,0.2,2024-01-01T09:30:00,2024-01-01T14:30:00,1704119400.0,1.5,16.0,335.0,6.4,2.6,Few clouds,c02d,801.0,4951257.0,Somerville,US,42.3876,-71.0995,MA,994971-99999,America/New_York
2024-01-01 09:45:00,-55.55791384483167,55.29424689954703,90.0,55.55791384483167,-2.5,150.4,5.0,-6.4,77.0,671.0,18.6,285.0,d,0.0,1015.0,2.1,60.0,1017.0,0.0,285.0,0.4,2024-01-01T09:45:00,2024-01-01T14:45:00,1704120300.0,1.6,16.0,334.0,6.4,2.5,Few clouds,c02d,801.0,4951257.0,Somerville,US,42.3876,-71.0995,MA,994971-99999,America/New_York
2024-01-01 10:00:00,-50.51540352962405,57.31290120319622,90.0,50.51540352962405,-2.2,153.7,6.0,-6.5,80.0,697.0,20.1,312.0,d,0.0,1015.0,2.1,59.0,1017.0,0.0,312.0,0.6,2024-01-01T10:00:00,2024-01-01T15:00:00,1704121200.0,1.7,16.0,332.0,6.4,2.4,Few clouds,c02d,801.0,4951257.0,Somerville,US,42.3876,-71.0995,MA,994971-99999,America/New_York
2024-01-01 10:15:00,-45.005827836910775,59.1834372840404,90.00000085377364,45.00582783691078,-2.1,157.3,8.0,-6.4,82.0,709.0,21.0,329.0,d,0.0,1015.0,2.1,59.0,1017.0,0.0,329.0,0.7,2024-01-01T10:15:00,2024-01-01T15:15:00,1704122100.0,1.7,16.0,330.0,6.4,2.4,Few clouds,c02d,801.0,4951257.0,Somerville,US,42.3876,-71.0995,MA,994971-99999,America/New_York
2024-01-01 10:30:00,-38.98375730740388,60.87401498656055,90.00000120741826,38.983757307403884,-2.0,160.9,10.0,-6.5,84.0,721.0,21.9,346.0,d,0.0,1015.0,2.1,58.0,1017.0,0.0,346.0,0.8,2024-01-01T10:30:00,2024-01-01T15:30:00,1704123000.0,1.8,16.0,329.0,6.4,2.4,Few clouds,c02d,801.0,4951257.0,Somerville,US,42.3876,-71.0995,MA,994971-99999,America/New_York
2024-01-01 10:45:00,-32.420731384072425,62.348698728509184,90.00000120741826,32.42073138407243,-1.9,164.5,12.0,-6.4,85.0,732.0,22.8,363.0,d,0.0,1015.0,2.1,58.0,1017.0,0.0,363.0,0.9,2024-01-01T10:45:00,2024-01-01T15:45:00,1704123900.0,1.8,16.0,328.0,6.4,2.4,Few clouds,c02d,801.0,4951257.0,Somerville,US,42.3876,-71.0995,MA,994971-99999,America/New_York
2024-01-01 11:00:00,-25.318749065351646,63.56884800693674,90.0,25.318749065351646,-1.7,168.0,14.0,-6.3,87.0,744.0,23.7,380.0,d,0.0,1015.0,2.1,58.0,1017.0,0.0,380.0,1.0,2024-01-01T11:00:00,2024-01-01T16:00:00,1704124800.0,1.9,16.0,326.0,6.4,2.4,Few clouds,c02d,801.0,4951257.0,Somerville,US,42.3876,-71.0995,MA,994971-99999,America/New_York
2024-01-01 11:15:00,-17.724910458557087,64.49589900172168,90.00000120741826,17.72491045855709,-1.4,171.8,15.0,-6.1,88.0,747.0,23.9,384.0,d,0.0,1014.0,2.1,58.0,1016.0,0.0,383.0,1.3,2024-01-01T11:15:00,2024-01-01T16:15:00,1704125700.0,1.9,16.0,325.0,6.3,2.4,Few clouds,c02d,801.0,4951257.0,Somerville,US,42.3876,-71.0995,MA,994971-99999,America/New_York
2024-01-01 11:30:00,-9.741898618175124,65.09561329974198,90.0000020913098,9.74189861817513,-1.1,175.6,16.0,-6.1,88.0,749.0,24.2,388.0,d,0.0,1014.0,2.1,57.0,1016.0,0.0,387.0,1.5,2024-01-01T11:30:00,2024-01-01T16:30:00,1704126600.0,1.9,16.0,324.0,6.2,2.4,Few clouds,c02d,801.0,4951257.0,Somerville,US,42.3876,-71.0995,MA,994971-99999,America/New_York
2024-01-01 11:45:00,-1.5270266558583616,65.34315342898401,90.0,1.5270266558582832,-0.9,179.4,17.0,-6.1,88.0,752.0,24.4,392.0,d,0.0,1014.0,2.1,56.0,1016.0,0.0,391.0,1.8,2024-01-01T11:45:00,2024-01-01T16:45:00,1704127500.0,1.9,16.0,323.0,6.1,2.4,Few clouds,c02d,801.0,4951257.0,Somerville,US,42.3876,-71.0995,MA,994971-99999,America/New_York
2024-01-01 12:00:00,6.725091842998682,65.22757355160086,269.9999950954438,6.725091842998707,-0.6,183.1,18.0,-5.8,89.0,754.0,24.6,396.0,d,0.0,1014.0,2.1,56.0,1016.0,0.0,395.0,2.0,2024-01-01T12:00:00,2024-01-01T17:00:00,1704128400.0,1.9,16.0,322.0,6.0,2.4,Few clouds,c02d,801.0,4951257.0,Somerville,US,42.3876,-71.0995,MA,994971-99999,America/New_York
2024-01-01 12:15:00,14.813506709551099,64.75402294257493,270.0,14.813506709551088,-0.5,186.9,23.0,-6.0,88.0,748.0,24.1,386.0,d,0.0,1014.0,2.1,55.0,1016.0,0.0,384.0,2.1,2024-01-01T12:15:00,2024-01-01T17:15:00,1704129300.0,1.8,16.0,321.0,5.9,2.4,Scattered clouds,c02d,802.0,4951257.0,Somerville,US,42.3876,-71.0995,MA,994971-99999,America/New_York
2024-01-01 12:30:00,22.564393973775513,63.942686705108315,270.0,22.56439397377551,-0.4,190.6,28.0,-6.2,87.0,742.0,23.6,377.0,d,0.0,1014.0,2.1,54.0,1016.0,0.0,373.0,2.1,2024-01-01T12:30:00,2024-01-01T17:30:00,1704130200.0,1.7,16.0,320.0,5.8,2.4,Scattered clouds,c02d,802.0,4951257.0,Somerville,US,42.3876,-71.0995,MA,994971-99999,America/New_York
2024-01-01 12:45:00,29.85419208249166,62.82495668480138,269.9999987925817,29.854192082491668,-0.3,194.3,34.0,-6.1,86.0,736.0,23.1,367.0,d,0.0,1014.0,2.1,54.0,1016.0,0.0,359.0,2.2,2024-01-01T12:45:00,2024-01-01T17:45:00,1704131100.0,1.5,16.0,319.0,5.7,2.4,Scattered clouds,c02d,802.0,4951257.0,Somerville,US,42.3876,-71.0995,MA,994971-99999,America/New_York
2024-01-01 13:00:00,36.61626994422145,61.438368952537964,270.0,36.61626994422144,-0.2,198.0,39.0,-6.3,85.0,730.0,22.5,358.0,d,0.0,1014.0,2.1,53.0,1016.0,0.0,345.0,2.3,2024-01-01T13:00:00,2024-01-01T18:00:00,1704132000.0,1.4,16.0,318.0,5.6,2.4,Scattered clouds,c02d,802.0,4951257.0,Somerville,US,42.3876,-71.0995,MA,994971-99999,America/New_York
2024-01-01 13:15:00,42.83377941193422,59.82193140744773,270.0,42.83377941193422,0.3,201.5,31.0,-5.9,83.0,713.0,21.4,336.0,d,0.0,1013.0,2.1,53.0,1015.0,0.0,330.0,2.7,2024-01-01T13:15:00,2024-01-01T18:15:00,1704132900.0,1.5,16.0,319.0,5.5,2.3,Scattered clouds,c02d,802.0,4951257.0,Somerville,US,42.3876,-71.0995,MA,994971-99999,America/New_York
2024-01-01 13:30:00,48.52575967492733,58.01279079948311,270.0,48.52575967492733,0.9,205.0,24.0,-5.6,80.0,696.0,20.2,315.0,d,0.0,1013.0,2.1,53.0,1015.0,0.0,313.0,3.0,2024-01-01T13:30:00,2024-01-01T18:30:00,1704133800.0,1.5,16.0,320.0,5.4,2.2,Scattered clouds,c02d,802.0,4951257.0,Somerville,US,42.3876,-71.0995,MA,994971-99999,America/New_York
2024-01-01 13:45:00,53.7328089771107,56.044367255779896,270.0,53.7328089771107,1.4,208.4,16.0,-5.2,78.0,680.0,19.0,293.0,d,0.0,1013.0,2.1,53.0,1015.0,0.0,292.0,3.4,2024-01-01T13:45:00,2024-01-01T18:45:00,1704134700.0,1.5,16.0,321.0,5.3,2.1,Few clouds,c02d,801.0,4951257.0,Somerville,US,42.3876,-71.0995,MA,994971-99999,America/New_York
2024-01-01 14:00:00,58.50567080776513,53.945658082789635,270.0,58.50567080776513,2.0,211.9,8.0,-4.9,76.0,663.0,17.9,272.0,d,0.0,1013.0,2.1,53.0,1015.0,0.0,272.0,3.8,2024-01-01T14:00:00,2024-01-01T19:00:00,1704135600.0,1.5,16.0,322.0,5.2,2.0,Few clouds,c02d,801.0,4951257.0,Somerville,US,42.3876,-71.0995,MA,994971-99999,America/New_York
2024-01-01 14:15:00,60.0,51.799021805488685,270.0,59.99999999999999,1.9,215.0,11.0,-5.0,71.0,627.0,16.2,241.0,d,0.0,1013.0,2.1,53.0,1015.0,0.0,241.0,3.7,2024-01-01T14:15:00,2024-01-01T19:15:00,1704136500.0,1.4,16.0,322.0,5.0,2.0,Few clouds,c02d,801.0,4951257.0,Somerville,US,42.3876,-71.0995,MA,994971-99999,America/New_York
2024-01-01 14:30:00,60.0,49.812087168541055,270.0,59.99999999999999,1.8,218.1,14.0,-5.0,67.0,592.0,14.4,210.0,d,0.0,1013.0,2.1,53.0,1015.0,0.0,210.0,3.6,2024-01-01T14:30:00,2024-01-01T19:30:00,1704137400.0,1.3,16.0,323.0,4.8,2.0,Few clouds,c02d,801.0,4951257.0,Somerville,US,42.3876,-71.0995,MA,994971-99999,America/New_York
2024-01-01 14:45:00,60.0,48.02032523859924,270.0,59.99999999999999,1.7,221.2,18.0,-5.1,62.0,556.0,12.7,180.0,d,0.0,1014.0,2.1,53.0,1016.0,0.0,180.0,3.6,2024-01-01T14:45:00,2024-01-01T19:45:00,1704138300.0,1.2,16.0,324.0,4.6,2.0,Few clouds,c02d,801.0,4951257.0,Somerville,US,42.3876,-71.0995,MA,994971-99999,America/New_York
2024-01-01 15:00:00,55.83348019099607,47.585884746756996,270.0,55.83348019099607,1.6,224.3,21.0,-5.2,58.0,520.0,11.0,149.0,d,0.0,1014.0,2.1,53.0,1016.0,0.0,148.0,3.5,2024-01-01T15:00:00,2024-01-01T20:00:00,1704139200.0,1.2,16.0,324.0,4.4,2.0,Scattered clouds,c02d,802.0,4951257.0,Somerville,US,42.3876,-71.0995,MA,994971-99999,America/New_York
2024-01-01 15:15:00,36.31975299511361,56.192658410455635,269.9999987925817,36.31975299511362,1.6,227.0,19.0,-5.0,49.0,432.0,8.9,117.0,d,0.0,1014.0,2.1,54.0,1016.0,0.0,117.0,3.4,2024-01-01T15:15:00,2024-01-01T20:15:00,1704140100.0,1.1,16.0,333.0,4.0,1.9,Few clouds,c02d,801.0,4951257.0,Somerville,US,42.3876,-71.0995,MA,994971-99999,America/New_York
2024-01-01 15:30:00,24.985598076706218,64.37112340736283,270.0,24.985598076706214,1.6,229.8,17.0,-4.6,41.0,344.0,6.8,85.0,d,0.0,1014.0,2.1,56.0,1016.0,0.0,85.0,3.3,2024-01-01T15:30:00,2024-01-01T20:30:00,1704141000.0,1.1,16.0,342.0,3.6,1.8,Few clouds,c02d,801.0,4951257.0,Somerville,US,42.3876,-71.0995,MA,994971-99999,America/New_York
2024-01-01 15:45:00,16.183917583425043,72.3052866150378,270.0,16.183917583425043,1.7,232.5,15.0,-4.5,32.0,255.0,4.7,53.0,d,0.0,1014.0,2.1,57.0,1016.0,0.0,53.0,3.2,2024-01-01T15:45:00,2024-01-01T20:45:00,1704141900.0,1.1,16.0,351.0,3.2,1.7,Few clouds,c02d,801.0,4951257.0,Somerville,US,42.3876,-71.0995,MA,994971-99999,America/New_York
2024-01-01 16:00:00,8.681409458658408,80.06314118769971,270.0,8.681409458658402,1.7,235.3,13.0,-4.3,23.0,167.0,2.6,22.0,d,0.0,1014.0,2.1,58.0,1016.0,0.0,45.0,3.1,2024-01-01T16:00:00,2024-01-01T21:00:00,1704142800.0,1.1,16.0,360.0,2.8,1.6,Few clouds,c02n,801.0,4951257.0,Somerville,US,42.3876,-71.0995,MA,994971-99999,America/New_York
2024-01-01 16:15:00,2.103795390558858,87.50870869627629,270.0,2.1037953905588265,1.6,237.7,12.0,-4.4,18.0,125.0,0.2,16.0,d,0.0,1014.0,2.1,58.0,1016.0,0.0,34.0,3.1,2024-01-01T16:15:00,2024-01-01T21:15:00,1704143700.0,1.1,16.0,277.0,2.9,1.6,Few clouds,c02n,801.0,4951257.0,Somerville,US,42.3876,-71.0995,MA,994971-99999,America/New_York
2024-01-01 16:30:00,,,,,1.5,240.2,10.0,-4.5,12.0,84.0,-2.2,11.0,d,0.0,1014.0,2.1,58.0,1016.0,0.0,23.0,3.0,2024-01-01T16:30:00,2024-01-01T21:30:00,1704144600.0,0.0,16.0,194.0,3.0,1.6,Few clouds,c02n,801.0,4951257.0,Somerville,US,42.3876,-71.0995,MA,994971-99999,America/New_York
2024-01-01 16:45:00,,,,,1.4,242.7,9.0,-4.3,6.0,42.0,-4.6,5.0,d,0.0,1014.0,2.1,59.0,1016.0,0.0,11.0,2.9,2024-01-01T16:45:00,2024-01-01T21:45:00,1704145500.0,0.0,16.0,111.0,3.1,1.6,Few clouds,c02n,801.0,4951257.0,Somerville,US,42.3876,-71.0995,MA,994971-99999,America/New_York
2024-01-01 17:00:00,,,,,1.3,245.2,8.0,-4.4,0.0,0.0,-7.0,0.0,n,0.0,1015.0,2.1,59.0,1017.0,0.0,0.0,2.8,2024-01-01T17:00:00,2024-01-01T22:00:00,1704146400.0,0.0,16.0,28.0,3.2,1.6,Few clouds,c02n,801.0,4951257.0,Somerville,US,42.3876,-71.0995,MA,994971-99999,America/New_York
2024-01-01 17:15:00,,,,,1.0,247.5,7.0,-4.4,0.0,0.0,-9.6,0.0,n,0.0,1015.0,2.1,60.0,1017.0,0.0,0.0,2.5,2024-01-01T17:15:00,2024-01-01T22:15:00,1704147300.0,0.0,16.0,26.0,3.2,1.6,Few clouds,c02n,801.0,4951257.0,Somerville,US,42.3876,-71.0995,MA,994971-99999,America/New_York
2024-01-01 17:30:00,,,,,0.7,249.8,6.0,-4.7,0.0,0.0,-12.2,0.0,n,0.0,1015.0,2.1,60.0,1017.0,0.0,0.0,2.3,2024-01-01T17:30:00,2024-01-01T22:30:00,1704148200.0,0.0,16.0,25.0,3.2,1.6,Few clouds,c02n,801.0,4951257.0,Somerville,US,42.3876,-71.0995,MA,994971-99999,America/New_York
2024-01-01 17:45:00,,,,,0.3,252.2,5.0,-5.0,0.0,0.0,-14.8,0.0,n,0.0,1015.0,2.1,60.0,1017.0,0.0,0.0,2.0,2024-01-01T17:45:00,2024-01-01T22:45:00,1704149100.0,0.0,16.0,24.0,3.2,1.6,Few clouds,c02n,801.0,4951257.0,Somerville,US,42.3876,-71.0995,MA,994971-99999,America/New_York
2024-01-01 18:00:00,,,,,0.0,254.5,4.0,-5.0,0.0,0.0,-17.4,0.0,n,0.0,1015.0,2.1,61.0,1017.0,0.0,0.0,1.7,2024-01-01T18:00:00,2024-01-01T23:00:00,1704150000.0,0.0,16.0,22.0,3.2,1.6,Few clouds,c02n,801.0,4951257.0,Somerville,US,42.3876,-71.0995,MA,994971-99999,America/New_York
2024-01-01 18:15:00,,,,,-0.1,256.8,3.0,-5.1,0.0,0.0,-20.1,0.0,n,0.0,1015.0,2.1,61.0,1017.0,0.0,0.0,1.6,2024-01-01T18:15:00,2024-01-01T23:15:00,1704150900.0,0.0,16.0,18.0,3.3,1.6,Few clouds,c02n,801.0,4951257.0,Somerville,US,42.3876,-71.0995,MA,994971-99999,America/New_York
2024-01-01 18:30:00,,,,,-0.2,259.1,2.0,-5.0,0.0,0.0,-22.9,0.0,n,0.0,1015.0,2.1,62.0,1017.0,0.0,0.0,1.4,2024-01-01T18:30:00,2024-01-01T23:30:00,1704151800.0,0.0,16.0,14.0,3.4,1.6,Few clouds,c02n,801.0,4951257.0,Somerville,US,42.3876,-71.0995,MA,994971-99999,America/New_York
2024-01-01 18:45:00,,,,,-0.4,261.4,2.0,-5.1,0.0,0.0,-25.6,0.0,n,0.0,1015.0,2.1,62.0,1017.0,0.0,0.0,1.3,2024-01-01T18:45:00,2024-01-01T23:45:00,1704152700.0,0.0,16.0,10.0,3.5,1.6,Few clouds,c02n,801.0,4951257.0,Somerville,US,42.3876,-71.0995,MA,994971-99999,America/New_York
2024-01-01 19:00:00,,,,,-0.5,263.7,1.0,-5.3,0.0,0.0,-28.3,0.0,n,0.0,1015.0,2.1,62.0,1017.0,0.0,0.0,1.2,2024-01-01T19:00:00,2024-01-02T00:00:00,1704153600.0,0.0,16.0,6.0,3.6,1.6,Clear Sky,c01n,800.0,4951257.0,Somerville,US,42.3876,-71.0995,MA,994971-99999,America/New_York
2024-01-01 19:15:00,,,,,-0.9,266.2,1.0,-5.4,0.0,0.0,-31.1,0.0,n,0.0,1015.0,2.1,62.0,1017.0,0.0,0.0,1.0,2024-01-01T19:15:00,2024-01-02T00:15:00,1704154500.0,0.0,16.0,90.0,3.7,1.7,Clear Sky,c01n,800.0,4951257.0,Somerville,US,42.3876,-71.0995,MA,994971-99999,America/New_York
2024-01-01 19:30:00,,,,,-1.2,268.7,0.0,-5.6,0.0,0.0,-33.8,0.0,n,0.0,1015.0,2.1,62.0,1017.0,0.0,0.0,0.8,2024-01-01T19:30:00,2024-01-02T00:30:00,1704155400.0,0.0,16.0,175.0,3.8,1.8,Clear Sky,c01n,800.0,4951257.0,Somerville,US,42.3876,-71.0995,MA,994971-99999,America/New_York
2024-01-01 19:45:00,,,,,-1.6,271.2,0.0,-5.8,0.0,0.0,-36.6,0.0,n,0.0,1015.0,2.1,62.0,1017.0,0.0,0.0,0.7,2024-01-01T19:45:00,2024-01-02T00:45:00,1704156300.0,0.0,16.0,260.0,3.9,1.9,Clear Sky,c01n,800.0,4951257.0,Somerville,US,42.3876,-71.0995,MA,994971-99999,America/New_York
2024-01-01 20:00:00,,,,,-1.9,273.7,0.0,-5.9,0.0,0.0,-39.4,0.0,n,0.0,1016.0,2.1,62.0,1018.0,0.0,0.0,0.5,2024-01-01T20:00:00,2024-01-02T01:00:00,1704157200.0,0.0,16.0,344.0,4.0,2.0,Clear Sky,c01n,800.0,4951257.0,Somerville,US,42.3876,-71.0995,MA,994971-99999,America/New_York
2024-01-01 20:15:00,,,,,-2.2,276.7,0.0,-5.8,0.0,0.0,-42.1,0.0,n,0.0,1016.0,2.1,63.0,1018.0,0.0,0.0,0.4,2024-01-01T20:15:00,2024-01-02T01:15:00,1704158100.0,0.0,16.0,342.0,4.1,2.2,Clear Sky,c01n,800.0,4951257.0,Somerville,US,42.3876,-71.0995,MA,994971-99999,America/New_York
2024-01-01 20:30:00,,,,,-2.6,279.7,0.0,-5.7,0.0,0.0,-44.8,0.0,n,0.0,1016.0,2.1,64.0,1018.0,0.0,0.0,0.3,2024-01-01T20:30:00,2024-01-02T01:30:00,1704159000.0,0.0,16.0,341.0,4.2,2.4,Clear Sky,c01n,800.0,4951257.0,Somerville,US,42.3876,-71.0995,MA,994971-99999,America/New_York
2024-01-01 20:45:00,,,,,-2.9,282.7,0.0,-5.6,0.0,0.0,-47.5,0.0,n,0.0,1016.0,2.1,65.0,1018.0,0.0,0.0,0.2,2024-01-01T20:45:00,2024-01-02T01:45:00,1704159900.0,0.0,16.0,340.0,4.3,2.6,Clear Sky,c01n,800.0,4951257.0,Somerville,US,42.3876,-71.0995,MA,994971-99999,America/New_York
2024-01-01 21:00:00,,,,,-3.2,285.7,0.0,-5.5,0.0,0.0,-50.3,0.0,n,0.0,1016.0,2.1,66.0,1018.0,0.0,0.0,0.1,2024-01-01T21:00:00,2024-01-02T02:00:00,1704160800.0,0.0,16.0,338.0,4.4,2.8,Clear Sky,c01n,800.0,4951257.0,Somerville,US,42.3876,-71.0995,MA,994971-99999,America/New_York
2024-01-01 21:15:00,,,,,-3.5,289.9,0.0,-5.6,0.0,0.0,-52.8,0.0,n,0.0,1016.0,2.1,66.0,1018.0,0.0,0.0,-0.1,2024-01-01T21:15:00,2024-01-02T02:15:00,1704161700.0,0.0,16.0,338.0,4.5,2.9,Clear Sky,c01n,800.0,4951257.0,Somerville,US,42.3876,-71.0995,MA,994971-99999,America/New_York
2024-01-01 21:30:00,,,,,-3.8,294.0,0.0,-6.0,0.0,0.0,-55.3,0.0,n,0.0,1016.0,2.1,65.0,1018.0,0.0,0.0,-0.2,2024-01-01T21:30:00,2024-01-02T02:30:00,1704162600.0,0.0,16.0,337.0,4.6,3.0,Clear Sky,c01n,800.0,4951257.0,Somerville,US,42.3876,-71.0995,MA,994971-99999,America/New_York
2024-01-01 21:45:00,,,,,-4.1,298.2,0.0,-6.4,0.0,0.0,-57.9,0.0,n,0.0,1016.0,2.1,64.0,1018.0,0.0,0.0,-0.4,2024-01-01T21:45:00,2024-01-02T02:45:00,1704163500.0,0.0,16.0,336.0,4.7,3.1,Clear Sky,c01n,800.0,4951257.0,Somerville,US,42.3876,-71.0995,MA,994971-99999,America/New_York
2024-01-01 22:00:00,,,,,-4.4,302.4,0.0,-6.5,0.0,0.0,-60.4,0.0,n,0.0,1016.0,2.1,64.0,1018.0,0.0,0.0,-0.6,2024-01-01T22:00:00,2024-01-02T03:00:00,1704164400.0,0.0,16.0,336.0,4.8,3.2,Clear Sky,c01n,800.0,4951257.0,Somerville,US,42.3876,-71.0995,MA,994971-99999,America/New_York
2024-01-01 22:15:00,,,,,-4.6,309.0,0.0,-6.7,0.0,0.0,-62.3,0.0,n,0.0,1016.0,2.1,64.0,1018.0,0.0,0.0,-0.8,2024-01-01T22:15:00,2024-01-02T03:15:00,1704165300.0,0.0,16.0,335.0,4.8,3.2,Clear Sky,c01n,800.0,4951257.0,Somerville,US,42.3876,-71.0995,MA,994971-99999,America/New_York
2024-01-01 22:30:00,,,,,-4.7,315.7,0.0,-6.8,0.0,0.0,-64.3,0.0,n,0.0,1016.0,2.1,64.0,1018.0,0.0,0.0,-0.9,2024-01-01T22:30:00,2024-01-02T03:30:00,1704166200.0,0.0,16.0,334.0,4.8,3.2,Clear Sky,c01n,800.0,4951257.0,Somerville,US,42.3876,-71.0995,MA,994971-99999,America/New_York
2024-01-01 22:45:00,,,,,-4.9,322.4,0.0,-7.0,0.0,0.0,-66.3,0.0,n,0.0,1016.0,2.1,64.0,1018.0,0.0,0.0,-1.0,2024-01-01T22:45:00,2024-01-02T03:45:00,1704167100.0,0.0,16.0,333.0,4.8,3.2,Clear Sky,c01n,800.0,4951257.0,Somerville,US,42.3876,-71.0995,MA,994971-99999,America/New_York
2024-01-01 23:00:00,,,,,-5.1,329.1,0.0,-7.1,0.0,0.0,-68.2,0.0,n,0.0,1016.0,2.1,64.0,1018.0,0.0,0.0,-1.2,2024-01-01T23:00:00,2024-01-02T04:00:00,1704168000.0,0.0,16.0,332.0,4.8,3.2,Clear Sky,c01n,800.0,4951257.0,Somerville,US,42.3876,-71.0995,MA,994971-99999,America/New_York
2024-01-01 23:15:00,,,,,-5.3,248.9,0.0,-7.3,0.0,0.0,-68.8,0.0,n,0.0,1015.0,2.1,64.0,1017.0,0.0,0.0,-1.4,2024-01-01T23:15:00,2024-01-02T04:15:00,1704168900.0,0.0,16.0,330.0,4.9,3.2,Clear Sky,c01n,800.0,4951257.0,Somerville,US,42.3876,-71.0995,MA,994971-99999,America/New_York
2024-01-01 23:30:00,,,,,-5.5,168.7,0.0,-7.2,0.0,0.0,-69.3,0.0,n,0.0,1015.0,2.1,65.0,1017.0,0.0,0.0,-1.5,2024-01-01T23:30:00,2024-01-02T04:30:00,1704169800.0,0.0,16.0,328.0,5.0,3.2,Clear Sky,c01n,800.0,4951257.0,Somerville,US,42.3876,-71.0995,MA,994971-99999,America/New_York
2024-01-01 23:45:00,,,,,-5.7,88.6,0.0,-7.2,0.0,0.0,-69.9,0.0,n,0.0,1015.0,2.1,66.0,1017.0,0.0,0.0,-1.7,2024-01-01T23:45:00,2024-01-02T04:45:00,1704170700.0,0.0,16.0,326.0,5.1,3.2,Clear Sky,c01n,800.0,4951257.0,Somerville,US,42.3876,-71.0995,MA,994971-99999,America/New_York
2024-01-02 00:00:00,,,,,-6.0,8.4,0.0,-7.4,0.0,0.0,-70.5,0.0,n,0.0,1015.0,2.1,66.0,1017.0,0.0,0.0,-1.9,2024-01-02T00:00:00,2024-01-02T05:00:00,1704171600.0,0.0,16.0,324.0,5.2,3.2,Clear Sky,c01n,800.0,4951257.0,Somerville,US,42.3876,-71.0995,MA,994971-99999,America/New_York
2024-01-02 00:15:00,,,,,-6.1,17.1,0.0,-7.5,0.0,0.0,-69.2,0.0,n,0.0,1015.0,2.1,66.0,1017.0,0.0,0.0,-2.0,2024-01-02T00:15:00,2024-01-02T05:15:00,1704172500.0,0.0,16.0,322.0,5.3,3.2,Clear Sky,c01n,800.0,4951257.0,Somerville,US,42.3876,-71.0995,MA,994971-99999,America/New_York
2024-01-02 00:30:00,,,,,-6.3,25.9,0.0,-7.6,0.0,0.0,-68.0,0.0,n,0.0,1015.0,2.1,66.0,1017.0,0.0,0.0,-2.1,2024-01-02T00:30:00,2024-01-02T05:30:00,1704173400.0,0.0,16.0,321.0,5.4,3.2,Clear Sky,c01n,800.0,4951257.0,Somerville,US,42.3876,-71.0995,MA,994971-99999,America/New_York
2024-01-02 00:45:00,,,,,-6.4,34.6,0.0,-7.7,0.0,0.0,-66.7,0.0,n,0.0,1015.0,2.1,66.0,1017.0,0.0,0.0,-2.3,2024-01-02T00:45:00,2024-01-02T05:45:00,1704174300.0,0.0,16.0,320.0,5.5,3.2,Clear Sky,c01n,800.0,4951257.0,Somerville,US,42.3876,-71.0995,MA,994971-99999,America/New_York
2024-01-02 01:00:00,,,,,-6.6,43.4,0.0,-7.9,0.0,0.0,-65.5,0.0,n,0.0,1015.0,2.1,66.0,1017.0,0.0,0.0,-2.4,2024-01-02T01:00:00,2024-01-02T06:00:00,1704175200.0,0.0,16.0,318.0,5.6,3.2,Clear Sky,c01n,800.0,4951257.0,Somerville,US,42.3876,-71.0995,MA,994971-99999,America/New_York
2024-01-02 01:15:00,,,,,-6.6,48.8,0.0,-7.9,0.0,0.0,-63.2,0.0,n,0.0,1015.0,2.1,66.0,1017.0,0.0,0.0,-2.5,2024-01-02T01:15:00,2024-01-02T06:15:00,1704176100.0,0.0,16.0,318.0,5.5,3.2,Clear Sky,c01n,800.0,4951257.0,Somerville,US,42.3876,-71.0995,MA,994971-99999,America/New_York
2024-01-02 01:30:00,,,,,-6.7,54.3,0.0,-8.2,0.0,0.0,-61.0,0.0,n,0.0,1015.0,2.1,65.0,1017.0,0.0,0.0,-2.5,2024-01-02T01:30:00,2024-01-02T06:30:00,1704177000.0,0.0,16.0,318.0,5.4,3.2,Clear Sky,c01n,800.0,4951257.0,Somerville,US,42.3876,-71.0995,MA,994971-99999,America/New_York
2024-01-02 01:45:00,,,,,-6.7,59.8,0.0,-8.4,0.0,0.0,-58.7,0.0,n,0.0,1015.0,2.1,64.0,1017.0,0.0,0.0,-2.5,2024-01-02T01:45:00,2024-01-02T06:45:00,1704177900.0,0.0,16.0,318.0,5.3,3.2,Clear Sky,c01n,800.0,4951257.0,Somerville,US,42.3876,-71.0995,MA,994971-99999,America/New_York
2024-01-02 02:00:00,,,,,-6.8,65.2,0.0,-8.4,0.0,0.0,-56.4,0.0,n,0.0,1015.0,2.1,64.0,1017.0,0.0,0.0,-2.6,2024-01-02T02:00:00,2024-01-02T07:00:00,1704178800.0,0.0,16.0,318.0,5.2,3.2,Clear Sky,c01n,800.0,4951257.0,Somerville,US,42.3876,-71.0995,MA,994971-99999,America/New_York
2024-01-02 02:15:00,,,,,-7.0,68.8,0.0,-8.4,0.0,0.0,-53.8,0.0,n,0.0,1015.0,2.1,65.0,1017.0,0.0,0.0,-2.8,2024-01-02T02:15:00,2024-01-02T07:15:00,1704179700.0,0.0,16.0,318.0,5.3,3.2,Clear Sky,c01n,800.0,4951257.0,Somerville,US,42.3876,-71.0995,MA,994971-99999,America/New_York
2024-01-02 02:30:00,,,,,-7.2,72.4,0.0,-8.3,0.0,0.0,-51.2,0.0,n,0.0,1015.0,2.1,66.0,1017.0,0.0,0.0,-2.9,2024-01-02T02:30:00,2024-01-02T07:30:00,1704180600.0,0.0,16.0,317.0,5.4,3.2,Clear Sky,c01n,800.0,4951257.0,Somerville,US,42.3876,-71.0995,MA,994971-99999,America/New_York
2024-01-02 02:45:00,,,,,-7.4,75.9,0.0,-8.5,0.0,0.0,-48.5,0.0,n,0.0,1015.0,2.1,66.0,1017.0,0.0,0.0,-3.0,2024-01-02T02:45:00,2024-01-02T07:45:00,1704181500.0,0.0,16.0,316.0,5.5,3.2,Clear Sky,c01n,800.0,4951257.0,Somerville,US,42.3876,-71.0995,MA,994971-99999,America/New_York
2024-01-02 03:00:00,,,,,-7.5,79.5,0.0,-8.4,0.0,0.0,-45.9,0.0,n,0.0,1015.0,2.1,67.0,1017.0,0.0,0.0,-3.2,2024-01-02T03:00:00,2024-01-02T08:00:00,1704182400.0,0.0,16.0,316.0,5.6,3.2,Clear Sky,c01n,800.0,4951257.0,Somerville,US,42.3876,-71.0995,MA,994971-99999,America/New_York
2024-01-02 03:15:00,,,,,-7.5,82.3,0.0,-8.6,0.0,0.0,-43.1,0.0,n,0.0,1015.0,2.1,66.0,1017.0,0.0,0.0,-3.2,2024-01-02T03:15:00,2024-01-02T08:15:00,1704183300.0,0.0,16.0,315.0,5.5,3.2,Clear Sky,c01n,800.0,4951257.0,Somerville,US,42.3876,-71.0995,MA,994971-99999,America/New_York
2024-01-02 03:30:00,,,,,-7.5,85.0,0.0,-8.6,0.0,0.0,-40.4,0.0,n,0.0,1015.0,2.1,66.0,1017.0,0.0,0.0,-3.2,2024-01-02T03:30:00,2024-01-02T08:30:00,1704184200.0,0.0,16.0,314.0,5.4,3.2,Clear Sky,c01n,800.0,4951257.0,Somerville,US,42.3876,-71.0995,MA,994971-99999,America/New_York
2024-01-02 03:45:00,,,,,-7.5,87.7,0.0,-8.6,0.0,0.0,-37.6,0.0,n,0.0,1015.0,2.1,66.0,1017.0,0.0,0.0,-3.2,2024-01-02T03:45:00,2024-01-02T08:45:00,1704185100.0,0.0,16.0,313.0,5.3,3.2,Clear Sky,c01n,800.0,4951257.0,Somerville,US,42.3876,-71.0995,MA,994971-99999,America/New_York
2024-01-02 04:00:00,,,,,-7.5,90.5,0.0,-8.8,0.0,0.0,-34.9,0.0,n,0.0,1015.0,2.1,65.0,1017.0,0.0,0.0,-3.2,2024-01-02T04:00:00,2024-01-02T09:00:00,1704186000.0,0.0,16.0,312.0,5.2,3.2,Clear Sky,c01n,800.0,4951257.0,Somerville,US,42.3876,-71.0995,MA,994971-99999,America/New_York
2024-01-02 04:15:00,,,,,-7.5,92.9,0.0,-8.6,0.0,0.0,-32.1,0.0,n,0.0,1015.0,2.1,66.0,1017.0,0.0,0.0,-3.1,2024-01-02T04:15:00,2024-01-02T09:15:00,1704186900.0,0.0,16.0,310.0,5.2,3.2,Clear Sky,c01n,800.0,4951257.0,Somerville,US,42.3876,-71.0995,MA,994971-99999,America/New_York
2024-01-02 04:30:00,,,,,-7.4,95.3,0.0,-8.2,0.0,0.0,-29.3,0.0,n,0.0,1015.0,2.1,68.0,1017.0,0.0,0.0,-3.1,2024-01-02T04:30:00,2024-01-02T09:30:00,1704187800.0,0.0,16.0,309.0,5.2,3.2,Clear Sky,c01n,800.0,4951257.0,Somerville,US,42.3876,-71.0995,MA,994971-99999,America/New_York
2024-01-02 04:45:00,,,,,-7.4,97.6,0.0,-7.7,0.0,0.0,-26.6,0.0,n,0.0,1015.0,2.1,70.0,1017.0,0.0,0.0,-3.0,2024-01-02T04:45:00,2024-01-02T09:45:00,1704188700.0,0.0,16.0,308.0,5.2,3.2,Clear Sky,c01n,800.0,4951257.0,Somerville,US,42.3876,-71.0995,MA,994971-99999,America/New_York
2024-01-02 05:00:00,,,,,-7.3,100.0,0.0,-7.5,0.0,0.0,-23.8,0.0,n,0.0,1015.0,2.1,71.0,1017.0,0.0,0.0,-3.0,2024-01-02T05:00:00,2024-01-02T10:00:00,1704189600.0,0.0,16.0,306.0,5.2,3.2,Clear Sky,c01n,800.0,4951257.0,Somerville,US,42.3876,-71.0995,MA,994971-99999,America/New_York
2024-01-02 05:15:00,,,,,-7.3,102.3,0.0,-7.5,0.0,0.0,-21.2,0.0,n,0.0,1015.0,2.1,71.0,1017.0,0.0,0.0,-3.0,2024-01-02T05:15:00,2024-01-02T10:15:00,1704190500.0,0.0,16.0,306.0,5.1,3.2,Clear Sky,c01n,800.0,4951257.0,Somerville,US,42.3876,-71.0995,MA,994971-99999,America/New_York
2024-01-02 05:30:00,,,,,-7.2,104.6,0.0,-7.5,0.0,0.0,-18.5,0.0,n,0.0,1015.0,2.1,71.0,1017.0,0.0,0.0,-3.0,2024-01-02T05:30:00,2024-01-02T10:30:00,1704191400.0,0.0,16.0,305.0,5.0,3.2,Clear Sky,c01n,800.0,4951257.0,Somerville,US,42.3876,-71.0995,MA,994971-99999,America/New_York
2024-01-02 05:45:00,,,,,-7.2,106.9,0.0,-7.4,0.0,0.0,-15.8,0.0,n,0.0,1015.0,2.1,71.0,1017.0,0.0,0.0,-2.9,2024-01-02T05:45:00,2024-01-02T10:45:00,1704192300.0,0.0,16.0,304.0,4.9,3.2,Clear Sky,c01n,800.0,4951257.0,Somerville,US,42.3876,-71.0995,MA,994971-99999,America/New_York
2024-01-02 06:00:00,,,,,-7.2,109.2,0.0,-7.4,0.0,0.0,-13.1,0.0,n,0.0,1015.0,2.1,71.0,1017.0,0.0,0.0,-2.9,2024-01-02T06:00:00,2024-01-02T11:00:00,1704193200.0,0.0,16.0,304.0,4.8,3.2,Clear Sky,c01n,800.0,4951257.0,Somerville,US,42.3876,-71.0995,MA,994971-99999,America/New_York
2024-01-02 06:15:00,,,,,-7.1,111.6,0.0,-7.4,0.0,0.0,-10.6,0.0,n,0.0,1015.0,2.1,71.0,1017.0,0.0,0.0,-2.9,2024-01-02T06:15:00,2024-01-02T11:15:00,1704194100.0,0.0,16.0,304.0,4.8,3.2,Clear Sky,c01n,800.0,4951257.0,Somerville,US,42.3876,-71.0995,MA,994971-99999,America/New_York
2024-01-02 06:30:00,,,,,-7.1,114.0,0.0,-7.3,0.0,0.0,-8.1,0.0,n,0.0,1015.0,2.1,71.0,1017.0,0.0,0.0,-2.8,2024-01-02T06:30:00,2024-01-02T11:30:00,1704195000.0,0.0,16.0,303.0,4.8,3.2,Clear Sky,c01n,800.0,4951257.0,Somerville,US,42.3876,-71.0995,MA,994971-99999,America/New_York
2024-01-02 06:45:00,,,,,-7.0,116.3,0.0,-7.3,0.0,0.0,-5.5,0.0,n,0.0,1015.0,2.1,71.0,1017.0,0.0,0.0,-2.8,2024-01-02T06:45:00,2024-01-02T11:45:00,1704195900.0,0.0,16.0,302.0,4.8,3.2,Clear Sky,c01n,800.0,4951257.0,Somerville,US,42.3876,-71.0995,MA,994971-99999,America/New_York
2024-01-02 07:00:00,,,,,-6.9,118.7,0.0,-7.2,0.0,0.0,-3.0,0.0,n,0.0,1015.0,2.1,71.0,1017.0,0.0,0.0,-2.7,2024-01-02T07:00:00,2024-01-02T12:00:00,1704196800.0,0.0,16.0,302.0,4.8,3.2,Clear Sky,c01n,800.0,4951257.0,Somerville,US,42.3876,-71.0995,MA,994971-99999,America/New_York
2024-01-02 07:15:00,,,,,-7.0,121.3,0.0,-7.3,10.0,90.0,-0.7,18.0,d,0.0,1015.0,2.1,71.0,1017.0,0.0,18.0,-2.8,2024-01-02T07:15:00,2024-01-02T12:15:00,1704197700.0,0.0,16.0,301.0,5.0,3.2,Clear Sky,c01n,800.0,4951257.0,Somerville,US,42.3876,-71.0995,MA,994971-99999,America/New_York
2024-01-02 07:30:00,-6.049757381384012,82.96960235533416,90.0,6.049757381384008,-7.1,123.9,0.0,-7.3,21.0,179.0,1.6,35.0,d,0.0,1015.0,2.1,71.0,1017.0,0.0,35.0,-2.8,2024-01-02T07:30:00,2024-01-02T12:30:00,1704198600.0,1.3,16.0,300.0,5.2,3.2,Clear Sky,c01n,800.0,4951257.0,Somerville,US,42.3876,-71.0995,MA,994971-99999,America/New_York
2024-01-02 07:45:00,-13.189098340738639,75.28344060732535,90.0,13.189098340738632,-7.1,126.4,0.0,-7.4,31.0,269.0,3.9,53.0,d,0.0,1015.0,2.1,71.0,1017.0,0.0,53.0,-2.9,2024-01-02T07:45:00,2024-01-02T12:45:00,1704199500.0,1.3,16.0,299.0,5.4,3.2,Clear Sky,c01d,800.0,4951257.0,Somerville,US,42.3876,-71.0995,MA,994971-99999,America/New_York
2024-01-02 08:00:00,-21.412414513152413,67.40257878094344,90.00000147877934,21.41241451315242,-7.2,129.0,0.0,-7.4,41.0,359.0,6.2,70.0,d,0.0,1015.0,2.1,71.0,1017.0,0.0,70.0,-2.9,2024-01-02T08:00:00,2024-01-02T13:00:00,1704200400.0,1.3,16.0,298.0,5.6,3.2,Clear Sky,c01d,800.0,4951257.0,Somerville,US,42.3876,-71.0995,MA,994971-99999,America/New_York
2024-01-02 08:15:00,-31.53321121892526,59.31448013561392,90.0,31.53321121892526,-6.7,131.9,0.0,-7.4,47.0,417.0,8.2,103.0,d,0.0,1015.0,2.1,69.0,1017.0,0.0,103.0,-2.5,2024-01-02T08:15:00,2024-01-02T13:15:00,1704201300.0,1.3,16.0,298.0,5.9,3.2,Clear Sky,c01d,800.0,4951257.0,Somerville,US,42.3876,-71.0995,MA,994971-99999,America/New_York
2024-01-02 08:30:00,-46.28685925578756,50.87792131109702,90.0,46.286859255787554,-6.3,134.8,0.0,-7.3,54.0,476.0,10.1,137.0,d,0.0,1015.0,2.1,68.0,1017.0,0.0,137.0,-2.2,2024-01-02T08:30:00,2024-01-02T13:30:00,1704202200.0,1.3,16.0,299.0,6.2,3.2,Clear Sky,c01d,800.0,4951257.0,Somerville,US,42.3876,-71.0995,MA,994971-99999,America/New_York
2024-01-02 08:45:00,-60.0,47.30555035967533,90.0,59.99999999999999,-5.9,137.7,0.0,-7.3,60.0,534.0,12.1,170.0,d,0.0,1015.0,2.1,66.0,1017.0,0.0,170.0,-1.9,2024-01-02T08:45:00,2024-01-02T13:45:00,1704203100.0,1.4,16.0,300.0,6.5,3.2,Clear Sky,c01d,800.0,4951257.0,Somerville,US,42.3876,-71.0995,MA,994971-99999,America/New_York
2024-01-02 09:00:00,-60.0,49.013697297757645,90.0,59.99999999999999,-5.5,140.6,0.0,-7.4,67.0,593.0,14.1,203.0,d,0.0,1015.0,2.1,64.0,1017.0,0.0,203.0,-1.5,2024-01-02T09:00:00,2024-01-02T14:00:00,1704204000.0,1.4,16.0,300.0,6.8,3.2,Clear Sky,c01d,800.0,4951257.0,Somerville,US,42.3876,-71.0995,MA,994971-99999,America/New_York
2024-01-02 09:15:00,-60.0,50.926045846252244,90.0,59.99999999999999,-4.9,143.8,0.0,-7.2,70.0,619.0,15.6,230.0,d,0.0,1015.0,2.1,63.0,1017.0,0.0,230.0,-1.0,2024-01-02T09:15:00,2024-01-02T14:15:00,1704204900.0,1.5,16.0,300.0,6.8,3.2,Clear Sky,c01d,800.0,4951257.0,Somerville,US,42.3876,-71.0995,MA,994971-99999,America/New_York
2024-01-02 09:30:00,-60.0,53.02086750986181,90.0,59.99999999999999,-4.3,147.1,0.0,-6.9,73.0,645.0,17.1,258.0,d,0.0,1015.0,2.1,62.0,1017.0,0.0,258.0,-0.6,2024-01-02T09:30:00,2024-01-02T14:30:00,1704205800.0,1.6,16.0,300.0,6.8,3.2,Clear Sky,c01d,800.0,4951257.0,Somerville,US,42.3876,-71.0995,MA,994971-99999,America/New_York
2024-01-02 09:45:00,-55.61873532620918,55.1611365201894,90.0,55.618735326209176,-3.8,150.3,0.0,-6.9,77.0,671.0,18.6,286.0,d,0.0,1015.0,2.1,60.0,1017.0,0.0,286.0,-0.1,2024-01-02T09:45:00,2024-01-02T14:45:00,1704206700.0,1.7,16.0,300.0,6.8,3.2,Clear Sky,c01d,800.0,4951257.0,Somerville,US,42.3876,-71.0995,MA,994971-99999,America/New_York
2024-01-02 10:00:00,-50.591048714628315,57.181536745175706,90.0,50.591048714628315,-3.2,153.6,0.0,-6.7,80.0,697.0,20.1,313.0,d,0.0,1015.0,2.1,59.0,1017.0,0.0,313.0,0.4,2024-01-02T10:00:00,2024-01-02T15:00:00,1704207600.0,1.8,16.0,300.0,6.8,3.2,Clear Sky,c01d,800.0,4951257.0,Somerville,US,42.3876,-71.0995,MA,994971-99999,America/New_York
2024-01-02 10:15:00,-45.099689828240265,59.054517557630064,90.0,45.099689828240265,-2.9,157.1,0.0,-6.7,82.0,709.0,21.0,330.0,d,0.0,1015.0,2.1,58.0,1017.0,0.0,330.0,0.6,2024-01-02T10:15:00,2024-01-02T15:15:00,1704208500.0,1.8,16.0,299.0,6.7,3.1,Clear Sky,c01d,800.0,4951257.0,Somerville,US,42.3876,-71.0995,MA,994971-99999,America/New_York
2024-01-02 10:30:00,-39.099495732627105,60.74845669163183,90.0,39.099495732627105,-2.6,160.7,0.0,-7.0,84.0,721.0,22.0,347.0,d,0.0,1015.0,2.1,56.0,1017.0,0.0,347.0,0.8,2024-01-02T10:30:00,2024-01-02T15:30:00,1704209400.0,1.9,16.0,298.0,6.6,3.0,Clear Sky,c01d,800.0,4951257.0,Somerville,US,42.3876,-71.0995,MA,994971-99999,America/New_York
2024-01-02 10:45:00,-32.56192031057895,62.22766270455127,90.0,32.56192031057895,-2.3,164.3,0.0,-7.3,86.0,733.0,22.9,364.0,d,0.0,1014.0,2.1,54.0,1016.0,0.0,364.0,0.9,2024-01-02T10:45:00,2024-01-02T15:45:00,1704210300.0,2.0,16.0,297.0,6.5,2.9,Clear Sky,c01d,800.0,4951257.0,Somerville,US,42.3876,-71.0995,MA,994971-99999,America/New_York
2024-01-02 11:00:00,-25.48828726531857,63.45372999950754,90.00000120741826,25.488287265318576,-2.0,167.9,0.0,-7.4,87.0,745.0,23.8,381.0,d,0.0,1014.0,2.1,53.0,1016.0,0.0,381.0,1.1,2024-01-02T11:00:00,2024-01-02T16:00:00,1704211200.0,2.1,16.0,296.0,6.4,2.8,Clear Sky,c01d,800.0,4951257.0,Somerville,US,42.3876,-71.0995,MA,994971-99999,America/New_York
2024-01-02 11:15:00,-17.924233942341672,64.38826779656634,90.0,17.924233942341672,-1.6,171.7,0.0,-7.6,88.0,748.0,24.0,385.0,d,0.0,1014.0,2.1,51.0,1016.0,0.0,385.0,1.4,2024-01-02T11:15:00,2024-01-02T16:15:00,1704212100.0,2.1,16.0,294.0,6.4,2.7,Clear Sky,c01d,800.0,4951257.0,Somerville,US,42.3876,-71.0995,MA,994971-99999,America/New_York
2024-01-02 11:30:00,-9.970194552861827,64.99706469446785,90.00000269986933,9.970194552861837,-1.1,175.5,0.0,-7.8,88.0,750.0,24.2,389.0,d,0.0,1014.0,2.1,49.0,1016.0,0.0,389.0,1.7,2024-01-02T11:30:00,2024-01-02T16:30:00,1704213000.0,2.1,16.0,293.0,6.4,2.6,Clear Sky,c01d,800.0,4951257.0,Somerville,US,42.3876,-71.0995,MA,994971-99999,America/New_York
2024-01-02 11:45:00,-1.7808001788980086,65.25511343630758,90.0,1.780800178897964,-0.7,179.2,0.0,-8.1,88.0,753.0,24.5,393.0,d,0.0,1013.0,2.1,47.0,1015.0,0.0,393.0,2.0,2024-01-02T11:45:00,2024-01-02T16:45:00,1704213900.0,2.2,16.0,292.0,6.4,2.5,Clear Sky,c01d,800.0,4951257.0,Somerville,US,42.3876,-71.0995,MA,994971-99999,America/New_York
2024-01-02 12:00:00,6.451769197189134,65.15108155567137,270.0,6.45176919718911,-0.2,183.0,0.0,-8.4,89.0,755.0,24.7,397.0,d,0.0,1013.0,2.1,45.0,1015.0,0.0,397.0,2.3,2024-01-02T12:00:00,2024-01-02T17:00:00,1704214800.0,2.2,16.0,290.0,6.4,2.4,Clear Sky,c01d,800.0,4951257.0,Somerville,US,42.3876,-71.0995,MA,994971-99999,America/New_York
2024-01-02 12:15:00,14.528033613581355,64.68957586058318,269.9999987925817,14.528033613581359,0.1,186.8,0.0,-8.5,88.0,749.0,24.2,388.0,d,0.0,1013.0,2.1,44.0,1015.0,0.0,388.0,2.5,2024-01-02T12:15:00,2024-01-02T17:15:00,1704215700.0,2.1,16.0,290.0,6.3,2.4,Clear Sky,c01d,800.0,4951257.0,Somerville,US,42.3876,-71.0995,MA,994971-99999,America/New_York
2024-01-02 12:30:00,22.274323227898286,63.89020377207914,269.9999985212207,22.274323227898293,0.4,190.5,0.0,-8.2,87.0,743.0,23.7,379.0,d,0.0,1013.0,2.1,44.0,1015.0,0.0,379.0,2.8,2024-01-02T12:30:00,2024-01-02T17:30:00,1704216600.0,2.1,16.0,289.0,6.2,2.4,Clear Sky,c01d,800.0,4951257.0,Somerville,US,42.3876,-71.0995,MA,994971-99999,America/New_York
2024-01-02 12:45:00,29.566086798800804,62.78385455546773,269.9999987925817,29.56608679880081,0.7,194.2,0.0,-8.0,86.0,737.0,23.2,369.0,d,0.0,1012.0,2.1,44.0,1014.0,0.0,369.0,3.0,2024-01-02T12:45:00,2024-01-02T17:45:00,1704217500.0,2.0,16.0,288.0,6.1,2.4,Clear Sky,c01d,800.0,4951257.0,Somerville,US,42.3876,-71.0995,MA,994971-99999,America/New_York
2024-01-02 13:00:00,36.33507085430877,61.40770756834648,270.0,36.33507085430876,1.0,197.9,0.0,-8.1,85.0,731.0,22.7,360.0,d,0.0,1012.0,2.1,43.0,1014.0,0.0,360.0,3.3,2024-01-02T13:00:00,2024-01-02T18:00:00,1704218400.0,2.0,16.0,288.0,7.7,2.4,Clear Sky,c01d,800.0,4951257.0,Somerville,US,42.3876,-71.0995,MA,994971-99999,America/New_York
2024-01-02 13:15:00,42.5627012052096,59.800575632152636,269.99999914622634,42.562701205209606,1.3,201.4,0.0,-7.8,83.0,715.0,21.5,338.0,d,0.0,1012.0,2.1,43.0,1014.0,0.0,338.0,3.5,2024-01-02T13:15:00,2024-01-02T18:15:00,1704219300.0,1.9,16.0,286.0,7.7,2.4,Clear Sky,c01d,800.0,4951257.0,Somerville,US,42.3876,-71.0995,MA,994971-99999,America/New_York
2024-01-02 13:30:00,48.26653130584178,57.99954453677473,269.99999914622634,48.26653130584179,1.6,204.9,0.0,-7.9,81.0,698.0,20.3,317.0,d,0.0,1012.0,2.1,42.0,1014.0,0.0,317.0,3.8,2024-01-02T13:30:00,2024-01-02T18:30:00,1704220200.0,1.8,16.0,284.0,5.6,2.4,Clear Sky,c01d,800.0,4951257.0,Somerville,US,42.3876,-71.0995,MA,994971-99999,America/New_York
2024-01-02 13:45:00,53.4860472774856,56.03806366146407,270.0,53.4860472774856,1.9,208.3,0.0,-7.7,78.0,681.0,19.2,295.0,d,0.0,1012.0,2.1,42.0,1014.0,0.0,295.0,4.0,2024-01-02T13:45:00,2024-01-02T18:45:00,1704221100.0,1.7,16.0,282.0,5.4,2.4,Clear Sky,c01d,800.0,4951257.0,Somerville,US,42.3876,-71.0995,MA,994971-99999,America/New_York
2024-01-02 14:00:00,58.27124641069121,53.94521016240424,270.0,58.27124641069121,2.2,211.8,0.0,-7.5,76.0,665.0,18.0,274.0,d,0.0,1012.0,2.1,42.0,1014.0,0.0,274.0,4.3,2024-01-02T14:00:00,2024-01-02T19:00:00,1704222000.0,1.6,16.0,280.0,5.2,2.4,Clear Sky,c01d,800.0,4951257.0,Somerville,US,42.3876,-71.0995,MA,994971-99999,America/New_York
2024-01-02 14:15:00,60.0,51.79491070645034,270.0,59.99999999999999,2.4,214.9,0.0,-7.4,71.0,630.0,16.3,243.0,d,0.0,1012.0,2.1,42.0,1014.0,0.0,243.0,4.4,2024-01-02T14:15:00,2024-01-02T19:15:00,1704222900.0,1.5,16.0,277.0,7.7,2.2,Clear Sky,c01d,800.0,4951257.0,Somerville,US,42.3876,-71.0995,MA,994971-99999,America/New_York
2024-01-02 14:30:00,60.0,49.79890972873661,270.0,59.99999999999999,2.7,218.0,0.0,-7.6,67.0,594.0,14.6,213.0,d,0.0,1012.0,2.1,41.0,1014.0,0.0,213.0,4.4,2024-01-02T14:30:00,2024-01-02T19:30:00,1704223800.0,1.5,16.0,274.0,4.0,2.0,Clear Sky,c01d,800.0,4951257.0,Somerville,US,42.3876,-71.0995,MA,994971-99999,America/New_York
2024-01-02 14:45:00,60.0,47.99752207743359,270.0,59.99999999999999,3.0,221.1,1.0,-7.9,63.0,559.0,12.9,182.0,d,0.0,1012.0,2.1,40.0,1014.0,0.0,182.0,4.5,2024-01-02T14:45:00,2024-01-02T19:45:00,1704224700.0,1.4,16.0,271.0,3.4,1.8,Clear Sky,c01d,800.0,4951257.0,Somerville,US,42.3876,-71.0995,MA,994971-99999,America/New_York
2024-01-02 15:00:00,57.81467610659075,46.97153159197767,270.0,57.81467610659075,3.3,224.2,1.0,-7.8,58.0,524.0,11.2,151.0,d,0.0,1012.0,2.1,40.0,1014.0,0.0,151.0,4.6,2024-01-02T15:00:00,2024-01-02T20:00:00,1704225600.0,1.3,16.0,268.0,7.7,1.6,Clear Sky,c01d,800.0,4951257.0,Somerville,US,42.3876,-71.0995,MA,994971-99999,America/New_York
2024-01-02 15:15:00,37.09858995696001,55.640143998937155,270.0,37.09858995696001,3.1,227.0,1.0,-7.5,50.0,437.0,9.0,119.0,d,0.0,1012.0,2.1,41.0,1014.0,0.0,119.0,4.6,2024-01-02T15:15:00,2024-01-02T20:15:00,1704226500.0,1.3,16.0,266.0,7.7,1.8,Clear Sky,c01d,800.0,4951257.0,Somerville,US,42.3876,-71.0995,MA,994971-99999,America/New_York
2024-01-02 15:30:00,25.548991468396572,63.858019653033026,270.0,25.54899146839657,2.9,229.7,0.0,-7.2,41.0,350.0,6.9,87.0,d,0.0,1012.0,2.1,42.0,1014.0,0.0,87.0,4.6,2024-01-02T15:30:00,2024-01-02T20:30:00,1704227400.0,1.3,16.0,265.0,3.2,2.0,Clear Sky,c01d,800.0,4951257.0,Somerville,US,42.3876,-71.0995,MA,994971-99999,America/New_York
2024-01-02 15:45:00,16.650771905992883,71.81980577736248,270.0,16.650771905992883,2.7,232.5,0.0,-6.9,33.0,263.0,4.8,55.0,d,0.0,1011.0,2.1,43.0,1013.0,0.0,55.0,4.6,2024-01-02T15:45:00,2024-01-02T20:45:00,1704228300.0,1.3,16.0,264.0,3.4,2.2,Clear Sky,c01d,800.0,4951257.0,Somerville,US,42.3876,-71.0995,MA,994971-99999,America/New_York
2024-01-02 16:00:00,9.090583905088891,79.60241297114979,269.9999964798011,9.09058390508891,2.5,235.2,0.0,-6.6,24.0,176.0,2.7,23.0,d,0.0,1011.0,2.1,44.0,1013.0,0.0,47.0,4.6,2024-01-02T16:00:00,2024-01-02T21:00:00,1704229200.0,1.3,16.0,262.0,3.6,2.4,Clear Sky,c01n,800.0,4951257.0,Somerville,US,42.3876,-71.0995,MA,994971-99999,America/New_York
2024-01-02 16:15:00,2.459468295045795,87.08843414955739,270.0,2.4594682950457534,2.5,237.7,0.0,-5.8,18.0,132.0,0.3,17.0,d,0.0,1011.0,2.1,47.0,1013.0,0.0,35.0,4.5,2024-01-02T16:15:00,2024-01-02T21:15:00,1704230100.0,1.3,16.0,254.0,3.6,2.3,Clear Sky,c01n,800.0,4951257.0,Somerville,US,42.3876,-71.0995,MA,994971-99999,America/New_York
2024-01-02 16:30:00,,,,,2.6,240.2,0.0,-5.0,12.0,88.0,-2.1,12.0,d,0.0,1011.0,2.1,50.0,1013.0,0.0,12.0,4.5,2024-01-02T16:30:00,2024-01-02T21:30:00,1704231000.0,0.0,16.0,247.0,3.6,2.2,Clear Sky,c01n,800.0,4951257.0,Somerville,US,42.3876,-71.0995,MA,994971-99999,America/New_York
2024-01-02 16:45:00,,,,,2.6,242.7,0.0,-4.5,6.0,44.0,-4.5,6.0,d,0.0,1011.0,2.1,52.0,1013.0,0.0,6.0,4.5,2024-01-02T16:45:00,2024-01-02T21:45:00,1704231900.0,0.0,16.0,240.0,3.6,2.1,Clear Sky,c01n,800.0,4951257.0,Somerville,US,42.3876,-71.0995,MA,994971-99999,America/New_York
2024-01-02 17:00:00,,,,,2.7,245.2,0.0,-3.8,0.0,0.0,-6.9,0.0,n,0.0,1011.0,2.1,55.0,1013.0,0.0,0.0,4.4,2024-01-02T17:00:00,2024-01-02T22:00:00,1704232800.0,0.0,16.0,232.0,3.6,2.0,Clear Sky,c01n,800.0,4951257.0,Somerville,US,42.3876,-71.0995,MA,994971-99999,America/New_York
2024-01-02 17:15:00,,,,,2.5,247.5,0.0,-3.6,0.0,0.0,-9.5,0.0,n,0.0,1011.0,2.1,56.0,1013.0,0.0,0.0,4.3,2024-01-02T17:15:00,2024-01-02T22:15:00,1704233700.0,0.0,16.0,234.0,3.5,2.1,Clear Sky,c01n,800.0,4951257.0,Somerville,US,42.3876,-71.0995,MA,994971-99999,America/New_York
2024-01-02 17:30:00,,,,,2.3,249.8,0.0,-3.4,0.0,0.0,-12.1,0.0,n,0.0,1011.0,2.1,57.0,1013.0,0.0,0.0,4.3,2024-01-02T17:30:00,2024-01-02T22:30:00,1704234600.0,0.0,16.0,237.0,3.4,2.2,Clear Sky,c01n,800.0,4951257.0,Somerville,US,42.3876,-71.0995,MA,994971-99999,America/New_York
2024-01-02 17:45:00,,,,,2.2,252.2,0.0,-3.3,0.0,0.0,-14.7,0.0,n,0.0,1011.0,2.1,58.0,1013.0,0.0,0.0,4.3,2024-01-02T17:45:00,2024-01-02T22:45:00,1704235500.0,0.0,16.0,240.0,3.3,2.3,Clear Sky,c01n,800.0,4951257.0,Somerville,US,42.3876,-71.0995,MA,994971-99999,America/New_York
2024-01-02 18:00:00,,,,,2.0,254.5,0.0,-3.1,0.0,0.0,-17.3,0.0,n,0.0,1012.0,2.1,59.0,1014.0,0.0,0.0,4.2,2024-01-02T18:00:00,2024-01-02T23:00:00,1704236400.0,0.0,16.0,242.0,3.2,2.4,Clear Sky,c01n,800.0,4951257.0,Somerville,US,42.3876,-71.0995,MA,994971-99999,America/New_York
2024-01-02 18:15:00,,,,,1.9,256.8,0.0,-2.9,0.0,0.0,-20.0,0.0,n,0.0,1011.0,2.1,60.0,1013.0,0.0,0.0,4.2,2024-01-02T18:15:00,2024-01-02T23:15:00,1704237300.0,0.0,16.0,244.0,3.4,2.5,Clear Sky,c01n,800.0,4951257.0,Somerville,US,42.3876,-71.0995,MA,994971-99999,America/New_York
2024-01-02 18:30:00,,,,,1.7,259.1,0.0,-2.5,0.0,0.0,-22.7,0.0,n,0.0,1011.0,2.1,62.0,1013.0,0.0,0.0,4.1,2024-01-02T18:30:00,2024-01-02T23:30:00,1704238200.0,0.0,16.0,245.0,3.6,2.6,Clear Sky,c01n,800.0,4951257.0,Somerville,US,42.3876,-71.0995,MA,994971-99999,America/New_York
2024-01-02 18:45:00,,,,,1.6,261.4,0.0,-2.3,0.0,0.0,-25.4,0.0,n,0.0,1011.0,2.1,63.0,1013.0,0.0,0.0,4.0,2024-01-02T18:45:00,2024-01-02T23:45:00,1704239100.0,0.0,16.0,246.0,3.8,2.7,Clear Sky,c01n,800.0,4951257.0,Somerville,US,42.3876,-71.0995,MA,994971-99999,America/New_York
2024-01-02 19:00:00,,,,,1.5,263.7,0.0,-2.2,0.0,0.0,-28.2,0.0,n,0.0,1011.0,2.1,64.0,1013.0,0.0,0.0,4.0,2024-01-02T19:00:00,2024-01-03T00:00:00,1704240000.0,0.0,16.0,248.0,4.0,2.8,Clear Sky,c01n,800.0,4951257.0,Somerville,US,42.3876,-71.0995,MA,994971-99999,America/New_York
2024-01-02 19:15:00,,,,,1.3,266.2,0.0,-2.1,0.0,0.0,-30.9,0.0,n,0.0,1011.0,2.1,65.0,1013.0,0.0,0.0,3.9,2024-01-02T19:15:00,2024-01-03T00:15:00,1704240900.0,0.0,16.0,249.0,4.1,2.9,Clear Sky,c01n,800.0,4951257.0,Somerville,US,42.3876,-71.0995,MA,994971-99999,America/New_York
2024-01-02 19:30:00,,,,,1.1,268.7,0.0,-2.0,0.0,0.0,-33.7,0.0,n,0.0,1011.0,2.1,66.0,1013.0,0.0,0.0,3.8,2024-01-02T19:30:00,2024-01-03T00:30:00,1704241800.0,0.0,16.0,250.0,4.2,3.0,Clear Sky,c01n,800.0,4951257.0,Somerville,US,42.3876,-71.0995,MA,994971-99999,America/New_York
2024-01-02 19:45:00,,,,,0.9,271.2,0.0,-1.8,0.0,0.0,-36.5,0.0,n,0.0,1011.0,2.1,67.0,1013.0,0.0,0.0,3.7,2024-01-02T19:45:00,2024-01-03T00:45:00,1704242700.0,0.0,16.0,251.0,4.3,3.1,Clear Sky,c01n,800.0,4951257.0,Somerville,US,42.3876,-71.0995,MA,994971-99999,America/New_York
2024-01-02 20:00:00,,,,,0.7,273.7,0.0,-1.7,0.0,0.0,-39.2,0.0,n,0.0,1011.0,2.1,68.0,1013.0,0.0,0.0,3.6,2024-01-02T20:00:00,2024-01-03T01:00:00,1704243600.0,0.0,16.0,252.0,4.4,3.2,Clear Sky,c01n,800.0,4951257.0,Somerville,US,42.3876,-71.0995,MA,994971-99999,America/New_York
2024-01-02 20:15:00,,,,,0.5,276.7,0.0,-1.5,0.0,0.0,-41.9,0.0,n,0.0,1011.0,2.1,70.0,1013.0,0.0,0.0,3.5,2024-01-02T20:15:00,2024-01-03T01:15:00,1704244500.0,0.0,16.0,254.0,4.6,3.2,Clear Sky,c01n,800.0,4951257.0,Somerville,US,42.3876,-71.0995,MA,994971-99999,America/New_York
2024-01-02 20:30:00,,,,,0.3,279.7,0.0,-1.4,0.0,0.0,-44.7,0.0,n,0.0,1011.0,2.1,71.0,1013.0,0.0,0.0,3.3,2024-01-02T20:30:00,2024-01-03T01:30:00,1704245400.0,0.0,16.0,255.0,4.8,3.2,Clear Sky,c01n,800.0,4951257.0,Somerville,US,42.3876,-71.0995,MA,994971-99999,America/New_York
2024-01-02 20:45:00,,,,,0.1,282.7,0.0,-1.4,0.0,0.0,-47.4,0.0,n,0.0,1011.0,2.1,72.0,1013.0,0.0,0.0,3.1,2024-01-02T20:45:00,2024-01-03T01:45:00,1704246300.0,0.0,16.0,256.0,5.0,3.2,Clear Sky,c01n,800.0,4951257.0,Somerville,US,42.3876,-71.0995,MA,994971-99999,America/New_York
2024-01-02 21:00:00,,,,,-0.1,285.7,0.0,-1.2,0.0,0.0,-50.1,0.0,n,0.0,1011.0,2.1,74.0,1013.0,0.0,0.0,3.0,2024-01-02T21:00:00,2024-01-03T02:00:00,1704247200.0,0.0,16.0,258.0,5.2,3.2,Clear Sky,c01n,800.0,4951257.0,Somerville,US,42.3876,-71.0995,MA,994971-99999,America/New_York
2024-01-02 21:15:00,,,,,-0.2,289.9,0.0,-1.3,0.0,0.0,-52.7,0.0,n,0.0,1011.0,2.1,74.0,1013.0,0.0,0.0,2.9,2024-01-02T21:15:00,2024-01-03T02:15:00,1704248100.0,0.0,16.0,260.0,5.2,3.2,Clear Sky,c01n,800.0,4951257.0,Somerville,US,42.3876,-71.0995,MA,994971-99999,America/New_York
2024-01-02 21:30:00,,,,,-0.4,294.0,0.0,-1.4,0.0,0.0,-55.2,0.0,n,0.0,1011.0,2.1,74.0,1013.0,0.0,0.0,2.8,2024-01-02T21:30:00,2024-01-03T02:30:00,1704249000.0,0.0,16.0,261.0,5.2,3.2,Clear Sky,c01n,800.0,4951257.0,Somerville,US,42.3876,-71.0995,MA,994971-99999,America/New_York
2024-01-02 21:45:00,,,,,-0.5,298.2,0.0,-1.5,0.0,0.0,-57.7,0.0,n,0.0,1011.0,2.1,74.0,1013.0,0.0,0.0,2.6,2024-01-02T21:45:00,2024-01-03T02:45:00,1704249900.0,0.0,16.0,262.0,5.2,3.2,Clear Sky,c01n,800.0,4951257.0,Somerville,US,42.3876,-71.0995,MA,994971-99999,America/New_York
2024-01-02 22:00:00,,,,,-0.7,302.3,0.0,-1.7,0.0,0.0,-60.3,0.0,n,0.0,1011.0,2.1,74.0,1013.0,0.0,0.0,2.5,2024-01-02T22:00:00,2024-01-03T03:00:00,1704250800.0,0.0,16.0,264.0,5.2,3.2,Clear Sky,c01n,800.0,4951257.0,Somerville,US,42.3876,-71.0995,MA,994971-99999,America/New_York
2024-01-02 22:15:00,,,,,-0.8,309.0,0.0,-1.8,0.0,0.0,-62.2,0.0,n,0.0,1011.0,2.1,74.0,1013.0,0.0,0.0,2.4,2024-01-02T22:15:00,2024-01-03T03:15:00,1704251700.0,0.0,16.0,265.0,5.2,3.2,Clear Sky,c01n,800.0,4951257.0,Somerville,US,42.3876,-71.0995,MA,994971-99999,America/New_York
2024-01-02 22:30:00,,,,,-1.0,315.6,0.0,-1.9,0.0,0.0,-64.2,0.0,n,0.0,1011.0,2.1,74.0,1013.0,0.0,0.0,2.2,2024-01-02T22:30:00,2024-01-03T03:30:00,1704252600.0,0.0,16.0,266.0,5.2,3.2,Clear Sky,c01n,800.0,4951257.0,Somerville,US,42.3876,-71.0995,MA,994971-99999,America/New_York
2024-01-02 22:45:00,,,,,-1.2,322.3,0.0,-2.1,0.0,0.0,-66.1,0.0,n,0.0,1011.0,2.1,74.0,1013.0,0.0,0.0,2.0,2024-01-02T22:45:00,2024-01-03T03:45:00,1704253500.0,0.0,16.0,267.0,5.2,3.2,Clear Sky,c01n,800.0,4951257.0,Somerville,US,42.3876,-71.0995,MA,994971-99999,America/New_York
2024-01-02 23:00:00,,,,,-1.4,328.9,0.0,-2.2,0.0,0.0,-68.1,0.0,n,0.0,1011.0,2.1,74.0,1013.0,0.0,0.0,1.9,2024-01-02T23:00:00,2024-01-03T04:00:00,1704254400.0,0.0,16.0,268.0,5.2,3.2,Clear Sky,c01n,800.0,4951257.0,Somerville,US,42.3876,-71.0995,MA,994971-99999,America/New_York
2024-01-02 23:15:00,,,,,-1.5,248.7,0.0,-2.3,0.0,0.0,-68.7,0.0,n,0.0,1011.0,2.1,74.0,1013.0,0.0,0.0,1.9,2024-01-02T23:15:00,2024-01-03T04:15:00,1704255300.0,0.0,16.0,270.0,5.2,3.3,Clear Sky,c01n,800.0,4951257.0,Somerville,US,42.3876,-71.0995,MA,994971-99999,America/New_York
2024-01-02 23:30:00,,,,,-1.7,168.5,0.0,-2.2,0.0,0.0,-69.2,0.0,n,0.0,1011.0,2.1,75.0,1013.0,0.0,0.0,1.8,2024-01-02T23:30:00,2024-01-03T04:30:00,1704256200.0,0.0,16.0,272.0,5.2,3.4,Clear Sky,c01n,800.0,4951257.0,Somerville,US,42.3876,-71.0995,MA,994971-99999,America/New_York
2024-01-02 23:45:00,,,,,-1.8,88.3,0.0,-2.0,0.0,0.0,-69.8,0.0,n,0.0,1010.0,2.1,76.0,1012.0,0.0,0.0,1.8,2024-01-02T23:45:00,2024-01-03T04:45:00,1704257100.0,0.0,16.0,274.0,5.2,3.5,Clear Sky,c01n,800.0,4951257.0,Somerville,US,42.3876,-71.0995,MA,994971-99999,America/New_York
2024-01-03 00:00:00,,,,,-1.9,8.0,0.0,-2.1,0.0,0.0,-70.4,0.0,n,0.0,1010.0,2.1,76.0,1012.0,0.0,0.0,1.7,2024-01-03T00:00:00,2024-01-03T05:00:00,1704258000.0,0.0,16.0,276.0,5.2,3.6,Clear Sky,c01n,800.0,4951257.0,Somerville,US,42.3876,-71.0995,MA,994971-99999,America/New_York
2024-01-03 00:15:00,,,,,-2.1,16.8,0.0,-2.2,0.0,0.0,-69.1,0.0,n,0.0,1010.0,2.1,76.0,1012.0,0.0,0.0,1.6,2024-01-03T00:15:00,2024-01-03T05:15:00,1704258900.0,0.0,16.0,278.0,5.3,3.6,Clear Sky,c01n,800.0,4951257.0,Somerville,US,42.3876,-71.0995,MA,994971-99999,America/New_York
2024-01-03 00:30:00,,,,,-2.2,25.5,0.0,-2.3,0.0,0.0,-67.9,0.0,n,0.0,1010.0,2.1,76.0,1012.0,0.0,0.0,1.4,2024-01-03T00:30:00,2024-01-03T05:30:00,1704259800.0,0.0,16.0,280.0,5.4,3.6,Clear Sky,c01n,800.0,4951257.0,Somerville,US,42.3876,-71.0995,MA,994971-99999,America/New_York
2024-01-03 00:45:00,,,,,-2.4,34.3,0.0,-2.4,0.0,0.0,-66.7,0.0,n,0.0,1010.0,2.1,76.0,1012.0,0.0,0.0,1.3,2024-01-03T00:45:00,2024-01-03T05:45:00,1704260700.0,0.0,16.0,282.0,5.5,3.6,Clear Sky,c01n,800.0,4951257.0,Somerville,US,42.3876,-71.0995,MA,994971-99999,America/New_York
2024-01-03 01:00:00,,,,,-2.5,43.1,0.0,-2.5,0.0,0.0,-65.5,0.0,n,0.0,1010.0,2.1,76.0,1012.0,0.0,0.0,1.2,2024-01-03T01:00:00,2024-01-03T06:00:00,1704261600.0,0.0,16.0,284.0,5.6,3.6,Clear Sky,c01n,800.0,4951257.0,Somerville,US,42.3876,-71.0995,MA,994971-99999,America/New_York
2024-01-03 01:15:00,,,,,-2.7,48.5,2.0,-2.6,0.0,0.0,-63.2,0.0,n,0.0,1010.0,2.1,76.0,1012.0,0.0,0.0,1.1,2024-01-03T01:15:00,2024-01-03T06:15:00,1704262500.0,0.0,16.0,286.0,5.8,3.7,Few clouds,c02n,801.0,4951257.0,Somerville,US,42.3876,-71.0995,MA,994971-99999,America/New_York
2024-01-03 01:30:00,,,,,-2.8,54.0,4.0,-2.8,0.0,0.0,-61.0,0.0,n,0.0,1010.0,2.1,75.0,1012.0,0.0,0.0,1.1,2024-01-03T01:30:00,2024-01-03T06:30:00,1704263400.0,0.0,16.0,289.0,6.0,3.8,Few clouds,c02n,801.0,4951257.0,Somerville,US,42.3876,-71.0995,MA,994971-99999,America/New_York
2024-01-03 01:45:00,,,,,-2.9,59.5,7.0,-3.1,0.0,0.0,-58.7,0.0,n,0.0,1011.0,2.1,74.0,1013.0,0.0,0.0,1.1,2024-01-03T01:45:00,2024-01-03T06:45:00,1704264300.0,0.0,16.0,292.0,6.2,3.9,Few clouds,c02n,801.0,4951257.0,Somerville,US,42.3876,-71.0995,MA,994971-99999,America/New_York
2024-01-03 02:00:00,,,,,-3.1,65.0,9.0,-3.1,0.0,0.0,-56.5,0.0,n,0.0,1011.0,2.1,74.0,1013.0,0.0,0.0,1.0,2024-01-03T02:00:00,2024-01-03T07:00:00,1704265200.0,0.0,16.0,294.0,6.4,4.0,Few clouds,c02n,801.0,4951257.0,Somerville,US,42.3876,-71.0995,MA,994971-99999,America/New_York
2024-01-03 02:15:00,,,,,-3.1,68.5,16.0,-3.1,0.0,0.0,-53.8,0.0,n,0.0,1011.0,2.1,74.0,1013.0,0.0,0.0,1.0,2024-01-03T02:15:00,2024-01-03T07:15:00,1704266100.0,0.0,16.0,296.0,6.4,4.0,Few clouds,c02n,801.0,4951257.0,Somerville,US,42.3876,-71.0995,MA,994971-99999,America/New_York
2024-01-03 02:30:00,,,,,-3.1,72.1,24.0,-3.0,0.0,0.0,-51.2,0.0,n,0.0,1011.0,2.1,75.0,1013.0,0.0,0.0,0.9,2024-01-03T02:30:00,2024-01-03T07:30:00,1704267000.0,0.0,16.0,297.0,6.4,4.0,Scattered clouds,c02n,802.0,4951257.0,Somerville,US,42.3876,-71.0995,MA,994971-99999,America/New_York
2024-01-03 02:45:00,,,,,-3.2,75.7,32.0,-2.8,0.0,0.0,-48.5,0.0,n,0.0,1011.0,2.1,76.0,1013.0,0.0,0.0,0.9,2024-01-03T02:45:00,2024-01-03T07:45:00,1704267900.0,0.0,16.0,298.0,6.4,4.0,Scattered clouds,c02n,802.0,4951257.0,Somerville,US,42.3876,-71.0995,MA,994971-99999,America/New_York
2024-01-03 03:00:00,,,,,-3.2,79.3,39.0,-2.8,0.0,0.0,-45.9,0.0,n,0.0,1011.0,2.1,76.0,1013.0,0.0,0.0,0.9,2024-01-03T03:00:00,2024-01-03T08:00:00,1704268800.0,0.0,16.0,300.0,6.4,4.0,Scattered clouds,c02n,802.0,4951257.0,Somerville,US,42.3876,-71.0995,MA,994971-99999,America/New_York
2024-01-03 03:15:00,,,,,-3.2,82.1,46.0,-2.9,0.0,0.0,-43.2,0.0,n,0.0,1011.0,2.1,76.0,1013.0,0.0,0.0,0.9,2024-01-03T03:15:00,2024-01-03T08:15:00,1704269700.0,0.0,16.0,300.0,6.4,4.0,Broken clouds,c03n,803.0,4951257.0,Somerville,US,42.3876,-71.0995,MA,994971-99999,America/New_York
2024-01-03 03:30:00,,,,,-3.2,84.8,52.0,-2.7,0.0,0.0,-40.4,0.0,n,0.0,1011.0,2.1,77.0,1013.0,0.0,0.0,0.8,2024-01-03T03:30:00,2024-01-03T08:30:00,1704270600.0,0.0,16.0,301.0,6.4,4.0,Broken clouds,c03n,803.0,4951257.0,Somerville,US,42.3876,-71.0995,MA,994971-99999,America/New_York
2024-01-03 03:45:00,,,,,-3.3,87.6,58.0,-2.6,0.0,0.0,-37.6,0.0,n,0.0,1011.0,2.1,78.0,1013.0,0.0,0.0,0.8,2024-01-03T03:45:00,2024-01-03T08:45:00,1704271500.0,0.0,16.0,302.0,6.4,4.0,Broken clouds,c03n,803.0,4951257.0,Somerville,US,42.3876,-71.0995,MA,994971-99999,America/New_York
2024-01-03 04:00:00,,,,,-3.3,90.3,65.0,-2.6,0.0,0.0,-34.9,0.0,n,0.0,1011.0,2.1,78.0,1013.0,0.0,0.0,0.8,2024-01-03T04:00:00,2024-01-03T09:00:00,1704272400.0,0.0,16.0,302.0,6.4,4.0,Broken clouds,c03n,803.0,4951257.0,Somerville,US,42.3876,-71.0995,MA,994971-99999,America/New_York
2024-01-03 04:15:00,,,,,-3.3,92.7,71.0,-2.6,0.0,0.0,-32.1,0.0,n,0.0,1011.0,2.1,78.0,1013.0,0.0,0.0,0.8,2024-01-03T04:15:00,2024-01-03T09:15:00,1704273300.0,0.0,16.0,306.0,6.4,4.1,Overcast clouds,c04n,804.0,4951257.0,Somerville,US,42.3876,-71.0995,MA,994971-99999,America/New_York
2024-01-03 04:30:00,,,,,-3.4,95.1,78.0,-2.4,0.0,0.0,-29.4,0.0,n,0.0,1011.0,2.1,79.0,1013.0,0.0,0.0,0.8,2024-01-03T04:30:00,2024-01-03T09:30:00,1704274200.0,0.0,16.0,309.0,6.4,4.2,Overcast clouds,c04n,804.0,4951257.0,Somerville,US,42.3876,-71.0995,MA,994971-99999,America/New_York
2024-01-03 04:45:00,,,,,-3.4,97.5,84.0,-2.2,0.0,0.0,-26.6,0.0,n,0.0,1011.0,2.1,80.0,1013.0,0.0,0.0,0.9,2024-01-03T04:45:00,2024-01-03T09:45:00,1704275100.0,0.0,16.0,312.0,6.4,4.3,Overcast clouds,c04n,804.0,4951257.0,Somerville,US,42.3876,-71.0995,MA,994971-99999,America/New_York
2024-01-03 05:00:00,,,,,-3.4,99.9,90.0,-2.2,0.0,0.0,-23.9,0.0,n,0.0,1011.0,2.1,80.0,1013.0,0.0,0.0,0.9,2024-01-03T05:00:00,2024-01-03T10:00:00,1704276000.0,0.0,16.0,316.0,6.4,4.4,Overcast clouds,c04n,804.0,4951257.0,Somerville,US,42.3876,-71.0995,MA,994971-99999,America/New_York
2024-01-03 05:15:00,,,,,-3.3,102.2,91.0,-2.1,0.0,0.0,-21.2,0.0,n,0.0,1011.0,2.1,80.0,1013.0,0.0,0.0,0.9,2024-01-03T05:15:00,2024-01-03T10:15:00,1704276900.0,0.0,16.0,316.0,6.4,4.3,Overcast clouds,c04n,804.0,4951257.0,Somerville,US,42.3876,-71.0995,MA,994971-99999,America/New_York
2024-01-03 05:30:00,,,,,-3.2,104.5,92.0,-2.1,0.0,0.0,-18.5,0.0,n,0.0,1011.0,2.1,80.0,1013.0,0.0,0.0,0.9,2024-01-03T05:30:00,2024-01-03T10:30:00,1704277800.0,0.0,16.0,316.0,6.4,4.2,Overcast clouds,c04n,804.0,4951257.0,Somerville,US,42.3876,-71.0995,MA,994971-99999,America/New_York
2024-01-03 05:45:00,,,,,-3.2,106.8,92.0,-2.1,0.0,0.0,-15.8,0.0,n,0.0,1011.0,2.1,80.0,1013.0,0.0,0.0,1.0,2024-01-03T05:45:00,2024-01-03T10:45:00,1704278700.0,0.0,16.0,316.0,6.4,4.1,Overcast clouds,c04n,804.0,4951257.0,Somerville,US,42.3876,-71.0995,MA,994971-99999,America/New_York
2024-01-03 06:00:00,,,,,-3.1,109.1,93.0,-2.1,0.0,0.0,-13.1,0.0,n,0.0,1011.0,2.1,80.0,1013.0,0.0,0.0,1.0,2024-01-03T06:00:00,2024-01-03T11:00:00,1704279600.0,0.0,16.0,316.0,6.4,4.0,Overcast clouds,c04n,804.0,4951257.0,Somerville,US,42.3876,-71.0995,MA,994971-99999,America/New_York
2024-01-03 06:15:00,,,,,-3.1,111.5,92.0,-2.1,0.0,0.0,-10.6,0.0,n,0.0,1011.0,2.1,80.0,1013.0,0.0,0.0,1.0,2024-01-03T06:15:00,2024-01-03T11:15:00,1704280500.0,0.0,16.0,316.0,6.4,4.0,Overcast clouds,c04n,804.0,4951257.0,Somerville,US,42.3876,-71.0995,MA,994971-99999,America/New_York
2024-01-03 06:30:00,,,,,-3.1,113.8,90.0,-1.9,0.0,0.0,-8.1,0.0,n,0.0,1011.0,2.1,81.0,1013.0,0.0,0.0,1.0,2024-01-03T06:30:00,2024-01-03T11:30:00,1704281400.0,0.0,16.0,317.0,6.4,4.0,Overcast clouds,c04n,804.0,4951257.0,Somerville,US,42.3876,-71.0995,MA,994971-99999,America/New_York
2024-01-03 06:45:00,,,,,-3.1,116.2,89.0,-1.7,0.0,0.0,-5.5,0.0,n,0.0,1012.0,2.1,82.0,1014.0,0.0,0.0,1.0,2024-01-03T06:45:00,2024-01-03T11:45:00,1704282300.0,0.0,16.0,318.0,6.4,4.0,Overcast clouds,c04n,804.0,4951257.0,Somerville,US,42.3876,-71.0995,MA,994971-99999,America/New_York
2024-01-03 07:00:00,,,,,-3.1,118.6,88.0,-1.7,0.0,0.0,-3.0,0.0,n,0.0,1012.0,2.1,82.0,1014.0,0.0,0.0,1.0,2024-01-03T07:00:00,2024-01-03T12:00:00,1704283200.0,0.0,16.0,318.0,6.4,4.0,Overcast clouds,c04n,804.0,4951257.0,Somerville,US,42.3876,-71.0995,MA,994971-99999,America/New_York
2024-01-03 07:15:00,,,,,-3.1,121.1,89.0,-1.7,10.0,90.0,-0.7,18.0,d,0.0,1012.0,2.1,82.0,1014.0,0.0,17.0,1.0,2024-01-03T07:15:00,2024-01-03T12:15:00,1704284100.0,0.0,16.0,318.0,6.4,4.0,Overcast clouds,c04n,804.0,4951257.0,Somerville,US,42.3876,-71.0995,MA,994971-99999,America/New_York
2024-01-03 07:30:00,-6.031992577827381,82.97860819864536,90.0,6.031992577827371,-3.1,123.7,90.0,-1.7,21.0,179.0,1.6,35.0,d,0.0,1012.0,2.1,82.0,1014.0,0.0,34.0,1.0,2024-01-03T07:30:00,2024-01-03T12:30:00,1704285000.0,0.5,16.0,319.0,6.4,4.0,Overcast clouds,c04n,804.0,4951257.0,Somerville,US,42.3876,-71.0995,MA,994971-99999,America/New_York
2024-01-03 07:45:00,-13.16819699994781,75.27915631131347,90.00000225887274,13.168196999947819,-3.1,126.3,91.0,-1.7,31.0,269.0,3.9,53.0,d,0.0,1012.0,2.1,82.0,1014.0,0.0,49.0,1.0,2024-01-03T07:45:00,2024-01-03T12:45:00,1704285900.0,0.5,16.0,320.0,6.4,4.0,Overcast clouds,c04d,804.0,4951257.0,Somerville,US,42.3876,-71.0995,MA,994971-99999,America/New_York
2024-01-03 08:00:00,-21.385277834516202,67.38231592138989,90.0000017075473,21.385277834516213,-3.1,128.9,92.0,-1.7,41.0,359.0,6.2,70.0,d,0.0,1012.0,2.1,82.0,1014.0,0.0,64.0,1.0,2024-01-03T08:00:00,2024-01-03T13:00:00,1704286800.0,0.5,16.0,320.0,6.4,4.0,Overcast clouds,c04d,804.0,4951257.0,Somerville,US,42.3876,-71.0995,MA,994971-99999,America/New_York
2024-01-03 08:15:00,-31.492501696617822,59.2747027366666,90.0,31.492501696617826,-2.4,131.8,87.0,-1.5,47.0,417.0,8.2,104.0,d,0.0,1012.0,2.1,81.0,1014.0,0.0,93.0,1.4,2024-01-03T08:15:00,2024-01-03T13:15:00,1704287700.0,0.5,16.0,320.0,6.4,3.8,Overcast clouds,c04d,804.0,4951257.0,Somerville,US,42.3876,-71.0995,MA,994971-99999,America/New_York
2024-01-03 08:30:00,-46.20421672945309,50.81285719304775,90.0,46.204216729453094,-1.8,134.6,82.0,-1.3,54.0,476.0,10.2,137.0,d,0.0,1012.0,2.1,80.0,1014.0,0.0,74.0,1.8,2024-01-03T08:30:00,2024-01-03T13:30:00,1704288600.0,0.6,16.0,321.0,6.4,3.6,Overcast clouds,c04d,804.0,4951257.0,Somerville,US,42.3876,-71.0995,MA,994971-99999,America/New_York
2024-01-03 08:45:00,-60.0,47.17420108957983,90.0,59.99999999999999,-1.2,137.5,78.0,-1.1,60.0,535.0,12.1,170.0,d,0.0,1012.0,2.1,79.0,1014.0,0.0,104.0,2.2,2024-01-03T08:45:00,2024-01-03T13:45:00,1704289500.0,0.6,16.0,322.0,6.4,3.4,Overcast clouds,c04d,804.0,4951257.0,Somerville,US,42.3876,-71.0995,MA,994971-99999,America/New_York
2024-01-03 09:00:00,-60.0,48.87885930386849,90.0,59.99999999999999,-0.5,140.4,73.0,-0.8,67.0,593.0,14.1,203.0,d,0.0,1012.0,2.1,78.0,1014.0,0.0,140.0,2.6,2024-01-03T09:00:00,2024-01-03T14:00:00,1704290400.0,0.7,16.0,322.0,6.4,3.2,Overcast clouds,c04d,804.0,4951257.0,Somerville,US,42.3876,-71.0995,MA,994971-99999,America/New_York
2024-01-03 09:15:00,-60.0,50.78858837723843,90.0,59.99999999999999,-0.1,143.7,63.0,-0.9,70.0,619.0,15.6,231.0,d,0.0,1012.0,2.1,76.0,1014.0,0.0,188.0,2.9,2024-01-03T09:15:00,2024-01-03T14:15:00,1704291300.0,0.9,16.0,322.0,6.4,3.0,Broken clouds,c03d,803.0,4951257.0,Somerville,US,42.3876,-71.0995,MA,994971-99999,America/New_York
2024-01-03 09:30:00,-60.0,52.88154015466204,90.0,59.99999999999999,0.4,146.9,52.0,-1.0,74.0,646.0,17.1,259.0,d,0.0,1012.0,2.1,74.0,1014.0,0.0,234.0,3.1,2024-01-03T09:30:00,2024-01-03T14:30:00,1704292200.0,1.0,16.0,323.0,6.4,2.8,Broken clouds,c03d,803.0,4951257.0,Somerville,US,42.3876,-71.0995,MA,994971-99999,America/New_York
2024-01-03 09:45:00,-55.66969972061033,55.02267490273194,90.0,55.66969972061033,0.9,150.2,42.0,-1.1,77.0,672.0,18.7,286.0,d,0.0,1012.0,2.1,72.0,1014.0,0.0,273.0,3.4,2024-01-03T09:45:00,2024-01-03T14:45:00,1704293100.0,1.2,16.0,324.0,6.4,2.6,Broken clouds,c03d,803.0,4951257.0,Somerville,US,42.3876,-71.0995,MA,994971-99999,America/New_York
2024-01-03 10:00:00,-50.65666477958329,57.04455641537912,90.0,50.65666477958329,1.5,153.4,32.0,-1.3,80.0,698.0,20.2,314.0,d,0.0,1013.0,2.1,70.0,1015.0,0.0,308.0,3.7,2024-01-03T10:00:00,2024-01-03T15:00:00,1704294000.0,1.4,16.0,324.0,6.4,2.4,Scattered clouds,c02d,802.0,4951257.0,Somerville,US,42.3876,-71.0995,MA,994971-99999,America/New_York
2024-01-03 10:15:00,-45.183457759014914,58.91968092392774,90.0,45.183457759014914,1.6,157.0,27.0,-1.3,82.0,710.0,21.1,331.0,d,0.0,1012.0,2.1,69.0,1014.0,0.0,328.0,3.8,2024-01-03T10:15:00,2024-01-03T15:15:00,1704294900.0,1.5,16.0,326.0,6.4,2.4,Scattered clouds,c02d,802.0,4951257.0,Somerville,US,42.3876,-71.0995,MA,994971-99999,America/New_York
2024-01-03 10:30:00,-39.205238590969245,60.61664835379645,90.0,39.205238590969245,1.7,160.6,22.0,-1.4,84.0,722.0,22.0,348.0,d,0.0,1012.0,2.1,68.0,1014.0,0.0,346.0,4.0,2024-01-03T10:30:00,2024-01-03T15:30:00,1704295800.0,1.6,16.0,328.0,6.4,2.4,Scattered clouds,c02d,802.0,4951257.0,Somerville,US,42.3876,-71.0995,MA,994971-99999,America/New_York
2024-01-03 10:45:00,-32.69344564590098,62.100019038044856,90.0,32.69344564590097,1.9,164.2,18.0,-1.7,86.0,734.0,22.9,365.0,d,0.0,1012.0,2.1,66.0,1014.0,0.0,364.0,4.1,2024-01-03T10:45:00,2024-01-03T15:45:00,1704296700.0,1.8,16.0,330.0,6.4,2.4,Few clouds,c02d,801.0,4951257.0,Somerville,US,42.3876,-71.0995,MA,994971-99999,America/New_York
2024-01-03 11:00:00,-25.648803593656027,63.331637245499934,90.00000085377364,25.64880359365603,2.0,167.8,13.0,-1.8,87.0,746.0,23.9,382.0,d,0.0,1012.0,2.1,65.0,1014.0,0.0,382.0,4.2,2024-01-03T11:00:00,2024-01-03T16:00:00,1704297600.0,1.9,16.0,332.0,6.4,2.4,Few clouds,c02d,801.0,4951257.0,Somerville,US,42.3876,-71.0995,MA,994971-99999,America/New_York
2024-01-03 11:15:00,-18.115551482773267,64.2733027671965,90.0,18.115551482773267,2.4,171.6,11.0,-2.0,88.0,749.0,24.1,387.0,d,0.0,1012.0,2.1,63.0,1014.0,0.0,387.0,4.5,2024-01-03T11:15:00,2024-01-03T16:15:00,1704298500.0,2.0,16.0,334.0,6.3,2.3,Few clouds,c02d,801.0,4951257.0,Somerville,US,42.3876,-71.0995,MA,994971-99999,America/New_York
2024-01-03 11:30:00,-10.191898766711814,64.89086188784387,90.00000341509458,10.191898766711832,2.8,175.3,8.0,-2.4,88.0,751.0,24.3,391.0,d,0.0,1012.0,2.1,60.0,1014.0,0.0,391.0,4.7,2024-01-03T11:30:00,2024-01-03T16:30:00,1704299400.0,2.0,16.0,336.0,6.2,2.2,Few clouds,c02d,801.0,4951257.0,Somerville,US,42.3876,-71.0995,MA,994971-99999,America/New_York
2024-01-03 11:45:00,-2.029748905193769,65.15916427647618,90.0,2.029748905193727,3.2,179.1,6.0,-2.6,89.0,754.0,24.5,395.0,d,0.0,1011.0,2.1,58.0,1013.0,0.0,395.0,5.0,2024-01-03T11:45:00,2024-01-03T16:45:00,1704300300.0,2.1,16.0,338.0,6.1,2.1,Few clouds,c02d,801.0,4951257.0,Somerville,US,42.3876,-71.0995,MA,994971-99999,America/New_York
2024-01-03 12:00:00,6.181277050907255,65.06651344302789,270.0,6.181277050907237,3.6,182.9,4.0,-2.8,89.0,756.0,24.8,399.0,d,0.0,1011.0,2.1,56.0,1013.0,0.0,399.0,5.2,2024-01-03T12:00:00,2024-01-03T17:00:00,1704301200.0,2.1,16.0,340.0,6.0,2.0,Few clouds,c02d,801.0,4951257.0,Somerville,US,42.3876,-71.0995,MA,994971-99999,America/New_York
2024-01-03 12:15:00,14.243349313246021,64.61698669469375,270.0,14.24334931324602,3.7,186.6,4.0,-2.9,88.0,751.0,24.3,390.0,d,0.0,1011.0,2.1,56.0,1013.0,0.0,390.0,5.2,2024-01-03T12:15:00,2024-01-03T17:15:00,1704302100.0,2.1,16.0,340.0,5.8,1.9,Few clouds,c02d,801.0,4951257.0,Somerville,US,42.3876,-71.0995,MA,994971-99999,America/New_York
2024-01-03 12:30:00,21.983134296877118,63.82960663603199,269.99999914622634,21.98313429687712,3.8,190.4,5.0,-2.9,87.0,745.0,23.8,381.0,d,0.0,1011.0,2.1,56.0,1013.0,0.0,381.0,5.2,2024-01-03T12:30:00,2024-01-03T17:30:00,1704303000.0,2.0,16.0,340.0,5.6,1.8,Few clouds,c02d,801.0,4951257.0,Somerville,US,42.3876,-71.0995,MA,994971-99999,America/New_York
2024-01-03 12:45:00,29.275225182976385,62.73474380634004,270.0,29.275225182976378,3.8,194.1,6.0,-2.9,86.0,739.0,23.3,371.0,d,0.0,1011.0,2.1,56.0,1013.0,0.0,371.0,5.1,2024-01-03T12:45:00,2024-01-03T17:45:00,1704303900.0,2.0,16.0,340.0,5.4,1.7,Few clouds,c02d,801.0,4951257.0,Somerville,US,42.3876,-71.0995,MA,994971-99999,America/New_York
2024-01-03 13:00:00,36.04980998374234,61.369197194252166,269.9999987925817,36.04980998374235,3.9,197.9,6.0,-2.9,85.0,733.0,22.8,362.0,d,0.0,1011.0,2.1,56.0,1013.0,0.0,362.0,5.1,2024-01-03T13:00:00,2024-01-03T18:00:00,1704304800.0,1.9,16.0,340.0,5.2,1.6,Few clouds,c02d,801.0,4951257.0,Somerville,US,42.3876,-71.0995,MA,994971-99999,America/New_York
2024-01-03 13:15:00,42.28658992014299,59.771565646416256,270.0,42.28658992014299,4.2,201.3,8.0,-2.9,83.0,716.0,21.6,341.0,d,0.0,1011.0,2.1,56.0,1013.0,0.0,341.0,5.2,2024-01-03T13:15:00,2024-01-03T18:15:00,1704305700.0,1.8,16.0,338.0,4.6,1.5,Few clouds,c02d,801.0,4951257.0,Somerville,US,42.3876,-71.0995,MA,994971-99999,America/New_York
2024-01-03 13:30:00,48.00159469972793,57.97884961699243,270.0,48.00159469972793,4.4,204.8,9.0,-2.8,81.0,700.0,20.4,319.0,d,0.0,1011.0,2.1,56.0,1013.0,0.0,319.0,5.3,2024-01-03T13:30:00,2024-01-03T18:30:00,1704306600.0,1.7,16.0,336.0,4.0,1.4,Few clouds,c02d,801.0,4951257.0,Somerville,US,42.3876,-71.0995,MA,994971-99999,America/New_York
2024-01-03 13:45:00,53.233143686173406,56.02451373286857,270.0,53.233143686173406,4.7,208.3,10.0,-2.7,78.0,683.0,19.3,298.0,d,0.0,1011.0,2.1,56.0,1013.0,0.0,298.0,5.4,2024-01-03T13:45:00,2024-01-03T18:45:00,1704307500.0,1.6,16.0,334.0,3.4,1.3,Few clouds,c02d,801.0,4951257.0,Somerville,US,42.3876,-71.0995,MA,994971-99999,America/New_York
2024-01-03 14:00:00,58.0304322923729,53.93770817790058,270.0,58.0304322923729,4.9,211.8,12.0,-2.6,76.0,667.0,18.1,276.0,d,0.0,1011.0,2.1,56.0,1013.0,0.0,276.0,5.5,2024-01-03T14:00:00,2024-01-03T19:00:00,1704308400.0,1.5,16.0,332.0,2.8,1.2,Few clouds,c02d,801.0,4951257.0,Somerville,US,42.3876,-71.0995,MA,994971-99999,America/New_York
2024-01-03 14:15:00,60.0,51.78439495553097,270.0,59.99999999999999,5.3,214.9,14.0,-2.3,72.0,632.0,16.4,246.0,d,0.0,1011.0,2.1,57.0,1013.0,0.0,246.0,5.5,2024-01-03T14:15:00,2024-01-03T19:15:00,1704309300.0,1.4,16.0,303.0,2.3,1.0,Few clouds,c02d,801.0,4951257.0,Somerville,US,42.3876,-71.0995,MA,994971-99999,America/New_York
2024-01-03 14:30:00,60.0,49.779120595664686,270.0,59.99999999999999,5.7,218.0,17.0,-2.0,67.0,597.0,14.7,215.0,d,0.0,1011.0,2.1,58.0,1013.0,0.0,215.0,5.5,2024-01-03T14:30:00,2024-01-03T19:30:00,1704310200.0,1.3,16.0,274.0,1.8,0.8,Few clouds,c02d,801.0,4951257.0,Somerville,US,42.3876,-71.0995,MA,994971-99999,America/New_York
2024-01-03 14:45:00,60.0,47.96791268890152,270.0,59.99999999999999,6.2,221.1,20.0,-2.0,63.0,562.0,13.0,184.0,d,0.0,1011.0,2.1,58.0,1013.0,0.0,183.0,5.6,2024-01-03T14:45:00,2024-01-03T19:45:00,1704311100.0,1.2,16.0,245.0,1.3,0.6,Few clouds,c02d,801.0,4951257.0,Somerville,US,42.3876,-71.0995,MA,994971-99999,America/New_York
2024-01-03 15:00:00,60.0,46.372942973748486,270.0,59.99999999999999,6.9,224.2,22.0,-1.8,59.0,527.0,11.3,154.0,d,0.0,1011.0,2.1,59.0,1013.0,0.0,153.0,5.6,2024-01-03T15:00:00,2024-01-03T20:00:00,1704312000.0,1.1,16.0,216.0,0.8,0.4,Scattered clouds,c02d,802.0,4951257.0,Somerville,US,42.3876,-71.0995,MA,994971-99999,America/New_York
2024-01-03 15:15:00,37.923514557815174,55.061415793518655,270.0,37.923514557815174,6.5,226.9,25.0,-1.8,50.0,442.0,9.2,121.0,d,0.0,1011.0,2.1,59.0,1013.0,0.0,120.0,5.6,2024-01-03T15:15:00,2024-01-03T20:15:00,1704312900.0,1.1,16.0,206.0,1.0,0.5,Scattered clouds,c02d,802.0,4951257.0,Somerville,US,42.3876,-71.0995,MA,994971-99999,America/New_York
2024-01-03 15:30:00,26.13854465311791,63.322479097685736,269.99999914622634,26.138544653117915,6.2,229.7,28.0,-1.6,42.0,356.0,7.1,89.0,d,0.0,1011.0,2.1,60.0,1013.0,0.0,88.0,5.5,2024-01-03T15:30:00,2024-01-03T20:30:00,1704313800.0,1.0,16.0,196.0,1.2,0.6,Scattered clouds,c02d,802.0,4951257.0,Somerville,US,42.3876,-71.0995,MA,994971-99999,America/New_York
2024-01-03 15:45:00,17.137101862078424,71.31437128045013,270.0,17.137101862078424,5.9,232.5,30.0,-1.6,33.0,270.0,5.0,57.0,d,0.0,1011.0,2.1,60.0,1013.0,0.0,56.0,5.5,2024-01-03T15:45:00,2024-01-03T20:45:00,1704314700.0,1.0,16.0,186.0,1.4,0.7,Scattered clouds,c02d,802.0,4951257.0,Somerville,US,42.3876,-71.0995,MA,994971-99999,America/New_York
2024-01-03 16:00:00,9.51621992471064,79.12321579435553,270.0,9.51621992471064,5.7,235.2,33.0,-1.6,25.0,185.0,2.9,25.0,d,0.0,1011.0,2.1,60.0,1013.0,0.0,49.0,5.5,2024-01-03T16:00:00,2024-01-03T21:00:00,1704315600.0,1.0,16.0,176.0,1.6,0.8,Scattered clouds,c02n,802.0,4951257.0,Somerville,US,42.3876,-71.0995,MA,994971-99999,America/New_York
2024-01-03 16:15:00,2.830518919112734,86.6500711753637,270.0,2.8305189191127123,5.5,237.7,38.0,-1.4,19.0,139.0,0.4,19.0,d,0.0,1011.0,2.1,61.0,1013.0,0.0,37.0,5.5,2024-01-03T16:15:00,2024-01-03T21:15:00,1704316500.0,0.9,16.0,180.0,1.8,0.9,Scattered clouds,c02n,802.0,4951257.0,Somerville,US,42.3876,-71.0995,MA,994971-99999,America/New_York
2024-01-03 16:30:00,,,,,5.3,240.2,43.0,-1.2,12.0,92.0,-2.0,12.0,d,0.0,1011.0,2.1,62.0,1013.0,0.0,23.0,5.5,2024-01-03T16:30:00,2024-01-03T21:30:00,1704317400.0,0.0,16.0,185.0,2.0,1.0,Broken clouds,c03n,803.0,4951257.0,Somerville,US,42.3876,-71.0995,MA,994971-99999,America/New_York
2024-01-03 16:45:00,,,,,5.1,242.7,48.0,-0.8,6.0,46.0,-4.4,6.0,d,0.0,1011.0,2.1,64.0,1013.0,0.0,12.0,5.5,2024-01-03T16:45:00,2024-01-03T21:45:00,1704318300.0,0.0,16.0,190.0,2.2,1.1,Broken clouds,c03n,803.0,4951257.0,Somerville,US,42.3876,-71.0995,MA,994971-99999,America/New_York
2024-01-03 17:00:00,,,,,4.9,245.2,53.0,-0.5,0.0,0.0,-6.8,0.0,n,0.0,1011.0,2.1,65.0,1013.0,0.0,0.0,5.5,2024-01-03T17:00:00,2024-01-03T22:00:00,1704319200.0,0.0,16.0,194.0,2.4,1.2,Broken clouds,c03n,803.0,4951257.0,Somerville,US,42.3876,-71.0995,MA,994971-99999,America/New_York
2024-01-03 17:15:00,,,,,5.2,247.5,56.0,-0.4,0.0,0.0,-9.4,0.0,n,0.0,1011.0,2.1,66.0,1013.0,0.0,0.0,5.4,2024-01-03T17:15:00,2024-01-03T22:15:00,1704320100.0,0.0,16.0,189.0,2.5,1.0,Broken clouds,c03n,803.0,4951257.0,Somerville,US,42.3876,-71.0995,MA,994971-99999,America/New_York
2024-01-03 17:30:00,,,,,5.4,249.8,59.0,-0.5,0.0,0.0,-12.0,0.0,n,0.0,1011.0,2.1,66.0,1013.0,0.0,0.0,5.3,2024-01-03T17:30:00,2024-01-03T22:30:00,1704321000.0,0.0,16.0,184.0,2.6,0.8,Broken clouds,c03n,803.0,4951257.0,Somerville,US,42.3876,-71.0995,MA,994971-99999,America/New_York
2024-01-03 17:45:00,,,,,5.8,252.2,62.0,-0.6,0.0,0.0,-14.6,0.0,n,0.0,1011.0,2.1,66.0,1013.0,0.0,0.0,5.2,2024-01-03T17:45:00,2024-01-03T22:45:00,1704321900.0,0.0,16.0,179.0,2.7,0.6,Broken clouds,c03n,803.0,4951257.0,Somerville,US,42.3876,-71.0995,MA,994971-99999,America/New_York
2024-01-03 18:00:00,,,,,6.4,254.5,65.0,-0.5,0.0,0.0,-17.2,0.0,n,0.0,1011.0,2.1,67.0,1013.0,0.0,0.0,5.1,2024-01-03T18:00:00,2024-01-03T23:00:00,1704322800.0,0.0,16.0,174.0,2.8,0.4,Broken clouds,c03n,803.0,4951257.0,Somerville,US,42.3876,-71.0995,MA,994971-99999,America/New_York
2024-01-03 18:15:00,,,,,5.7,256.8,69.0,-0.6,0.0,0.0,-19.9,0.0,n,0.0,1011.0,2.1,67.0,1013.0,0.0,0.0,5.0,2024-01-03T18:15:00,2024-01-03T23:15:00,1704323700.0,0.0,16.0,183.0,3.0,0.6,Broken clouds,c03n,803.0,4951257.0,Somerville,US,42.3876,-71.0995,MA,994971-99999,America/New_York
2024-01-03 18:30:00,,,,,5.1,259.1,73.0,-0.6,0.0,0.0,-22.6,0.0,n,0.0,1012.0,2.1,67.0,1014.0,0.0,0.0,5.0,2024-01-03T18:30:00,2024-01-03T23:30:00,1704324600.0,0.0,16.0,192.0,3.2,0.8,Overcast clouds,c04n,804.0,4951257.0,Somerville,US,42.3876,-71.0995,MA,994971-99999,America/New_York
2024-01-03 18:45:00,,,,,4.7,261.4,77.0,-0.7,0.0,0.0,-25.3,0.0,n,0.0,1012.0,2.1,67.0,1014.0,0.0,0.0,5.0,2024-01-03T18:45:00,2024-01-03T23:45:00,1704325500.0,0.0,16.0,201.0,3.4,1.0,Overcast clouds,c04n,804.0,4951257.0,Somerville,US,42.3876,-71.0995,MA,994971-99999,America/New_York
2024-01-03 19:00:00,,,,,4.3,263.8,81.0,-0.7,0.0,0.0,-28.0,0.0,n,0.0,1012.0,2.1,67.0,1014.0,0.0,0.0,4.9,2024-01-03T19:00:00,2024-01-04T00:00:00,1704326400.0,0.0,16.0,210.0,3.6,1.2,Overcast clouds,c04n,804.0,4951257.0,Somerville,US,42.3876,-71.0995,MA,994971-99999,America/New_York
2024-01-03 19:15:00,,,,,4.0,266.2,78.0,-0.6,0.0,0.0,-30.8,0.0,n,0.0,1012.0,2.1,68.0,1014.0,0.0,0.0,4.8,2024-01-03T19:15:00,2024-01-04T00:15:00,1704327300.0,0.0,16.0,213.0,3.6,1.3,Overcast clouds,c04n,804.0,4951257.0,Somerville,US,42.3876,-71.0995,MA,994971-99999,America/New_York
2024-01-03 19:30:00,,,,,3.7,268.7,76.0,-0.7,0.0,0.0,-33.5,0.0,n,0.0,1012.0,2.1,68.0,1014.0,0.0,0.0,4.7,2024-01-03T19:30:00,2024-01-04T00:30:00,1704328200.0,0.0,16.0,216.0,3.6,1.4,Overcast clouds,c04n,804.0,4951257.0,Somerville,US,42.3876,-71.0995,MA,994971-99999,America/New_York
2024-01-03 19:45:00,,,,,3.4,271.2,74.0,-0.9,0.0,0.0,-36.3,0.0,n,0.0,1012.0,2.1,68.0,1014.0,0.0,0.0,4.5,2024-01-03T19:45:00,2024-01-04T00:45:00,1704329100.0,0.0,16.0,219.0,3.6,1.5,Overcast clouds,c04n,804.0,4951257.0,Somerville,US,42.3876,-71.0995,MA,994971-99999,America/New_York
2024-01-03 20:00:00,,,,,3.1,273.7,71.0,-0.8,0.0,0.0,-39.1,0.0,n,0.0,1012.0,2.1,69.0,1014.0,0.0,0.0,4.4,2024-01-03T20:00:00,2024-01-04T01:00:00,1704330000.0,0.0,16.0,222.0,3.6,1.6,Overcast clouds,c04n,804.0,4951257.0,Somerville,US,42.3876,-71.0995,MA,994971-99999,America/New_York
2024-01-03 20:15:00,,,,,3.1,276.7,67.0,-0.6,0.0,0.0,-41.8,0.0,n,0.0,1012.0,2.1,70.0,1014.0,0.0,0.0,4.3,2024-01-03T20:15:00,2024-01-04T01:15:00,1704330900.0,0.0,16.0,224.0,3.6,1.6,Broken clouds,c03n,803.0,4951257.0,Somerville,US,42.3876,-71.0995,MA,994971-99999,America/New_York
2024-01-03 20:30:00,,,,,3.0,279.7,64.0,-0.5,0.0,0.0,-44.5,0.0,n,0.0,1012.0,2.1,71.0,1014.0,0.0,0.0,4.3,2024-01-03T20:30:00,2024-01-04T01:30:00,1704331800.0,0.0,16.0,225.0,3.6,1.6,Broken clouds,c03n,803.0,4951257.0,Somerville,US,42.3876,-71.0995,MA,994971-99999,America/New_York
2024-01-03 20:45:00,,,,,3.0,282.7,60.0,-0.3,0.0,0.0,-47.3,0.0,n,0.0,1012.0,2.1,72.0,1014.0,0.0,0.0,4.3,2024-01-03T20:45:00,2024-01-04T01:45:00,1704332700.0,0.0,16.0,226.0,3.6,1.6,Broken clouds,c03n,803.0,4951257.0,Somerville,US,42.3876,-71.0995,MA,994971-99999,America/New_York
2024-01-03 21:00:00,,,,,2.9,285.7,56.0,-0.2,0.0,0.0,-50.0,0.0,n,0.0,1012.0,2.1,73.0,1014.0,0.0,0.0,4.2,2024-01-03T21:00:00,2024-01-04T02:00:00,1704333600.0,0.0,16.0,228.0,3.6,1.6,Broken clouds,c03n,803.0,4951257.0,Somerville,US,42.3876,-71.0995,MA,994971-99999,America/New_York
2024-01-03 21:15:00,,,,,2.8,289.9,55.0,0.0,0.0,0.0,-52.5,0.0,n,0.0,1012.0,2.1,74.0,1014.0,0.0,0.0,4.2,2024-01-03T21:15:00,2024-01-04T02:15:00,1704334500.0,0.0,16.0,229.0,3.6,1.7,Broken clouds,c03n,803.0,4951257.0,Somerville,US,42.3876,-71.0995,MA,994971-99999,America/New_York
2024-01-03 21:30:00,,,,,2.7,294.0,54.0,0.2,0.0,0.0,-55.0,0.0,n,0.0,1012.0,2.1,75.0,1014.0,0.0,0.0,4.2,2024-01-03T21:30:00,2024-01-04T02:30:00,1704335400.0,0.0,16.0,230.0,3.6,1.8,Broken clouds,c03n,803.0,4951257.0,Somerville,US,42.3876,-71.0995,MA,994971-99999,America/New_York
2024-01-03 21:45:00,,,,,2.5,298.2,53.0,0.4,0.0,0.0,-57.6,0.0,n,0.0,1012.0,2.1,76.0,1014.0,0.0,0.0,4.2,2024-01-03T21:45:00,2024-01-04T02:45:00,1704336300.0,0.0,16.0,231.0,3.6,1.9,Broken clouds,c03n,803.0,4951257.0,Somerville,US,42.3876,-71.0995,MA,994971-99999,America/New_York
2024-01-03 22:00:00,,,,,2.4,302.3,52.0,0.5,0.0,0.0,-60.1,0.0,n,0.0,1012.0,2.1,77.0,1014.0,0.0,0.0,4.2,2024-01-03T22:00:00,2024-01-04T03:00:00,1704337200.0,0.0,16.0,232.0,3.6,2.0,Broken clouds,c03n,803.0,4951257.0,Somerville,US,42.3876,-71.0995,MA,994971-99999,America/New_York
2024-01-03 22:15:00,,,,,2.2,308.9,60.0,0.6,0.0,0.0,-62.1,0.0,n,0.0,1012.0,2.1,78.0,1014.0,0.0,0.0,4.1,2024-01-03T22:15:00,2024-01-04T03:15:00,1704338100.0,0.0,16.0,234.0,3.6,2.1,Broken clouds,c03n,803.0,4951257.0,Somerville,US,42.3876,-71.0995,MA,994971-99999,America/New_York
2024-01-03 22:30:00,,,,,2.1,315.5,69.0,0.6,0.0,0.0,-64.0,0.0,n,0.0,1011.0,2.1,78.0,1013.0,0.0,0.0,4.0,2024-01-03T22:30:00,2024-01-04T03:30:00,1704339000.0,0.0,16.0,236.0,3.6,2.2,Broken clouds,c03n,803.0,4951257.0,Somerville,US,42.3876,-71.0995,MA,994971-99999,America/New_York
2024-01-03 22:45:00,,,,,1.9,322.1,78.0,0.5,0.0,0.0,-66.0,0.0,n,0.0,1011.0,2.1,78.0,1013.0,0.0,0.0,4.0,2024-01-03T22:45:00,2024-01-04T03:45:00,1704339900.0,0.0,16.0,238.0,3.6,2.3,Overcast clouds,c04n,804.0,4951257.0,Somerville,US,42.3876,-71.0995,MA,994971-99999,America/New_York
2024-01-03 23:00:00,,,,,1.7,328.8,86.0,0.6,0.0,0.0,-68.0,0.0,n,0.0,1011.0,2.1,79.0,1013.0,0.0,0.0,3.9,2024-01-03T23:00:00,2024-01-04T04:00:00,1704340800.0,0.0,16.0,240.0,3.6,2.4,Overcast clouds,c04n,804.0,4951257.0,Somerville,US,42.3876,-71.0995,MA,994971-99999,America/New_York
2024-01-03 23:15:00,,,,,1.6,248.5,87.0,0.5,0.0,0.0,-68.5,0.0,n,0.0,1011.0,2.1,79.0,1013.0,0.0,0.0,3.8,2024-01-03T23:15:00,2024-01-04T04:15:00,1704341700.0,0.0,16.0,242.0,3.6,2.4,Overcast clouds,c04n,804.0,4951257.0,Somerville,US,42.3876,-71.0995,MA,994971-99999,America/New_York
2024-01-03 23:30:00,,,,,1.5,168.2,88.0,0.5,0.0,0.0,-69.1,0.0,n,0.0,1011.0,2.1,79.0,1013.0,0.0,0.0,3.8,2024-01-03T23:30:00,2024-01-04T04:30:00,1704342600.0,0.0,16.0,243.0,3.6,2.4,Overcast clouds,c04n,804.0,4951257.0,Somerville,US,42.3876,-71.0995,MA,994971-99999,America/New_York
2024-01-03 23:45:00,,,,,1.4,88.0,90.0,0.4,0.0,0.0,-69.7,0.0,n,0.0,1011.0,2.1,79.0,1013.0,0.0,0.0,3.7,2024-01-03T23:45:00,2024-01-04T04:45:00,1704343500.0,0.0,16.0,244.0,3.6,2.4,Overcast clouds,c04n,804.0,4951257.0,Somerville,US,42.3876,-71.0995,MA,994971-99999,America/New_York
2024-01-04 00:00:00,,,,,1.3,7.7,91.0,0.3,0.0,0.0,-70.3,0.0,n,0.0,1011.0,2.1,79.0,1013.0,0.0,0.0,3.6,2024-01-04T00:00:00,2024-01-04T05:00:00,1704344400.0,0.0,16.0,246.0,3.6,2.4,Overcast clouds,c04n,804.0,4951257.0,Somerville,US,42.3876,-71.0995,MA,994971-99999,America/New_York
2024-01-04 00:15:00,,,,,1.2,16.4,93.0,0.5,0.0,0.0,-69.1,0.0,n,0.0,1011.0,2.1,80.0,1013.0,0.0,0.0,3.6,2024-01-04T00:15:00,2024-01-04T05:15:00,1704345300.0,0.0,16.0,246.0,3.8,2.5,Overcast clouds,c04n,804.0,4951257.0,Somerville,US,42.3876,-71.0995,MA,994971-99999,America/New_York
2024-01-04 00:30:00,,,,,1.2,25.2,94.0,0.5,0.0,0.0,-67.9,0.0,n,0.0,1011.0,2.1,80.0,1013.0,0.0,0.0,3.6,2024-01-04T00:30:00,2024-01-04T05:30:00,1704346200.0,0.0,16.0,247.0,4.0,2.6,Overcast clouds,c04n,804.0,4951257.0,Somerville,US,42.3876,-71.0995,MA,994971-99999,America/New_York
2024-01-04 00:45:00,,,,,1.1,34.0,96.0,0.5,0.0,0.0,-66.7,0.0,n,0.0,1011.0,2.1,80.0,1013.0,0.0,0.0,3.6,2024-01-04T00:45:00,2024-01-04T05:45:00,1704347100.0,0.0,16.0,248.0,4.2,2.7,Overcast clouds,c04n,804.0,4951257.0,Somerville,US,42.3876,-71.0995,MA,994971-99999,America/New_York
2024-01-04 01:00:00,,,,,1.0,42.7,98.0,0.7,0.0,0.0,-65.4,0.0,n,0.0,1011.0,2.1,81.0,1013.0,0.0,0.0,3.6,2024-01-04T01:00:00,2024-01-04T06:00:00,1704348000.0,0.0,16.0,248.0,4.4,2.8,Overcast clouds,c04n,804.0,4951257.0,Somerville,US,42.3876,-71.0995,MA,994971-99999,America/New_York
2024-01-04 01:15:00,,,,,0.9,48.2,98.0,0.4,0.0,0.0,-63.2,0.0,n,0.0,1011.0,2.1,80.0,1013.0,0.0,0.0,3.5,2024-01-04T01:15:00,2024-01-04T06:15:00,1704348900.0,0.0,16.0,249.0,4.4,2.8,Overcast clouds,c04n,804.0,4951257.0,Somerville,US,42.3876,-71.0995,MA,994971-99999,America/New_York
2024-01-04 01:30:00,,,,,0.8,53.7,99.0,0.3,0.0,0.0,-61.0,0.0,n,0.0,1011.0,2.1,80.0,1013.0,0.0,0.0,3.5,2024-01-04T01:30:00,2024-01-04T06:30:00,1704349800.0,0.0,16.0,250.0,4.4,2.8,Overcast clouds,c04n,804.0,4951257.0,Somerville,US,42.3876,-71.0995,MA,994971-99999,America/New_York
2024-01-04 01:45:00,,,,,0.7,59.2,100.0,0.1,0.0,0.0,-58.7,0.0,n,0.0,1011.0,2.1,79.0,1013.0,0.0,0.0,3.4,2024-01-04T01:45:00,2024-01-04T06:45:00,1704350700.0,0.0,16.0,251.0,4.4,2.8,Overcast clouds,c04n,804.0,4951257.0,Somerville,US,42.3876,-71.0995,MA,994971-99999,America/New_York
2024-01-04 02:00:00,,,,,0.6,64.7,100.0,-0.2,0.0,0.0,-56.5,0.0,n,0.0,1011.0,2.1,78.0,1013.0,0.0,0.0,3.3,2024-01-04T02:00:00,2024-01-04T07:00:00,1704351600.0,0.0,16.0,252.0,4.4,2.8,Overcast clouds,c04n,804.0,4951257.0,Somerville,US,42.3876,-71.0995,MA,994971-99999,America/New_York
2024-01-04 02:15:00,,,,,0.7,68.3,100.0,-0.1,0.0,0.0,-53.8,0.0,n,0.0,1011.0,2.1,78.0,1013.0,0.0,0.0,3.4,2024-01-04T02:15:00,2024-01-04T07:15:00,1704352500.0,0.0,16.0,252.0,4.4,2.8,Overcast clouds,c04n,804.0,4951257.0,Somerville,US,42.3876,-71.0995,MA,994971-99999,America/New_York
2024-01-04 02:30:00,,,,,0.9,71.9,100.0,0.0,0.0,0.0,-51.2,0.0,n,0.0,1011.0,2.1,78.0,1013.0,0.0,0.0,3.5,2024-01-04T02:30:00,2024-01-04T07:30:00,1704353400.0,0.0,16.0,253.0,4.4,2.8,Overcast clouds,c04n,804.0,4951257.0,Somerville,US,42.3876,-71.0995,MA,994971-99999,America/New_York
2024-01-04 02:45:00,,,,,1.0,75.5,100.0,0.1,0.0,0.0,-48.6,0.0,n,0.0,1011.0,2.1,78.0,1013.0,0.0,0.0,3.6,2024-01-04T02:45:00,2024-01-04T07:45:00,1704354300.0,0.0,16.0,254.0,4.4,2.8,Overcast clouds,c04n,804.0,4951257.0,Somerville,US,42.3876,-71.0995,MA,994971-99999,America/New_York
2024-01-04 03:00:00,,,,,1.1,79.1,100.0,0.2,0.0,0.0,-45.9,0.0,n,0.0,1011.0,2.1,78.0,1013.0,0.0,0.0,3.7,2024-01-04T03:00:00,2024-01-04T08:00:00,1704355200.0,0.0,16.0,254.0,4.4,2.8,Overcast clouds,c04n,804.0,4951257.0,Somerville,US,42.3876,-71.0995,MA,994971-99999,America/New_York
2024-01-04 03:15:00,,,,,1.0,81.9,100.0,0.2,0.0,0.0,-43.2,0.0,n,0.0,1011.0,2.1,78.0,1013.0,0.0,0.0,3.6,2024-01-04T03:15:00,2024-01-04T08:15:00,1704356100.0,0.0,16.0,254.0,4.4,2.8,Overcast clouds,c04n,804.0,4951257.0,Somerville,US,42.3876,-71.0995,MA,994971-99999,America/New_York
2024-01-04 03:30:00,,,,,0.9,84.6,100.0,0.1,0.0,0.0,-40.4,0.0,n,0.0,1010.0,2.1,78.0,1012.0,0.0,0.0,3.5,2024-01-04T03:30:00,2024-01-04T08:30:00,1704357000.0,0.0,16.0,255.0,4.4,2.8,Overcast clouds,c04n,804.0,4951257.0,Somerville,US,42.3876,-71.0995,MA,994971-99999,America/New_York
2024-01-04 03:45:00,,,,,0.8,87.4,100.0,0.0,0.0,0.0,-37.7,0.0,n,0.0,1010.0,2.1,78.0,1012.0,0.0,0.0,3.5,2024-01-04T03:45:00,2024-01-04T08:45:00,1704357900.0,0.0,16.0,256.0,4.4,2.8,Overcast clouds,c04n,804.0,4951257.0,Somerville,US,42.3876,-71.0995,MA,994971-99999,America/New_York
2024-01-04 04:00:00,,,,,0.7,90.1,100.0,-0.1,0.0,0.0,-34.9,0.0,n,0.0,1010.0,2.1,78.0,1012.0,0.0,0.0,3.4,2024-01-04T04:00:00,2024-01-04T09:00:00,1704358800.0,0.0,16.0,256.0,4.4,2.8,Overcast clouds,c04n,804.0,4951257.0,Somerville,US,42.3876,-71.0995,MA,994971-99999,America/New_York
2024-01-04 04:15:00,,,,,0.7,92.5,100.0,-0.1,0.0,0.0,-32.2,0.0,n,0.0,1010.0,2.1,78.0,1012.0,0.0,0.0,3.4,2024-01-04T04:15:00,2024-01-04T09:15:00,1704359700.0,0.0,16.0,257.0,4.4,2.8,Overcast clouds,c04n,804.0,4951257.0,Somerville,US,42.3876,-71.0995,MA,994971-99999,America/New_York
2024-01-04 04:30:00,,,,,0.6,94.9,100.0,-0.2,0.0,0.0,-29.4,0.0,n,0.0,1010.0,2.1,78.0,1012.0,0.0,0.0,3.3,2024-01-04T04:30:00,2024-01-04T09:30:00,1704360600.0,0.0,16.0,258.0,4.4,2.8,Overcast clouds,c04n,804.0,4951257.0,Somerville,US,42.3876,-71.0995,MA,994971-99999,America/New_York
2024-01-04 04:45:00,,,,,0.6,97.3,100.0,-0.2,0.0,0.0,-26.6,0.0,n,0.0,1010.0,2.1,78.0,1012.0,0.0,0.0,3.3,2024-01-04T04:45:00,2024-01-04T09:45:00,1704361500.0,0.0,16.0,259.0,4.4,2.8,Overcast clouds,c04n,804.0,4951257.0,Somerville,US,42.3876,-71.0995,MA,994971-99999,America/New_York
2024-01-04 05:00:00,,,,,0.5,99.7,100.0,-0.3,0.0,0.0,-23.9,0.0,n,0.0,1010.0,2.1,78.0,1012.0,0.0,0.0,3.2,2024-01-04T05:00:00,2024-01-04T10:00:00,1704362400.0,0.0,16.0,260.0,4.4,2.8,Overcast clouds,c04n,804.0,4951257.0,Somerville,US,42.3876,-71.0995,MA,994971-99999,America/New_York
2024-01-04 05:15:00,,,,,0.6,102.0,100.0,-0.2,0.0,0.0,-21.2,0.0,n,0.0,1010.0,2.1,78.0,1012.0,0.0,0.0,3.2,2024-01-04T05:15:00,2024-01-04T10:15:00,1704363300.0,0.0,16.0,260.0,4.3,2.7,Overcast clouds,c04n,804.0,4951257.0,Somerville,US,42.3876,-71.0995,MA,994971-99999,America/New_York
2024-01-04 05:30:00,,,,,0.7,104.3,100.0,-0.2,0.0,0.0,-18.5,0.0,n,0.0,1010.0,2.1,78.0,1012.0,0.0,0.0,3.3,2024-01-04T05:30:00,2024-01-04T10:30:00,1704364200.0,0.0,16.0,261.0,4.2,2.6,Overcast clouds,c04n,804.0,4951257.0,Somerville,US,42.3876,-71.0995,MA,994971-99999,America/New_York
2024-01-04 05:45:00,,,,,0.9,106.6,100.0,-0.2,0.0,0.0,-15.8,0.0,n,0.0,1010.0,2.1,78.0,1012.0,0.0,0.0,3.3,2024-01-04T05:45:00,2024-01-04T10:45:00,1704365100.0,0.0,16.0,262.0,4.1,2.5,Overcast clouds,c04n,804.0,4951257.0,Somerville,US,42.3876,-71.0995,MA,994971-99999,America/New_York
2024-01-04 06:00:00,,,,,1.0,108.9,100.0,-0.2,0.0,0.0,-13.2,0.0,n,0.0,1010.0,2.1,78.0,1012.0,0.0,0.0,3.3,2024-01-04T06:00:00,2024-01-04T11:00:00,1704366000.0,0.0,16.0,262.0,4.0,2.4,Overcast clouds,c04n,804.0,4951257.0,Somerville,US,42.3876,-71.0995,MA,994971-99999,America/New_York
2024-01-04 06:15:00,,,,,0.9,111.3,100.0,-0.2,0.0,0.0,-10.6,0.0,n,0.0,1010.0,2.1,78.0,1012.0,0.0,0.0,3.3,2024-01-04T06:15:00,2024-01-04T11:15:00,1704366900.0,0.0,16.0,259.0,4.0,2.5,Overcast clouds,c04n,804.0,4951257.0,Somerville,US,42.3876,-71.0995,MA,994971-99999,America/New_York
2024-01-04 06:30:00,,,,,0.8,113.7,100.0,-0.2,0.0,0.0,-8.1,0.0,n,0.0,1010.0,2.1,78.0,1012.0,0.0,0.0,3.3,2024-01-04T06:30:00,2024-01-04T11:30:00,1704367800.0,0.0,16.0,256.0,4.0,2.6,Overcast clouds,c04n,804.0,4951257.0,Somerville,US,42.3876,-71.0995,MA,994971-99999,America/New_York
2024-01-04 06:45:00,,,,,0.7,116.1,100.0,-0.2,0.0,0.0,-5.5,0.0,n,0.0,1010.0,2.1,78.0,1012.0,0.0,0.0,3.3,2024-01-04T06:45:00,2024-01-04T11:45:00,1704368700.0,0.0,16.0,253.0,4.0,2.7,Overcast clouds,c04n,804.0,4951257.0,Somerville,US,42.3876,-71.0995,MA,994971-99999,America/New_York
2024-01-04 07:00:00,,,,,0.6,118.4,100.0,-0.2,0.0,0.0,-3.0,0.0,n,0.0,1010.0,2.1,78.0,1012.0,0.0,0.0,3.3,2024-01-04T07:00:00,2024-01-04T12:00:00,1704369600.0,0.0,16.0,250.0,4.0,2.8,Overcast clouds,c04n,804.0,4951257.0,Somerville,US,42.3876,-71.0995,MA,994971-99999,America/New_York
2024-01-04 07:15:00,,,,,0.6,121.0,100.0,-0.2,10.0,90.0,-0.7,18.0,d,0.0,1010.0,2.1,78.0,1012.0,0.0,12.0,3.3,2024-01-04T07:15:00,2024-01-04T12:15:00,1704370500.0,0.0,16.0,250.0,4.1,2.8,Overcast clouds,c04n,804.0,4951257.0,Somerville,US,42.3876,-71.0995,MA,994971-99999,America/New_York
2024-01-04 07:30:00,-6.031980444049893,82.96678162557009,90.0,6.03198044404987,0.6,123.6,100.0,-0.2,21.0,180.0,1.6,35.0,d,0.0,1010.0,2.1,78.0,1012.0,0.0,25.0,3.3,2024-01-04T07:30:00,2024-01-04T12:30:00,1704371400.0,0.4,16.0,249.0,4.2,2.8,Overcast clouds,c04n,804.0,4951257.0,Somerville,US,42.3876,-71.0995,MA,994971-99999,America/New_York
2024-01-04 07:45:00,-13.16739710434993,75.25227579261951,90.00000225887274,13.16739710434994,0.5,126.2,100.0,-0.2,31.0,270.0,3.9,53.0,d,0.0,1009.0,2.1,78.0,1011.0,0.0,36.0,3.2,2024-01-04T07:45:00,2024-01-04T12:45:00,1704372300.0,0.4,16.0,248.0,4.3,2.8,Overcast clouds,c04d,804.0,4951257.0,Somerville,US,42.3876,-71.0995,MA,994971-99999,America/New_York
2024-01-04 08:00:00,-21.381601515537056,67.33772664047814,90.0,21.381601515537053,0.5,128.7,100.0,-0.3,41.0,359.0,6.2,71.0,d,0.0,1009.0,2.1,78.0,1011.0,0.0,48.0,3.2,2024-01-04T08:00:00,2024-01-04T13:00:00,1704373200.0,0.4,16.0,248.0,4.4,2.8,Overcast clouds,c04d,804.0,4951257.0,Somerville,US,42.3876,-71.0995,MA,994971-99999,America/New_York
2024-01-04 08:15:00,-31.48180197602494,59.20832731453806,90.0,31.481801976024936,0.3,131.6,100.0,-0.3,48.0,418.0,8.2,104.0,d,0.0,1009.0,2.1,78.0,1011.0,0.0,58.0,3.1,2024-01-04T08:15:00,2024-01-04T13:15:00,1704374100.0,0.4,16.0,248.0,4.6,2.9,Overcast clouds,c04d,804.0,4951257.0,Somerville,US,42.3876,-71.0995,MA,994971-99999,America/New_York
2024-01-04 08:30:00,-46.171771581340494,50.71785685345277,90.0,46.171771581340494,0.2,134.5,100.0,-0.4,54.0,477.0,10.2,137.0,d,0.0,1009.0,2.1,78.0,1011.0,0.0,68.0,3.0,2024-01-04T08:30:00,2024-01-04T13:30:00,1704375000.0,0.4,16.0,248.0,4.8,3.0,Overcast clouds,c04d,804.0,4951257.0,Somerville,US,42.3876,-71.0995,MA,994971-99999,America/New_York
2024-01-04 08:45:00,-60.0,47.036815684719535,90.0,59.99999999999999,0.0,137.4,100.0,-0.7,60.0,535.0,12.2,170.0,d,0.0,1010.0,2.1,77.0,1012.0,0.0,77.0,3.0,2024-01-04T08:45:00,2024-01-04T13:45:00,1704375900.0,0.4,16.0,248.0,5.0,3.1,Overcast clouds,c04d,804.0,4951257.0,Somerville,US,42.3876,-71.0995,MA,994971-99999,America/New_York
2024-01-04 09:00:00,-60.0,48.738308484356196,90.0,59.99999999999999,-0.2,140.3,100.0,-0.7,67.0,594.0,14.1,204.0,d,0.0,1010.0,2.1,77.0,1012.0,0.0,87.0,2.9,2024-01-04T09:00:00,2024-01-04T14:00:00,1704376800.0,0.4,16.0,248.0,5.2,3.2,Overcast clouds,c04d,804.0,4951257.0,Somerville,US,42.3876,-71.0995,MA,994971-99999,America/New_York
2024-01-04 09:15:00,-60.0,50.64575296500453,90.0,59.99999999999999,0.0,143.5,100.0,-0.7,70.0,620.0,15.7,232.0,d,0.0,1010.0,2.1,76.0,1012.0,0.0,93.0,3.1,2024-01-04T09:15:00,2024-01-04T14:15:00,1704377700.0,0.5,16.0,248.0,5.4,3.2,Overcast clouds,c04d,804.0,4951257.0,Somerville,US,42.3876,-71.0995,MA,994971-99999,America/New_York
2024-01-04 09:30:00,-60.0,52.73717303134695,90.0,59.99999999999999,0.3,146.8,100.0,-0.7,74.0,646.0,17.2,259.0,d,0.0,1010.0,2.1,75.0,1012.0,0.0,100.0,3.3,2024-01-04T09:30:00,2024-01-04T14:30:00,1704378600.0,0.5,16.0,247.0,5.6,3.2,Overcast clouds,c04d,804.0,4951257.0,Somerville,US,42.3876,-71.0995,MA,994971-99999,America/New_York
2024-01-04 09:45:00,-55.7107937200592,54.87896303749503,90.0,55.7107937200592,0.5,150.0,100.0,-0.8,77.0,673.0,18.7,287.0,d,0.0,1010.0,2.1,74.0,1012.0,0.0,106.0,3.4,2024-01-04T09:45:00,2024-01-04T14:45:00,1704379500.0,0.5,16.0,246.0,5.8,3.2,Overcast clouds,c04d,804.0,4951257.0,Somerville,US,42.3876,-71.0995,MA,994971-99999,America/New_York
2024-01-04 10:00:00,-50.71222546472094,56.90206176726931,90.0,50.71222546472094,0.7,153.3,100.0,-0.8,81.0,699.0,20.2,315.0,d,0.0,1010.0,2.1,73.0,1012.0,0.0,113.0,3.6,2024-01-04T10:00:00,2024-01-04T15:00:00,1704380400.0,0.6,16.0,246.0,6.0,3.2,Overcast clouds,c04d,804.0,4951257.0,Somerville,US,42.3876,-71.0995,MA,994971-99999,America/New_York
2024-01-04 10:15:00,-45.257084866261366,58.7790297702608,90.0,45.25708486626136,1.0,156.9,98.0,-0.6,82.0,711.0,21.2,332.0,d,0.0,1010.0,2.1,72.0,1012.0,0.0,135.0,4.0,2024-01-04T10:15:00,2024-01-04T15:15:00,1704381300.0,0.6,16.0,247.0,6.1,3.3,Overcast clouds,c04d,804.0,4951257.0,Somerville,US,42.3876,-71.0995,MA,994971-99999,America/New_York
2024-01-04 10:30:00,-39.30090851724783,60.478691228447786,90.00000120741826,39.300908517247834,1.4,160.5,95.0,-0.6,84.0,723.0,22.1,349.0,d,0.0,1010.0,2.1,70.0,1012.0,0.0,85.0,4.3,2024-01-04T10:30:00,2024-01-04T15:30:00,1704382200.0,0.7,16.0,248.0,6.2,3.4,Overcast clouds,c04d,804.0,4951257.0,Somerville,US,42.3876,-71.0995,MA,994971-99999,America/New_York
2024-01-04 10:45:00,-32.815186920480826,61.965867065591326,90.00000120741826,32.81518692048083,1.8,164.0,92.0,-0.7,86.0,735.0,23.0,367.0,d,0.0,1009.0,2.1,68.0,1011.0,0.0,118.0,4.7,2024-01-04T10:45:00,2024-01-04T15:45:00,1704383100.0,0.7,16.0,249.0,6.3,3.5,Overcast clouds,c04d,804.0,4951257.0,Somerville,US,42.3876,-71.0995,MA,994971-99999,America/New_York
2024-01-04 11:00:00,-25.80012078958237,63.20266447004759,90.0,25.80012078958237,2.2,167.6,90.0,-0.5,88.0,747.0,23.9,384.0,d,0.0,1009.0,2.1,67.0,1011.0,0.0,142.0,5.1,2024-01-04T11:00:00,2024-01-04T16:00:00,1704384000.0,0.8,16.0,250.0,6.4,3.6,Overcast clouds,c04d,804.0,4951257.0,Somerville,US,42.3876,-71.0995,MA,994971-99999,America/New_York
2024-01-04 11:15:00,-18.298616970624625,64.15109208409089,90.0,18.298616970624614,2.3,171.4,78.0,-0.6,88.0,750.0,24.2,388.0,d,0.0,1009.0,2.1,66.0,1011.0,0.0,238.0,5.2,2024-01-04T11:15:00,2024-01-04T16:15:00,1704384900.0,1.0,16.0,253.0,6.7,3.6,Overcast clouds,c04d,804.0,4951257.0,Somerville,US,42.3876,-71.0995,MA,994971-99999,America/New_York
2024-01-04 11:30:00,-10.40669011950067,64.77708211311275,90.0,10.40669011950067,2.5,175.2,65.0,-0.9,88.0,752.0,24.4,393.0,d,0.0,1009.0,2.1,64.0,1011.0,0.0,311.0,5.3,2024-01-04T11:30:00,2024-01-04T16:30:00,1704385800.0,1.2,16.0,256.0,7.0,3.6,Broken clouds,c03d,803.0,4951257.0,Somerville,US,42.3876,-71.0995,MA,994971-99999,America/New_York
2024-01-04 11:45:00,-2.273480483745703,65.05536696218478,90.0,2.273480483745679,2.6,179.0,52.0,-1.1,89.0,755.0,24.6,397.0,d,0.0,1008.0,2.1,63.0,1010.0,0.0,358.0,5.4,2024-01-04T11:45:00,2024-01-04T16:45:00,1704386700.0,1.4,16.0,259.0,7.3,3.6,Broken clouds,c03d,803.0,4951257.0,Somerville,US,42.3876,-71.0995,MA,994971-99999,America/New_York
2024-01-04 12:00:00,5.914063715330488,64.97391164042438,269.99999692167535,5.914063715330497,2.7,182.8,40.0,-1.2,89.0,758.0,24.9,401.0,d,0.0,1008.0,2.1,62.0,1010.0,0.0,385.0,5.5,2024-01-04T12:00:00,2024-01-04T17:00:00,1704387600.0,1.6,16.0,262.0,7.7,3.6,Scattered clouds,c02d,802.0,4951257.0,Somerville,US,42.3876,-71.0995,MA,994971-99999,America/New_York
2024-01-04 12:15:00,13.959934422476246,64.53627545695079,269.99999758516344,13.959934422476259,3.0,186.5,40.0,-1.2,88.0,752.0,24.4,392.0,d,0.0,1008.0,2.1,60.0,1010.0,0.0,376.0,5.9,2024-01-04T12:15:00,2024-01-04T17:15:00,1704388500.0,1.6,16.0,268.0,7.7,3.9,Scattered clouds,c02d,802.0,4951257.0,Somerville,US,42.3876,-71.0995,MA,994971-99999,America/New_York
2024-01-04 12:30:00,21.69131424381136,63.760895506452044,270.0,21.69131424381136,3.4,190.3,41.0,-1.3,87.0,746.0,23.9,383.0,d,0.0,1008.0,2.1,58.0,1010.0,0.0,366.0,6.3,2024-01-04T12:30:00,2024-01-04T17:30:00,1704389400.0,1.5,16.0,274.0,8.4,4.2,Broken clouds,c03d,803.0,4951257.0,Somerville,US,42.3876,-71.0995,MA,994971-99999,America/New_York
2024-01-04 12:45:00,28.982078789799704,62.67760538131419,270.0,28.982078789799697,3.8,194.0,42.0,-1.4,87.0,740.0,23.4,374.0,d,0.0,1008.0,2.1,56.0,1010.0,0.0,356.0,6.8,2024-01-04T12:45:00,2024-01-04T17:45:00,1704390300.0,1.5,16.0,280.0,8.8,4.5,Broken clouds,c03d,803.0,4951257.0,Somerville,US,42.3876,-71.0995,MA,994971-99999,America/New_York
2024-01-04 13:00:00,35.7609286085306,61.32280610518349,270.0,35.7609286085306,4.2,197.8,42.0,-1.5,86.0,734.0,22.9,365.0,d,0.0,1008.0,2.1,54.0,1010.0,0.0,348.0,7.2,2024-01-04T13:00:00,2024-01-04T18:00:00,1704391200.0,1.4,16.0,286.0,9.2,4.8,Broken clouds,c03d,803.0,4951257.0,Somerville,US,42.3876,-71.0995,MA,994971-99999,America/New_York
2024-01-04 13:15:00,42.005849137271966,59.73485306260421,270.0,42.005849137271966,3.9,201.3,44.0,-1.6,83.0,718.0,21.7,343.0,d,0.0,1008.0,2.1,54.0,1010.0,0.0,324.0,7.0,2024-01-04T13:15:00,2024-01-04T18:15:00,1704392100.0,1.3,16.0,292.0,9.4,4.9,Broken clouds,c03d,803.0,4951257.0,Somerville,US,42.3876,-71.0995,MA,994971-99999,America/New_York
2024-01-04 13:30:00,47.731313999646616,57.95064710900014,269.99999914622634,47.73131399964662,3.7,204.7,46.0,-1.5,81.0,702.0,20.6,322.0,d,0.0,1008.0,2.1,55.0,1010.0,0.0,301.0,6.9,2024-01-04T13:30:00,2024-01-04T18:30:00,1704393000.0,1.2,16.0,298.0,9.6,5.0,Broken clouds,c03d,803.0,4951257.0,Somerville,US,42.3876,-71.0995,MA,994971-99999,America/New_York
2024-01-04 13:45:00,52.974424721991745,56.00365402536997,270.0,52.97442472199174,3.5,208.2,47.0,-1.4,79.0,685.0,19.4,300.0,d,0.0,1008.0,2.1,56.0,1010.0,0.0,279.0,6.8,2024-01-04T13:45:00,2024-01-04T18:45:00,1704393900.0,1.2,16.0,304.0,9.8,5.1,Broken clouds,c03d,803.0,4951257.0,Somerville,US,42.3876,-71.0995,MA,994971-99999,America/New_York
2024-01-04 14:00:00,57.78352095330809,53.923083827348066,270.0,57.78352095330809,3.3,211.7,49.0,-1.5,76.0,669.0,18.3,279.0,d,0.0,1008.0,2.1,56.0,1010.0,0.0,257.0,6.6,2024-01-04T14:00:00,2024-01-04T19:00:00,1704394800.0,1.1,16.0,310.0,10.0,5.2,Broken clouds,c03d,803.0,4951257.0,Somerville,US,42.3876,-71.0995,MA,994971-99999,America/New_York
2024-01-04 14:15:00,60.0,51.76746708376787,270.0,59.99999999999999,3.2,214.8,41.0,-1.2,72.0,635.0,16.6,248.0,d,0.0,1008.0,2.1,57.0,1010.0,0.0,237.0,6.7,2024-01-04T14:15:00,2024-01-04T19:15:00,1704395700.0,1.1,16.0,313.0,10.2,5.4,Broken clouds,c03d,803.0,4951257.0,Somerville,US,42.3876,-71.0995,MA,994971-99999,America/New_York
2024-01-04 14:30:00,60.0,49.752717641179935,270.0,59.99999999999999,3.2,217.9,32.0,-1.0,68.0,600.0,14.9,217.0,d,0.0,1008.0,2.1,58.0,1010.0,0.0,213.0,6.7,2024-01-04T14:30:00,2024-01-04T19:30:00,1704396600.0,1.2,16.0,316.0,10.4,5.6,Scattered clouds,c02d,802.0,4951257.0,Somerville,US,42.3876,-71.0995,MA,994971-99999,America/New_York
2024-01-04 14:45:00,60.0,47.931499996190105,270.0,59.99999999999999,3.2,221.0,24.0,-0.9,64.0,566.0,13.1,187.0,d,0.0,1008.0,2.1,58.0,1010.0,0.0,186.0,6.8,2024-01-04T14:45:00,2024-01-04T19:45:00,1704397500.0,1.2,16.0,319.0,10.6,5.8,Scattered clouds,c02d,802.0,4951257.0,Somerville,US,42.3876,-71.0995,MA,994971-99999,America/New_York
2024-01-04 15:00:00,60.0,46.32609396182003,270.0,59.99999999999999,3.2,224.2,16.0,-0.6,59.0,531.0,11.4,156.0,d,0.0,1008.0,2.1,59.0,1010.0,0.0,156.0,6.8,2024-01-04T15:00:00,2024-01-04T20:00:00,1704398400.0,1.2,16.0,322.0,10.8,6.0,Few clouds,c02d,801.0,4951257.0,Somerville,US,42.3876,-71.0995,MA,994971-99999,America/New_York
2024-01-04 15:15:00,38.79741145283942,54.456245785765844,270.0,38.79741145283941,2.3,226.9,13.0,-1.4,51.0,447.0,9.3,124.0,d,0.0,1008.0,2.1,58.0,1010.0,0.0,124.0,6.2,2024-01-04T15:15:00,2024-01-04T20:15:00,1704399300.0,1.2,16.0,323.0,14.4,6.3,Few clouds,c02d,801.0,4951257.0,Somerville,US,42.3876,-71.0995,MA,994971-99999,America/New_York
2024-01-04 15:30:00,26.75474875943859,62.764490919068265,269.99999914622634,26.754748759438595,1.4,229.7,10.0,-2.0,43.0,363.0,7.2,91.0,d,0.0,1009.0,2.1,58.0,1011.0,0.0,91.0,5.6,2024-01-04T15:30:00,2024-01-04T20:30:00,1704400200.0,1.2,16.0,324.0,11.6,6.6,Few clouds,c02d,801.0,4951257.0,Somerville,US,42.3876,-71.0995,MA,994971-99999,America/New_York
2024-01-04 15:45:00,17.64293158116459,70.78908625600211,270.0,17.642931581164586,0.5,232.4,8.0,-2.6,34.0,278.0,5.1,59.0,d,0.0,1009.0,2.1,58.0,1011.0,0.0,59.0,5.0,2024-01-04T15:45:00,2024-01-04T20:45:00,1704401100.0,1.2,16.0,325.0,12.0,6.9,Few clouds,c02d,801.0,4951257.0,Somerville,US,42.3876,-71.0995,MA,994971-99999,America/New_York
2024-01-04 16:00:00,9.958187879963788,78.62570911018186,270.0,9.958187879963772,-0.3,235.2,5.0,-3.4,26.0,194.0,3.0,26.0,d,0.0,1009.0,2.1,57.0,1011.0,0.0,52.0,4.4,2024-01-04T16:00:00,2024-01-04T21:00:00,1704402000.0,1.2,16.0,326.0,12.4,7.2,Few clouds,c02n,801.0,4951257.0,Somerville,US,42.3876,-71.0995,MA,994971-99999,America/New_York
2024-01-04 16:15:00,3.2168859911547827,86.19365177435677,269.99999250816666,3.2168859911548107,-0.5,237.7,4.0,-3.7,19.0,145.0,0.6,20.0,d,0.0,1009.0,2.1,56.0,1011.0,0.0,20.0,4.3,2024-01-04T16:15:00,2024-01-04T21:15:00,1704402900.0,1.2,16.0,326.0,12.7,7.1,Few clouds,c02n,801.0,4951257.0,Somerville,US,42.3876,-71.0995,MA,994971-99999,America/New_York
2024-01-04 16:30:00,,,,,-0.7,240.2,2.0,-4.4,13.0,97.0,-1.8,13.0,d,0.0,1010.0,2.1,54.0,1012.0,0.0,26.0,4.1,2024-01-04T16:30:00,2024-01-04T21:30:00,1704403800.0,0.0,16.0,325.0,13.0,7.0,Few clouds,c02n,801.0,4951257.0,Somerville,US,42.3876,-71.0995,MA,994971-99999,America/New_York
2024-01-04 16:45:00,,,,,-0.8,242.7,1.0,-4.7,6.0,48.0,-4.2,7.0,d,0.0,1010.0,2.1,53.0,1012.0,0.0,7.0,4.0,2024-01-04T16:45:00,2024-01-04T21:45:00,1704404700.0,0.0,16.0,324.0,13.3,6.9,Clear Sky,c01n,800.0,4951257.0,Somerville,US,42.3876,-71.0995,MA,994971-99999,America/New_York
2024-01-04 17:00:00,,,,,-1.0,245.2,0.0,-5.1,0.0,0.0,-6.6,0.0,n,0.0,1010.0,2.1,52.0,1012.0,0.0,0.0,3.8,2024-01-04T17:00:00,2024-01-04T22:00:00,1704405600.0,0.0,16.0,324.0,13.6,6.8,Clear Sky,c01n,800.0,4951257.0,Somerville,US,42.3876,-71.0995,MA,994971-99999,America/New_York
2024-01-04 17:15:00,,,,,-1.5,247.5,0.0,-5.7,0.0,0.0,-9.2,0.0,n,0.0,1011.0,2.1,51.0,1013.0,0.0,0.0,3.4,2024-01-04T17:15:00,2024-01-04T22:15:00,1704406500.0,0.0,16.0,324.0,13.7,7.0,Clear Sky,c01n,800.0,4951257.0,Somerville,US,42.3876,-71.0995,MA,994971-99999,America/New_York
2024-01-04 17:30:00,,,,,-2.1,249.8,0.0,-6.3,0.0,0.0,-11.8,0.0,n,0.0,1011.0,2.1,50.0,1013.0,0.0,0.0,3.0,2024-01-04T17:30:00,2024-01-04T22:30:00,1704407400.0,0.0,16.0,323.0,13.8,7.2,Clear Sky,c01n,800.0,4951257.0,Somerville,US,42.3876,-71.0995,MA,994971-99999,America/New_York
2024-01-04 17:45:00,,,,,-2.6,252.2,0.0,-7.2,0.0,0.0,-14.4,0.0,n,0.0,1011.0,2.1,48.0,1013.0,0.0,0.0,2.7,2024-01-04T17:45:00,2024-01-04T22:45:00,1704408300.0,0.0,16.0,322.0,13.9,7.4,Clear Sky,c01n,800.0,4951257.0,Somerville,US,42.3876,-71.0995,MA,994971-99999,America/New_York
2024-01-04 18:00:00,,,,,-3.2,254.5,0.0,-7.8,0.0,0.0,-17.0,0.0,n,0.0,1012.0,2.1,47.0,1014.0,0.0,0.0,2.3,2024-01-04T18:00:00,2024-01-04T23:00:00,1704409200.0,0.0,16.0,322.0,14.0,7.6,Clear Sky,c01n,800.0,4951257.0,Somerville,US,42.3876,-71.0995,MA,994971-99999,America/New_York
2024-01-04 18:15:00,,,,,-3.8,256.8,0.0,-8.5,0.0,0.0,-19.7,0.0,n,0.0,1012.0,2.1,46.0,1014.0,0.0,0.0,1.8,2024-01-04T18:15:00,2024-01-04T23:15:00,1704410100.0,0.0,16.0,322.0,13.9,7.6,Clear Sky,c01n,800.0,4951257.0,Somerville,US,42.3876,-71.0995,MA,994971-99999,America/New_York
2024-01-04 18:30:00,,,,,-4.4,259.1,0.0,-9.0,0.0,0.0,-22.4,0.0,n,0.0,1012.0,2.1,46.0,1014.0,0.0,0.0,1.4,2024-01-04T18:30:00,2024-01-04T23:30:00,1704411000.0,0.0,16.0,323.0,13.8,7.6,Clear Sky,c01n,800.0,4951257.0,Somerville,US,42.3876,-71.0995,MA,994971-99999,America/New_York
2024-01-04 18:45:00,,,,,-5.0,261.5,0.0,-9.7,0.0,0.0,-25.2,0.0,n,0.0,1013.0,2.1,45.0,1015.0,0.0,0.0,0.9,2024-01-04T18:45:00,2024-01-04T23:45:00,1704411900.0,0.0,16.0,324.0,13.7,7.6,Clear Sky,c01n,800.0,4951257.0,Somerville,US,42.3876,-71.0995,MA,994971-99999,America/New_York
2024-01-04 19:00:00,,,,,-5.6,263.8,0.0,-10.4,0.0,0.0,-27.9,0.0,n,0.0,1013.0,2.1,44.0,1015.0,0.0,0.0,0.4,2024-01-04T19:00:00,2024-01-05T00:00:00,1704412800.0,0.0,16.0,324.0,13.6,7.6,Clear Sky,c01n,800.0,4951257.0,Somerville,US,42.3876,-71.0995,MA,994971-99999,America/New_York
2024-01-04 19:15:00,,,,,-6.0,266.3,0.0,-10.7,0.0,0.0,-30.6,0.0,n,0.0,1013.0,2.1,44.0,1015.0,0.0,0.0,0.1,2024-01-04T19:15:00,2024-01-05T00:15:00,1704413700.0,0.0,16.0,324.0,13.4,7.5,Clear Sky,c01n,800.0,4951257.0,Somerville,US,42.3876,-71.0995,MA,994971-99999,America/New_York
2024-01-04 19:30:00,,,,,-6.3,268.8,0.0,-10.9,0.0,0.0,-33.4,0.0,n,0.0,1013.0,2.1,44.0,1015.0,0.0,0.0,-0.1,2024-01-04T19:30:00,2024-01-05T00:30:00,1704414600.0,0.0,16.0,324.0,13.2,7.4,Clear Sky,c01n,800.0,4951257.0,Somerville,US,42.3876,-71.0995,MA,994971-99999,America/New_York
2024-01-04 19:45:00,,,,,-6.6,271.3,0.0,-10.9,0.0,0.0,-36.2,0.0,n,0.0,1014.0,2.1,45.0,1016.0,0.0,0.0,-0.4,2024-01-04T19:45:00,2024-01-05T00:45:00,1704415500.0,0.0,16.0,324.0,13.0,7.3,Clear Sky,c01n,800.0,4951257.0,Somerville,US,42.3876,-71.0995,MA,994971-99999,America/New_York
2024-01-04 20:00:00,,,,,-6.9,273.8,0.0,-11.1,0.0,0.0,-38.9,0.0,n,0.0,1014.0,2.1,45.0,1016.0,0.0,0.0,-0.7,2024-01-04T20:00:00,2024-01-05T01:00:00,1704416400.0,0.0,16.0,324.0,12.8,7.2,Clear Sky,c01n,800.0,4951257.0,Somerville,US,42.3876,-71.0995,MA,994971-99999,America/New_York
2024-01-04 20:15:00,,,,,-7.3,276.7,0.0,-11.4,0.0,0.0,-41.7,0.0,n,0.0,1014.0,2.1,45.0,1016.0,0.0,0.0,-1.0,2024-01-04T20:15:00,2024-01-05T01:15:00,1704417300.0,0.0,16.0,324.0,10.8,7.2,Clear Sky,c01n,800.0,4951257.0,Somerville,US,42.3876,-71.0995,MA,994971-99999,America/New_York
2024-01-04 20:30:00,,,,,-7.7,279.7,0.0,-11.4,0.0,0.0,-44.4,0.0,n,0.0,1014.0,2.1,46.0,1016.0,0.0,0.0,-1.4,2024-01-04T20:30:00,2024-01-05T01:30:00,1704418200.0,0.0,16.0,324.0,12.6,7.2,Clear Sky,c01n,800.0,4951257.0,Somerville,US,42.3876,-71.0995,MA,994971-99999,America/New_York
2024-01-04 20:45:00,,,,,-8.2,282.7,0.0,-11.7,0.0,0.0,-47.1,0.0,n,0.0,1014.0,2.1,46.0,1016.0,0.0,0.0,-1.7,2024-01-04T20:45:00,2024-01-05T01:45:00,1704419100.0,0.0,16.0,324.0,12.5,7.2,Clear Sky,c01n,800.0,4951257.0,Somerville,US,42.3876,-71.0995,MA,994971-99999,America/New_York
2024-01-04 21:00:00,,,,,-8.6,285.7,0.0,-12.0,0.0,0.0,-49.8,0.0,n,0.0,1015.0,2.1,46.0,1017.0,0.0,0.0,-2.0,2024-01-04T21:00:00,2024-01-05T02:00:00,1704420000.0,0.0,16.0,324.0,12.4,7.2,Clear Sky,c01n,800.0,4951257.0,Somerville,US,42.3876,-71.0995,MA,994971-99999,America/New_York
2024-01-04 21:15:00,,,,,-8.8,289.9,0.0,-12.2,0.0,0.0,-52.4,0.0,n,0.0,1015.0,2.1,46.0,1017.0,0.0,0.0,-2.2,2024-01-04T21:15:00,2024-01-05T02:15:00,1704420900.0,0.0,16.0,324.0,12.4,7.1,Clear Sky,c01n,800.0,4951257.0,Somerville,US,42.3876,-71.0995,MA,994971-99999,America/New_York
2024-01-04 21:30:00,,,,,-9.1,294.0,0.0,-12.5,0.0,0.0,-54.9,0.0,n,0.0,1015.0,2.1,46.0,1017.0,0.0,0.0,-2.5,2024-01-04T21:30:00,2024-01-05T02:30:00,1704421800.0,0.0,16.0,325.0,12.4,7.0,Clear Sky,c01n,800.0,4951257.0,Somerville,US,42.3876,-71.0995,MA,994971-99999,America/New_York
2024-01-04 21:45:00,,,,,-9.3,298.1,0.0,-12.7,0.0,0.0,-57.4,0.0,n,0.0,1015.0,2.1,46.0,1017.0,0.0,0.0,-2.7,2024-01-04T21:45:00,2024-01-05T02:45:00,1704422700.0,0.0,16.0,326.0,12.4,6.9,Clear Sky,c01n,800.0,4951257.0,Somerville,US,42.3876,-71.0995,MA,994971-99999,America/New_York
2024-01-04 22:00:00,,,,,-9.5,302.3,0.0,-12.9,0.0,0.0,-60.0,0.0,n,0.0,1015.0,2.1,46.0,1017.0,0.0,0.0,-2.9,2024-01-04T22:00:00,2024-01-05T03:00:00,1704423600.0,0.0,16.0,326.0,12.4,6.8,Clear Sky,c01n,800.0,4951257.0,Somerville,US,42.3876,-71.0995,MA,994971-99999,America/New_York
2024-01-04 22:15:00,,,,,-9.8,308.9,0.0,-13.1,0.0,0.0,-61.9,0.0,n,0.0,1016.0,2.1,46.0,1018.0,0.0,0.0,-3.1,2024-01-04T22:15:00,2024-01-05T03:15:00,1704424500.0,0.0,16.0,326.0,13.4,6.8,Clear Sky,c01n,800.0,4951257.0,Somerville,US,42.3876,-71.0995,MA,994971-99999,America/New_York
2024-01-04 22:30:00,,,,,-10.1,315.5,0.0,-13.2,0.0,0.0,-63.9,0.0,n,0.0,1016.0,2.1,46.0,1018.0,0.0,0.0,-3.3,2024-01-04T22:30:00,2024-01-05T03:30:00,1704425400.0,0.0,16.0,325.0,12.2,6.8,Clear Sky,c01n,800.0,4951257.0,Somerville,US,42.3876,-71.0995,MA,994971-99999,America/New_York
2024-01-04 22:45:00,,,,,-10.3,322.0,0.0,-13.2,0.0,0.0,-65.8,0.0,n,0.0,1016.0,2.1,47.0,1018.0,0.0,0.0,-3.5,2024-01-04T22:45:00,2024-01-05T03:45:00,1704426300.0,0.0,16.0,324.0,12.1,6.8,Clear Sky,c01n,800.0,4951257.0,Somerville,US,42.3876,-71.0995,MA,994971-99999,America/New_York
2024-01-04 23:00:00,,,,,-10.6,328.6,0.0,-13.3,0.0,0.0,-67.8,0.0,n,0.0,1016.0,2.1,47.0,1018.0,0.0,0.0,-3.7,2024-01-04T23:00:00,2024-01-05T04:00:00,1704427200.0,0.0,16.0,324.0,12.0,6.8,Clear Sky,c01n,800.0,4951257.0,Somerville,US,42.3876,-71.0995,MA,994971-99999,America/New_York
2024-01-04 23:15:00,,,,,-10.8,248.3,0.0,-13.5,0.0,0.0,-68.4,0.0,n,0.0,1016.0,2.1,47.0,1018.0,0.0,0.0,-3.9,2024-01-04T23:15:00,2024-01-05T04:15:00,1704428100.0,0.0,16.0,324.0,12.0,6.8,Clear Sky,c01n,800.0,4951257.0,Somerville,US,42.3876,-71.0995,MA,994971-99999,America/New_York
2024-01-04 23:30:00,,,,,-11.0,168.0,0.0,-13.6,0.0,0.0,-69.0,0.0,n,0.0,1016.0,2.1,47.0,1018.0,0.0,0.0,-4.0,2024-01-04T23:30:00,2024-01-05T04:30:00,1704429000.0,0.0,16.0,323.0,12.0,6.8,Clear Sky,c01n,800.0,4951257.0,Somerville,US,42.3876,-71.0995,MA,994971-99999,America/New_York
2024-01-04 23:45:00,,,,,-11.1,87.7,0.0,-13.8,0.0,0.0,-69.6,0.0,n,0.0,1016.0,2.1,47.0,1018.0,0.0,0.0,-4.2,2024-01-04T23:45:00,2024-01-05T04:45:00,1704429900.0,0.0,16.0,322.0,12.0,6.8,Clear Sky,c01n,800.0,4951257.0,Somerville,US,42.3876,-71.0995,MA,994971-99999,America/New_York
2024-01-05 00:00:00,,,,,-11.3,7.4,0.0,-13.9,0.0,0.0,-70.2,0.0,n,0.0,1016.0,2.1,47.0,1018.0,0.0,0.0,-4.3,2024-01-05T00:00:00,2024-01-05T05:00:00,1704430800.0,0.0,16.0,322.0,12.0,6.8,Clear Sky,c01n,800.0,4951257.0,Somerville,US,42.3876,-71.0995,MA,994971-99999,America/New_York
2024-01-05 00:15:00,,,,,-11.3,16.1,0.0,-13.9,0.0,0.0,-69.0,0.0,n,0.0,1016.0,2.1,47.0,1018.0,0.0,0.0,-4.3,2024-01-05T00:15:00,2024-01-05T05:15:00,1704431700.0,0.0,16.0,321.0,12.1,6.8,Clear Sky,c01n,800.0,4951257.0,Somerville,US,42.3876,-71.0995,MA,994971-99999,America/New_York
2024-01-05 00:30:00,,,,,-11.3,24.9,0.0,-13.8,0.0,0.0,-67.8,0.0,n,0.0,1016.0,2.1,47.0,1018.0,0.0,0.0,-4.3,2024-01-05T00:30:00,2024-01-05T05:30:00,1704432600.0,0.0,16.0,320.0,12.2,6.8,Clear Sky,c01n,800.0,4951257.0,Somerville,US,42.3876,-71.0995,MA,994971-99999,America/New_York
2024-01-05 00:45:00,,,,,-11.2,33.6,0.0,-13.8,0.0,0.0,-66.6,0.0,n,0.0,1017.0,2.1,47.0,1019.0,0.0,0.0,-4.2,2024-01-05T00:45:00,2024-01-05T05:45:00,1704433500.0,0.0,16.0,319.0,12.3,6.8,Clear Sky,c01n,800.0,4951257.0,Somerville,US,42.3876,-71.0995,MA,994971-99999,America/New_York
2024-01-05 01:00:00,,,,,-11.2,42.4,0.0,-13.8,0.0,0.0,-65.4,0.0,n,0.0,1017.0,2.1,47.0,1019.0,0.0,0.0,-4.2,2024-01-05T01:00:00,2024-01-05T06:00:00,1704434400.0,0.0,16.0,318.0,12.4,6.8,Clear Sky,c01n,800.0,4951257.0,Somerville,US,42.3876,-71.0995,MA,994971-99999,America/New_York
2024-01-05 01:15:00,,,,,-11.3,47.9,0.0,-13.8,0.0,0.0,-63.2,0.0,n,0.0,1017.0,2.1,47.0,1019.0,0.0,0.0,-4.3,2024-01-05T01:15:00,2024-01-05T06:15:00,1704435300.0,0.0,16.0,318.0,10.8,6.8,Clear Sky,c01n,800.0,4951257.0,Somerville,US,42.3876,-71.0995,MA,994971-99999,America/New_York
2024-01-05 01:30:00,,,,,-11.3,53.4,0.0,-13.6,0.0,0.0,-60.9,0.0,n,0.0,1017.0,2.1,48.0,1019.0,0.0,0.0,-4.3,2024-01-05T01:30:00,2024-01-05T06:30:00,1704436200.0,0.0,16.0,317.0,12.4,6.8,Clear Sky,c01n,800.0,4951257.0,Somerville,US,42.3876,-71.0995,MA,994971-99999,America/New_York
2024-01-05 01:45:00,,,,,-11.4,58.9,0.0,-13.7,0.0,0.0,-58.7,0.0,n,0.0,1017.0,2.1,48.0,1019.0,0.0,0.0,-4.3,2024-01-05T01:45:00,2024-01-05T06:45:00,1704437100.0,0.0,16.0,316.0,12.4,6.8,Clear Sky,c01n,800.0,4951257.0,Somerville,US,42.3876,-71.0995,MA,994971-99999,America/New_York
2024-01-05 02:00:00,,,,,-11.5,64.4,0.0,-13.7,0.0,0.0,-56.5,0.0,n,0.0,1017.0,2.1,48.0,1019.0,0.0,0.0,-4.4,2024-01-05T02:00:00,2024-01-05T07:00:00,1704438000.0,0.0,16.0,316.0,12.4,6.8,Clear Sky,c01n,800.0,4951257.0,Somerville,US,42.3876,-71.0995,MA,994971-99999,America/New_York
2024-01-05 02:15:00,,,,,-11.5,68.0,1.0,-13.5,0.0,0.0,-53.8,0.0,n,0.0,1017.0,2.1,49.0,1019.0,0.0,0.0,-4.5,2024-01-05T02:15:00,2024-01-05T07:15:00,1704438900.0,0.0,16.0,316.0,12.4,6.8,Clear Sky,c01n,800.0,4951257.0,Somerville,US,42.3876,-71.0995,MA,994971-99999,America/New_York
2024-01-05 02:30:00,,,,,-11.6,71.7,2.0,-13.3,0.0,0.0,-51.2,0.0,n,0.0,1017.0,2.1,50.0,1019.0,0.0,0.0,-4.5,2024-01-05T02:30:00,2024-01-05T07:30:00,1704439800.0,0.0,16.0,315.0,12.4,6.8,Few clouds,c02n,801.0,4951257.0,Somerville,US,42.3876,-71.0995,MA,994971-99999,America/New_York
2024-01-05 02:45:00,,,,,-11.7,75.3,4.0,-13.4,0.0,0.0,-48.6,0.0,n,0.0,1017.0,2.1,50.0,1019.0,0.0,0.0,-4.5,2024-01-05T02:45:00,2024-01-05T07:45:00,1704440700.0,0.0,16.0,314.0,12.4,6.8,Few clouds,c02n,801.0,4951257.0,Somerville,US,42.3876,-71.0995,MA,994971-99999,America/New_York
2024-01-05 03:00:00,,,,,-11.7,78.9,5.0,-13.2,0.0,0.0,-46.0,0.0,n,0.0,1017.0,2.1,51.0,1019.0,0.0,0.0,-4.6,2024-01-05T03:00:00,2024-01-05T08:00:00,1704441600.0,0.0,16.0,314.0,12.4,6.8,Few clouds,c02n,801.0,4951257.0,Somerville,US,42.3876,-71.0995,MA,994971-99999,America/New_York
2024-01-05 03:15:00,,,,,-11.8,81.7,12.0,-13.3,0.0,0.0,-43.2,0.0,n,0.0,1017.0,2.1,51.0,1019.0,0.0,0.0,-4.7,2024-01-05T03:15:00,2024-01-05T08:15:00,1704442500.0,0.0,16.0,313.0,12.4,6.8,Few clouds,c02n,801.0,4951257.0,Somerville,US,42.3876,-71.0995,MA,994971-99999,America/New_York
2024-01-05 03:30:00,,,,,-12.0,84.4,18.0,-13.4,0.0,0.0,-40.4,0.0,n,0.0,1018.0,2.1,51.0,1020.0,0.0,0.0,-4.8,2024-01-05T03:30:00,2024-01-05T08:30:00,1704443400.0,0.0,16.0,312.0,12.4,6.8,Few clouds,c02n,801.0,4951257.0,Somerville,US,42.3876,-71.0995,MA,994971-99999,America/New_York
2024-01-05 03:45:00,,,,,-12.1,87.2,24.0,-13.4,0.0,0.0,-37.7,0.0,n,0.0,1018.0,2.1,51.0,1020.0,0.0,0.0,-4.9,2024-01-05T03:45:00,2024-01-05T08:45:00,1704444300.0,0.0,16.0,311.0,12.4,6.8,Scattered clouds,c02n,802.0,4951257.0,Somerville,US,42.3876,-71.0995,MA,994971-99999,America/New_York
2024-01-05 04:00:00,,,,,-12.2,90.0,31.0,-13.5,0.0,0.0,-34.9,0.0,n,0.0,1018.0,2.1,51.0,1020.0,0.0,0.0,-5.0,2024-01-05T04:00:00,2024-01-05T09:00:00,1704445200.0,0.0,16.0,310.0,12.4,6.8,Scattered clouds,c02n,802.0,4951257.0,Somerville,US,42.3876,-71.0995,MA,994971-99999,America/New_York
2024-01-05 04:15:00,,,,,-12.3,92.4,39.0,-13.3,0.0,0.0,-32.2,0.0,n,0.0,1018.0,2.1,52.0,1020.0,0.0,0.0,-5.0,2024-01-05T04:15:00,2024-01-05T09:15:00,1704446100.0,0.0,16.0,309.0,9.8,6.8,Scattered clouds,c02n,802.0,4951257.0,Somerville,US,42.3876,-71.0995,MA,994971-99999,America/New_York
2024-01-05 04:30:00,,,,,-12.4,94.8,48.0,-13.4,0.0,0.0,-29.4,0.0,n,0.0,1018.0,2.1,52.0,1020.0,0.0,0.0,-5.1,2024-01-05T04:30:00,2024-01-05T09:30:00,1704447000.0,0.0,16.0,308.0,12.4,6.8,Broken clouds,c03n,803.0,4951257.0,Somerville,US,42.3876,-71.0995,MA,994971-99999,America/New_York
2024-01-05 04:45:00,,,,,-12.4,97.2,56.0,-13.2,0.0,0.0,-26.7,0.0,n,0.0,1018.0,2.1,53.0,1020.0,0.0,0.0,-5.2,2024-01-05T04:45:00,2024-01-05T09:45:00,1704447900.0,0.0,16.0,307.0,12.4,6.8,Broken clouds,c03n,803.0,4951257.0,Somerville,US,42.3876,-71.0995,MA,994971-99999,America/New_York
2024-01-05 05:00:00,,,,,-12.5,99.6,64.0,-13.0,0.0,0.0,-23.9,0.0,n,0.0,1018.0,2.1,54.0,1020.0,0.0,0.0,-5.2,2024-01-05T05:00:00,2024-01-05T10:00:00,1704448800.0,0.0,16.0,306.0,12.4,6.8,Broken clouds,c03n,803.0,4951257.0,Somerville,US,42.3876,-71.0995,MA,994971-99999,America/New_York
2024-01-05 05:15:00,,,,,-12.6,101.9,62.0,-13.1,0.0,0.0,-21.2,0.0,n,0.0,1019.0,2.1,54.0,1021.0,0.0,0.0,-5.3,2024-01-05T05:15:00,2024-01-05T10:15:00,1704449700.0,0.0,16.0,306.0,12.5,6.8,Broken clouds,c03n,803.0,4951257.0,Somerville,US,42.3876,-71.0995,MA,994971-99999,America/New_York
2024-01-05 05:30:00,,,,,-12.6,104.2,61.0,-13.1,0.0,0.0,-18.5,0.0,n,0.0,1019.0,2.1,54.0,1021.0,0.0,0.0,-5.3,2024-01-05T05:30:00,2024-01-05T10:30:00,1704450600.0,0.0,16.0,306.0,12.6,6.8,Broken clouds,c03n,803.0,4951257.0,Somerville,US,42.3876,-71.0995,MA,994971-99999,America/New_York
2024-01-05 05:45:00,,,,,-12.7,106.5,60.0,-13.4,0.0,0.0,-15.8,0.0,n,0.0,1019.0,2.1,53.0,1021.0,0.0,0.0,-5.3,2024-01-05T05:45:00,2024-01-05T10:45:00,1704451500.0,0.0,16.0,306.0,12.7,6.8,Broken clouds,c03n,803.0,4951257.0,Somerville,US,42.3876,-71.0995,MA,994971-99999,America/New_York
2024-01-05 06:00:00,,,,,-12.8,108.8,58.0,-13.4,0.0,0.0,-13.2,0.0,n,0.0,1019.0,2.1,53.0,1021.0,0.0,0.0,-5.4,2024-01-05T06:00:00,2024-01-05T11:00:00,1704452400.0,0.0,16.0,306.0,12.8,6.8,Broken clouds,c03n,803.0,4951257.0,Somerville,US,42.3876,-71.0995,MA,994971-99999,America/New_York
2024-01-05 06:15:00,,,,,-12.8,111.2,44.0,-13.2,0.0,0.0,-10.6,0.0,n,0.0,1019.0,2.1,54.0,1021.0,0.0,0.0,-5.4,2024-01-05T06:15:00,2024-01-05T11:15:00,1704453300.0,0.0,16.0,306.0,9.3,6.8,Broken clouds,c03n,803.0,4951257.0,Somerville,US,42.3876,-71.0995,MA,994971-99999,America/New_York
2024-01-05 06:30:00,,,,,-12.8,113.5,30.0,-13.3,0.0,0.0,-8.1,0.0,n,0.0,1019.0,2.1,54.0,1021.0,0.0,0.0,-5.5,2024-01-05T06:30:00,2024-01-05T11:30:00,1704454200.0,0.0,16.0,306.0,12.4,6.8,Scattered clouds,c02n,802.0,4951257.0,Somerville,US,42.3876,-71.0995,MA,994971-99999,America/New_York
2024-01-05 06:45:00,,,,,-12.8,115.9,16.0,-13.1,0.0,0.0,-5.5,0.0,n,0.0,1019.0,2.1,55.0,1021.0,0.0,0.0,-5.5,2024-01-05T06:45:00,2024-01-05T11:45:00,1704455100.0,0.0,16.0,306.0,12.2,6.8,Few clouds,c02n,801.0,4951257.0,Somerville,US,42.3876,-71.0995,MA,994971-99999,America/New_York
2024-01-05 07:00:00,,,,,-12.9,118.3,2.0,-12.9,0.0,0.0,-3.0,0.0,n,0.0,1019.0,2.1,56.0,1021.0,0.0,0.0,-5.5,2024-01-05T07:00:00,2024-01-05T12:00:00,1704456000.0,0.0,16.0,306.0,12.0,6.8,Few clouds,c02n,801.0,4951257.0,Somerville,US,42.3876,-71.0995,MA,994971-99999,America/New_York
2024-01-05 07:15:00,,,,,-12.8,120.9,2.0,-12.8,10.0,90.0,-0.7,18.0,d,0.0,1019.0,2.1,56.0,1021.0,0.0,18.0,-5.5,2024-01-05T07:15:00,2024-01-05T12:15:00,1704456900.0,0.0,16.0,306.0,12.1,6.8,Few clouds,c02n,801.0,4951257.0,Somerville,US,42.3876,-71.0995,MA,994971-99999,America/New_York
2024-01-05 07:30:00,-6.049742355740705,82.93400462052824,90.00000409455455,6.04974235574072,-12.8,123.4,1.0,-13.0,21.0,180.0,1.6,35.0,d,0.0,1020.0,2.1,55.0,1022.0,0.0,35.0,-5.4,2024-01-05T07:30:00,2024-01-05T12:30:00,1704457800.0,1.2,16.0,305.0,12.2,6.8,Clear Sky,c01n,800.0,4951257.0,Somerville,US,42.3876,-71.0995,MA,994971-99999,America/New_York
2024-01-05 07:45:00,-13.186711048522596,75.20268308692332,90.0,13.186711048522595,-12.7,126.0,0.0,-13.2,31.0,270.0,3.9,53.0,d,0.0,1020.0,2.1,54.0,1022.0,0.0,53.0,-5.3,2024-01-05T07:45:00,2024-01-05T12:45:00,1704458700.0,1.3,16.0,304.0,12.3,6.8,Clear Sky,c01d,800.0,4951257.0,Somerville,US,42.3876,-71.0995,MA,994971-99999,America/New_York
2024-01-05 08:00:00,-21.401384733622336,67.26868987272609,90.00000085377364,21.40138473362234,-12.6,128.6,0.0,-13.1,41.0,360.0,6.2,71.0,d,0.0,1020.0,2.1,54.0,1022.0,0.0,71.0,-5.3,2024-01-05T08:00:00,2024-01-05T13:00:00,1704459600.0,1.3,16.0,304.0,12.4,6.8,Clear Sky,c01d,800.0,4951257.0,Somerville,US,42.3876,-71.0995,MA,994971-99999,America/New_York
2024-01-05 08:15:00,-31.501080452531127,59.11521420194174,90.0,31.501080452531127,-11.9,131.5,0.0,-12.8,48.0,419.0,8.2,104.0,d,0.0,1020.0,2.1,53.0,1022.0,0.0,104.0,-4.7,2024-01-05T08:15:00,2024-01-05T13:15:00,1704460500.0,1.3,16.0,304.0,9.3,6.8,Clear Sky,c01d,800.0,4951257.0,Somerville,US,42.3876,-71.0995,MA,994971-99999,America/New_York
2024-01-05 08:30:00,-46.18929269876155,50.592725479713735,90.00000085377364,46.189292698761555,-11.1,134.3,0.0,-12.5,54.0,477.0,10.2,138.0,d,0.0,1020.0,2.1,52.0,1022.0,0.0,138.0,-4.2,2024-01-05T08:30:00,2024-01-05T13:30:00,1704461400.0,1.3,16.0,305.0,12.6,6.8,Clear Sky,c01d,800.0,4951257.0,Somerville,US,42.3876,-71.0995,MA,994971-99999,America/New_York
2024-01-05 08:45:00,-60.0,46.89346582687706,90.0,59.99999999999999,-10.4,137.2,1.0,-12.0,60.0,536.0,12.2,171.0,d,0.0,1020.0,2.1,52.0,1022.0,0.0,171.0,-3.6,2024-01-05T08:45:00,2024-01-05T13:45:00,1704462300.0,1.4,16.0,306.0,12.7,6.8,Clear Sky,c01d,800.0,4951257.0,Somerville,US,42.3876,-71.0995,MA,994971-99999,America/New_York
2024-01-05 09:00:00,-60.0,48.59212309422655,90.0,59.99999999999999,-9.7,140.1,1.0,-11.7,67.0,595.0,14.2,204.0,d,0.0,1020.0,2.1,51.0,1022.0,0.0,204.0,-3.0,2024-01-05T09:00:00,2024-01-05T14:00:00,1704463200.0,1.4,16.0,306.0,12.8,6.8,Clear Sky,c01d,800.0,4951257.0,Somerville,US,42.3876,-71.0995,MA,994971-99999,America/New_York
2024-01-05 09:15:00,-60.0,50.49762394563036,90.0,59.99999999999999,-9.3,143.4,1.0,-11.7,70.0,621.0,15.7,232.0,d,0.0,1020.0,2.1,50.0,1022.0,0.0,232.0,-2.7,2024-01-05T09:15:00,2024-01-05T14:15:00,1704464100.0,1.5,16.0,306.0,12.7,6.7,Clear Sky,c01d,800.0,4951257.0,Somerville,US,42.3876,-71.0995,MA,994971-99999,America/New_York
2024-01-05 09:30:00,-60.0,52.587855931106645,90.0,59.99999999999999,-8.9,146.6,0.0,-11.7,74.0,647.0,17.2,260.0,d,0.0,1020.0,2.1,49.0,1022.0,0.0,260.0,-2.5,2024-01-05T09:30:00,2024-01-05T14:30:00,1704465000.0,1.6,16.0,306.0,12.6,6.6,Clear Sky,c01d,800.0,4951257.0,Somerville,US,42.3876,-71.0995,MA,994971-99999,America/New_York
2024-01-05 09:45:00,-55.74201574268525,54.73010310574738,90.0,55.74201574268525,-8.5,149.9,0.0,-11.7,77.0,673.0,18.8,288.0,d,0.0,1020.0,2.1,48.0,1022.0,0.0,288.0,-2.2,2024-01-05T09:45:00,2024-01-05T14:45:00,1704465900.0,1.7,16.0,306.0,12.5,6.5,Clear Sky,c01d,800.0,4951257.0,Somerville,US,42.3876,-71.0995,MA,994971-99999,America/New_York
2024-01-05 10:00:00,-50.75771773669464,56.75415569633052,90.0,50.75771773669464,-8.1,153.1,0.0,-11.7,81.0,700.0,20.3,316.0,d,0.0,1020.0,2.1,47.0,1022.0,0.0,316.0,-1.9,2024-01-05T10:00:00,2024-01-05T15:00:00,1704466800.0,1.8,16.0,306.0,12.4,6.4,Clear Sky,c01d,800.0,4951257.0,Somerville,US,42.3876,-71.0995,MA,994971-99999,America/New_York
2024-01-05 10:15:00,-45.32053931278765,58.63266747271499,90.0,45.320539312787645,-7.7,156.7,0.0,-11.7,82.0,712.0,21.2,334.0,d,0.0,1020.0,2.1,46.0,1022.0,0.0,334.0,-1.6,2024-01-05T10:15:00,2024-01-05T15:15:00,1704467700.0,1.9,16.0,305.0,12.2,6.3,Clear Sky,c01d,800.0,4951257.0,Somerville,US,42.3876,-71.0995,MA,994971-99999,America/New_York
2024-01-05 10:30:00,-39.386444902315795,60.33469083861014,90.0,39.386444902315795,-7.3,160.3,0.0,-11.7,84.0,724.0,22.2,351.0,d,0.0,1020.0,2.1,45.0,1022.0,0.0,351.0,-1.4,2024-01-05T10:30:00,2024-01-05T15:30:00,1704468600.0,1.9,16.0,304.0,12.0,6.2,Clear Sky,c01d,800.0,4951257.0,Somerville,US,42.3876,-71.0995,MA,994971-99999,America/New_York
2024-01-05 10:45:00,-32.927042201562976,61.82531058679635,90.0,32.927042201562976,-6.9,163.9,0.0,-11.7,86.0,736.0,23.1,368.0,d,0.0,1020.0,2.1,44.0,1022.0,0.0,368.0,-1.1,2024-01-05T10:45:00,2024-01-05T15:45:00,1704469500.0,2.0,16.0,303.0,11.8,6.1,Clear Sky,c01d,800.0,4951257.0,Somerville,US,42.3876,-71.0995,MA,994971-99999,America/New_York
2024-01-05 11:00:00,-25.942081518943215,63.06690906290044,90.00000085377364,25.94208151894322,-6.5,167.5,0.0,-11.8,88.0,748.0,24.0,386.0,d,0.0,1020.0,2.1,43.0,1022.0,0.0,386.0,-0.8,2024-01-05T11:00:00,2024-01-05T16:00:00,1704470400.0,2.1,16.0,302.0,11.6,6.0,Clear Sky,c01d,800.0,4951257.0,Somerville,US,42.3876,-71.0995,MA,994971-99999,America/New_York
2024-01-05 11:15:00,-18.473204708130925,64.02172754945337,90.0,18.47320470813092,-6.1,171.3,0.0,-11.8,88.0,751.0,24.3,390.0,d,0.0,1019.0,2.1,42.0,1021.0,0.0,390.0,-0.5,2024-01-05T11:15:00,2024-01-05T16:15:00,1704471300.0,2.1,16.0,302.0,11.6,6.0,Clear Sky,c01d,800.0,4951257.0,Somerville,US,42.3876,-71.0995,MA,994971-99999,America/New_York
2024-01-05 11:30:00,-10.614266884037603,64.65580538313651,90.0,10.6142668840376,-5.8,175.1,0.0,-11.6,89.0,753.0,24.5,394.0,d,0.0,1019.0,2.1,42.0,1021.0,0.0,394.0,-0.3,2024-01-05T11:30:00,2024-01-05T16:30:00,1704472200.0,2.2,16.0,302.0,11.6,6.0,Clear Sky,c01d,800.0,4951257.0,Somerville,US,42.3876,-71.0995,MA,994971-99999,America/New_York
2024-01-05 11:45:00,-2.511619119588743,64.9437882332903,90.0,2.511619119588702,-5.4,178.9,0.0,-11.3,89.0,756.0,24.8,399.0,d,0.0,1019.0,2.1,42.0,1021.0,0.0,399.0,0.0,2024-01-05T11:45:00,2024-01-05T16:45:00,1704473100.0,2.2,16.0,302.0,11.6,6.0,Clear Sky,c01d,800.0,4951257.0,Somerville,US,42.3876,-71.0995,MA,994971-99999,America/New_York
2024-01-05 12:00:00,5.6505655623688895,64.87332564088767,270.0,5.650565562368876,-5.1,182.7,0.0,-11.4,89.0,759.0,25.0,403.0,d,0.0,1018.0,2.1,41.0,1020.0,0.0,403.0,0.3,2024-01-05T12:00:00,2024-01-05T17:00:00,1704474000.0,2.2,16.0,302.0,11.6,6.0,Clear Sky,c01d,800.0,4951257.0,Somerville,US,42.3876,-71.0995,MA,994971-99999,America/New_York
2024-01-05 12:15:00,13.678263287314834,64.44747221456902,269.99999914622634,13.678263287314836,-4.8,186.4,0.0,-11.2,89.0,753.0,24.5,394.0,d,0.0,1018.0,2.1,41.0,1020.0,0.0,394.0,0.5,2024-01-05T12:15:00,2024-01-05T17:15:00,1704474900.0,2.2,16.0,302.0,11.8,6.0,Clear Sky,c01d,800.0,4951257.0,Somerville,US,42.3876,-71.0995,MA,994971-99999,America/New_York
2024-01-05 12:30:00,21.39934958932375,63.68407764371962,270.0,21.39934958932375,-4.5,190.2,0.0,-11.0,88.0,747.0,24.0,385.0,d,0.0,1018.0,2.1,41.0,1020.0,0.0,385.0,0.8,2024-01-05T12:30:00,2024-01-05T17:30:00,1704475800.0,2.1,16.0,302.0,11.6,6.0,Clear Sky,c01d,800.0,4951257.0,Somerville,US,42.3876,-71.0995,MA,994971-99999,America/New_York
2024-01-05 12:45:00,28.68712354378997,62.61242846091989,270.0,28.68712354378997,-4.2,193.9,0.0,-10.8,87.0,742.0,23.5,376.0,d,0.0,1018.0,2.1,41.0,1020.0,0.0,376.0,1.0,2024-01-05T12:45:00,2024-01-05T17:45:00,1704476700.0,2.1,16.0,302.0,11.6,6.0,Clear Sky,c01d,800.0,4951257.0,Somerville,US,42.3876,-71.0995,MA,994971-99999,America/New_York
2024-01-05 13:00:00,35.46887601779034,61.268504308444626,270.0,35.46887601779034,-3.9,197.7,0.0,-10.6,86.0,736.0,23.0,367.0,d,0.0,1018.0,2.1,41.0,1020.0,0.0,367.0,1.2,2024-01-05T13:00:00,2024-01-05T18:00:00,1704477600.0,2.0,16.0,302.0,11.6,6.0,Clear Sky,c01d,800.0,4951257.0,Somerville,US,42.3876,-71.0995,MA,994971-99999,America/New_York
2024-01-05 13:15:00,41.72089278344193,59.69039725321563,270.0,41.72089278344193,-4.0,201.2,0.0,-10.7,84.0,720.0,21.9,346.0,d,0.0,1018.0,2.1,41.0,1020.0,0.0,346.0,1.1,2024-01-05T13:15:00,2024-01-05T18:15:00,1704478500.0,1.9,16.0,302.0,11.6,5.9,Clear Sky,c01d,800.0,4951257.0,Somerville,US,42.3876,-71.0995,MA,994971-99999,America/New_York
2024-01-05 13:30:00,47.456064929172854,57.914888054015336,270.0,47.456064929172854,-4.1,204.7,0.0,-10.8,81.0,704.0,20.7,324.0,d,0.0,1018.0,2.1,41.0,1020.0,0.0,324.0,0.9,2024-01-05T13:30:00,2024-01-05T18:30:00,1704479400.0,1.8,16.0,301.0,11.6,5.8,Clear Sky,c01d,800.0,4951257.0,Somerville,US,42.3876,-71.0995,MA,994971-99999,America/New_York
2024-01-05 13:45:00,52.71022891409564,55.97542479974045,269.99999914622634,52.710228914095644,-4.3,208.2,0.0,-10.9,79.0,688.0,19.6,303.0,d,0.0,1018.0,2.1,41.0,1020.0,0.0,303.0,0.8,2024-01-05T13:45:00,2024-01-05T18:45:00,1704480300.0,1.7,16.0,300.0,11.6,5.7,Clear Sky,c01d,800.0,4951257.0,Somerville,US,42.3876,-71.0995,MA,994971-99999,America/New_York
2024-01-05 14:00:00,57.530816803280764,53.90127274792565,270.0,57.530816803280764,-4.4,211.6,0.0,-11.0,77.0,671.0,18.4,281.0,d,0.0,1018.0,2.1,41.0,1020.0,0.0,281.0,0.7,2024-01-05T14:00:00,2024-01-05T19:00:00,1704481200.0,1.7,16.0,300.0,10.8,5.6,Clear Sky,c01d,800.0,4951257.0,Somerville,US,42.3876,-71.0995,MA,994971-99999,America/New_York
2024-01-05 14:15:00,60.0,51.74412254514612,270.0,59.99999999999999,-4.1,214.8,0.0,-10.8,72.0,637.0,16.7,251.0,d,0.0,1018.0,2.1,41.0,1020.0,0.0,251.0,0.9,2024-01-05T14:15:00,2024-01-05T19:15:00,1704482100.0,1.6,16.0,300.0,10.8,5.5,Clear Sky,c01d,800.0,4951257.0,Somerville,US,42.3876,-71.0995,MA,994971-99999,America/New_York
2024-01-05 14:30:00,60.0,49.719701728905136,270.0,59.99999999999999,-3.8,217.9,0.0,-10.4,68.0,603.0,15.0,220.0,d,0.0,1018.0,2.1,42.0,1020.0,0.0,220.0,1.1,2024-01-05T14:30:00,2024-01-05T19:30:00,1704483000.0,1.5,16.0,299.0,10.6,5.4,Clear Sky,c01d,800.0,4951257.0,Somerville,US,42.3876,-71.0995,MA,994971-99999,America/New_York
2024-01-05 14:45:00,60.0,47.888289982050274,270.0,59.99999999999999,-3.5,221.0,0.0,-10.2,64.0,569.0,13.3,189.0,d,0.0,1018.0,2.1,42.0,1020.0,0.0,189.0,1.3,2024-01-05T14:45:00,2024-01-05T19:45:00,1704483900.0,1.4,16.0,298.0,10.1,5.3,Clear Sky,c01d,800.0,4951257.0,Somerville,US,42.3876,-71.0995,MA,994971-99999,America/New_York
2024-01-05 15:00:00,60.0,46.27228144745273,270.0,59.99999999999999,-3.1,224.1,0.0,-10.0,60.0,535.0,11.6,159.0,d,0.0,1018.0,2.1,42.0,1020.0,0.0,159.0,1.5,2024-01-05T15:00:00,2024-01-05T20:00:00,1704484800.0,1.4,16.0,298.0,9.6,5.2,Clear Sky,c01d,800.0,4951257.0,Somerville,US,42.3876,-71.0995,MA,994971-99999,America/New_York
2024-01-05 15:15:00,39.72368458565959,53.8243740744876,270.0,39.72368458565959,-3.3,226.9,0.0,-10.2,51.0,452.0,9.5,126.0,d,0.0,1018.0,2.1,42.0,1020.0,0.0,126.0,1.3,2024-01-05T15:15:00,2024-01-05T20:15:00,1704485700.0,1.3,16.0,296.0,9.3,4.9,Clear Sky,c01d,800.0,4951257.0,Somerville,US,42.3876,-71.0995,MA,994971-99999,America/New_York
2024-01-05 15:30:00,27.398154955776512,62.18403477575773,270.0,27.398154955776512,-3.4,229.7,0.0,-10.1,43.0,369.0,7.4,93.0,d,0.0,1018.0,2.1,43.0,1020.0,0.0,93.0,1.1,2024-01-05T15:30:00,2024-01-05T20:30:00,1704486600.0,1.3,16.0,295.0,8.0,4.6,Clear Sky,c01d,800.0,4951257.0,Somerville,US,42.3876,-71.0995,MA,994971-99999,America/New_York
2024-01-05 15:45:00,18.168292315863795,70.24405559339733,270.0,18.16829231586379,-3.5,232.4,0.0,-10.0,35.0,286.0,5.3,61.0,d,0.0,1018.0,2.1,44.0,1020.0,0.0,61.0,0.8,2024-01-05T15:45:00,2024-01-05T20:45:00,1704487500.0,1.3,16.0,294.0,7.2,4.3,Clear Sky,c01d,800.0,4951257.0,Somerville,US,42.3876,-71.0995,MA,994971-99999,America/New_York
2024-01-05 16:00:00,10.416348481920991,78.11006498593767,269.99999704244135,10.416348481921005,-3.5,235.2,0.0,-10.2,27.0,203.0,3.2,28.0,d,0.0,1018.0,2.1,44.0,1020.0,0.0,28.0,0.6,2024-01-05T16:00:00,2024-01-05T21:00:00,1704488400.0,1.3,16.0,292.0,10.8,4.0,Clear Sky,c01n,800.0,4951257.0,Somerville,US,42.3876,-71.0995,MA,994971-99999,America/New_York
2024-01-05 16:15:00,3.618459962985767,85.71926395200285,270.0,3.6184599629857455,-3.6,237.7,0.0,-10.0,20.0,152.0,0.7,21.0,d,0.0,1018.0,2.1,45.0,1020.0,0.0,21.0,0.6,2024-01-05T16:15:00,2024-01-05T21:15:00,1704489300.0,1.3,16.0,294.0,10.8,4.0,Clear Sky,c01n,800.0,4951257.0,Somerville,US,42.3876,-71.0995,MA,994971-99999,America/New_York
2024-01-05 16:30:00,,,,,-3.7,240.2,0.0,-9.8,13.0,102.0,-1.7,14.0,d,0.0,1018.0,2.1,46.0,1020.0,0.0,14.0,0.5,2024-01-05T16:30:00,2024-01-05T21:30:00,1704490200.0,0.0,16.0,297.0,6.0,4.0,Clear Sky,c01n,800.0,4951257.0,Somerville,US,42.3876,-71.0995,MA,994971-99999,America/New_York
2024-01-05 16:45:00,,,,,-3.7,242.7,0.0,-9.5,7.0,51.0,-4.1,7.0,d,0.0,1018.0,2.1,47.0,1020.0,0.0,7.0,0.5,2024-01-05T16:45:00,2024-01-05T21:45:00,1704491100.0,0.0,16.0,300.0,5.8,4.0,Clear Sky,c01n,800.0,4951257.0,Somerville,US,42.3876,-71.0995,MA,994971-99999,America/New_York
2024-01-05 17:00:00,,,,,-3.8,245.2,0.0,-9.3,0.0,0.0,-6.5,0.0,n,0.0,1018.0,2.1,48.0,1020.0,0.0,0.0,0.4,2024-01-05T17:00:00,2024-01-05T22:00:00,1704492000.0,0.0,16.0,302.0,10.8,4.0,Clear Sky,c01n,800.0,4951257.0,Somerville,US,42.3876,-71.0995,MA,994971-99999,America/New_York
2024-01-05 17:15:00,,,,,-3.8,247.5,0.0,-9.1,0.0,0.0,-9.1,0.0,n,0.0,1018.0,2.1,49.0,1020.0,0.0,0.0,0.3,2024-01-05T17:15:00,2024-01-05T22:15:00,1704492900.0,0.0,16.0,300.0,10.8,3.9,Clear Sky,c01n,800.0,4951257.0,Somerville,US,42.3876,-71.0995,MA,994971-99999,America/New_York
2024-01-05 17:30:00,,,,,-3.8,249.8,0.0,-8.9,0.0,0.0,-11.7,0.0,n,0.0,1019.0,2.1,50.0,1021.0,0.0,0.0,0.3,2024-01-05T17:30:00,2024-01-05T22:30:00,1704493800.0,0.0,16.0,298.0,5.6,3.8,Clear Sky,c01n,800.0,4951257.0,Somerville,US,42.3876,-71.0995,MA,994971-99999,America/New_York
2024-01-05 17:45:00,,,,,-3.9,252.2,0.0,-9.0,0.0,0.0,-14.3,0.0,n,0.0,1019.0,2.1,50.0,1021.0,0.0,0.0,0.2,2024-01-05T17:45:00,2024-01-05T22:45:00,1704494700.0,0.0,16.0,296.0,5.6,3.7,Clear Sky,c01n,800.0,4951257.0,Somerville,US,42.3876,-71.0995,MA,994971-99999,America/New_York
2024-01-05 18:00:00,,,,,-3.9,254.5,0.0,-8.8,0.0,0.0,-16.9,0.0,n,0.0,1019.0,2.1,51.0,1021.0,0.0,0.0,0.1,2024-01-05T18:00:00,2024-01-05T23:00:00,1704495600.0,0.0,16.0,294.0,5.6,3.6,Clear Sky,c01n,800.0,4951257.0,Somerville,US,42.3876,-71.0995,MA,994971-99999,America/New_York
2024-01-05 18:15:00,,,,,-3.9,256.8,6.0,-8.6,0.0,0.0,-19.6,0.0,n,0.0,1019.0,2.1,52.0,1021.0,0.0,0.0,0.1,2024-01-05T18:15:00,2024-01-05T23:15:00,1704496500.0,0.0,16.0,292.0,5.6,3.6,Few clouds,c02n,801.0,4951257.0,Somerville,US,42.3876,-71.0995,MA,994971-99999,America/New_York
2024-01-05 18:30:00,,,,,-3.9,259.2,11.0,-8.6,0.0,0.0,-22.3,0.0,n,0.0,1019.0,2.1,52.0,1021.0,0.0,0.0,0.1,2024-01-05T18:30:00,2024-01-05T23:30:00,1704497400.0,0.0,16.0,291.0,5.6,3.6,Few clouds,c02n,801.0,4951257.0,Somerville,US,42.3876,-71.0995,MA,994971-99999,America/New_York
2024-01-05 18:45:00,,,,,-3.9,261.5,16.0,-8.3,0.0,0.0,-25.0,0.0,n,0.0,1019.0,2.1,53.0,1021.0,0.0,0.0,0.1,2024-01-05T18:45:00,2024-01-05T23:45:00,1704498300.0,0.0,16.0,290.0,5.6,3.6,Few clouds,c02n,801.0,4951257.0,Somerville,US,42.3876,-71.0995,MA,994971-99999,America/New_York
2024-01-05 19:00:00,,,,,-3.9,263.8,22.0,-8.1,0.0,0.0,-27.7,0.0,n,0.0,1019.0,2.1,54.0,1021.0,0.0,0.0,0.1,2024-01-05T19:00:00,2024-01-06T00:00:00,1704499200.0,0.0,16.0,288.0,5.6,3.6,Scattered clouds,c02n,802.0,4951257.0,Somerville,US,42.3876,-71.0995,MA,994971-99999,America/New_York
2024-01-05 19:15:00,,,,,-3.9,266.3,35.0,-7.8,0.0,0.0,-30.5,0.0,n,0.0,1019.0,2.1,55.0,1021.0,0.0,0.0,0.1,2024-01-05T19:15:00,2024-01-06T00:15:00,1704500100.0,0.0,16.0,284.0,5.7,3.6,Scattered clouds,c02n,802.0,4951257.0,Somerville,US,42.3876,-71.0995,MA,994971-99999,America/New_York
2024-01-05 19:30:00,,,,,-3.9,268.8,48.0,-7.6,0.0,0.0,-33.3,0.0,n,0.0,1019.0,2.1,56.0,1021.0,0.0,0.0,0.1,2024-01-05T19:30:00,2024-01-06T00:30:00,1704501000.0,0.0,16.0,281.0,5.8,3.6,Broken clouds,c03n,803.0,4951257.0,Somerville,US,42.3876,-71.0995,MA,994971-99999,America/New_York
2024-01-05 19:45:00,,,,,-3.9,271.3,61.0,-7.6,0.0,0.0,-36.0,0.0,n,0.0,1019.0,2.1,56.0,1021.0,0.0,0.0,0.1,2024-01-05T19:45:00,2024-01-06T00:45:00,1704501900.0,0.0,16.0,278.0,5.9,3.6,Broken clouds,c03n,803.0,4951257.0,Somerville,US,42.3876,-71.0995,MA,994971-99999,America/New_York
2024-01-05 20:00:00,,,,,-3.9,273.8,74.0,-7.4,0.0,0.0,-38.8,0.0,n,0.0,1020.0,2.1,57.0,1022.0,0.0,0.0,0.1,2024-01-05T20:00:00,2024-01-06T01:00:00,1704502800.0,0.0,16.0,274.0,10.8,3.6,Overcast clouds,c04n,804.0,4951257.0,Somerville,US,42.3876,-71.0995,MA,994971-99999,America/New_York
2024-01-05 20:15:00,,,,,-3.7,276.8,77.0,-7.1,0.0,0.0,-41.5,0.0,n,0.0,1019.0,2.1,58.0,1021.0,0.0,0.0,0.2,2024-01-05T20:15:00,2024-01-06T01:15:00,1704503700.0,0.0,16.0,272.0,10.8,3.5,Overcast clouds,c04n,804.0,4951257.0,Somerville,US,42.3876,-71.0995,MA,994971-99999,America/New_York
2024-01-05 20:30:00,,,,,-3.5,279.8,80.0,-7.0,0.0,0.0,-44.2,0.0,n,0.0,1019.0,2.1,58.0,1021.0,0.0,0.0,0.3,2024-01-05T20:30:00,2024-01-06T01:30:00,1704504600.0,0.0,16.0,269.0,6.0,3.4,Overcast clouds,c04n,804.0,4951257.0,Somerville,US,42.3876,-71.0995,MA,994971-99999,America/New_York
2024-01-05 20:45:00,,,,,-3.4,282.8,82.0,-6.7,0.0,0.0,-47.0,0.0,n,0.0,1019.0,2.1,59.0,1021.0,0.0,0.0,0.3,2024-01-05T20:45:00,2024-01-06T01:45:00,1704505500.0,0.0,16.0,266.0,6.0,3.3,Overcast clouds,c04n,804.0,4951257.0,Somerville,US,42.3876,-71.0995,MA,994971-99999,America/New_York
2024-01-05 21:00:00,,,,,-3.2,285.8,85.0,-6.4,0.0,0.0,-49.7,0.0,n,0.0,1019.0,2.1,60.0,1021.0,0.0,0.0,0.4,2024-01-05T21:00:00,2024-01-06T02:00:00,1704506400.0,0.0,16.0,264.0,6.0,3.2,Overcast clouds,c04n,804.0,4951257.0,Somerville,US,42.3876,-71.0995,MA,994971-99999,America/New_York
2024-01-05 21:15:00,,,,,-3.2,289.9,84.0,-6.4,0.0,0.0,-52.2,0.0,n,0.0,1019.0,2.1,60.0,1021.0,0.0,0.0,0.4,2024-01-05T21:15:00,2024-01-06T02:15:00,1704507300.0,0.0,16.0,260.0,6.1,3.2,Overcast clouds,c04n,804.0,4951257.0,Somerville,US,42.3876,-71.0995,MA,994971-99999,America/New_York
2024-01-05 21:30:00,,,,,-3.1,294.0,82.0,-6.2,0.0,0.0,-54.8,0.0,n,0.0,1019.0,2.1,61.0,1021.0,0.0,0.0,0.5,2024-01-05T21:30:00,2024-01-06T02:30:00,1704508200.0,0.0,16.0,257.0,6.2,3.2,Overcast clouds,c04n,804.0,4951257.0,Somerville,US,42.3876,-71.0995,MA,994971-99999,America/New_York
2024-01-05 21:45:00,,,,,-3.1,298.2,81.0,-5.9,0.0,0.0,-57.3,0.0,n,0.0,1019.0,2.1,62.0,1021.0,0.0,0.0,0.5,2024-01-05T21:45:00,2024-01-06T02:45:00,1704509100.0,0.0,16.0,254.0,6.3,3.2,Overcast clouds,c04n,804.0,4951257.0,Somerville,US,42.3876,-71.0995,MA,994971-99999,America/New_York
2024-01-05 22:00:00,,,,,-3.1,302.3,80.0,-5.9,0.0,0.0,-59.8,0.0,n,0.0,1019.0,2.1,62.0,1021.0,0.0,0.0,0.5,2024-01-05T22:00:00,2024-01-06T03:00:00,1704510000.0,0.0,16.0,250.0,6.4,3.2,Overcast clouds,c04n,804.0,4951257.0,Somerville,US,42.3876,-71.0995,MA,994971-99999,America/New_York
2024-01-05 22:15:00,,,,,-3.1,308.8,61.0,-5.9,0.0,0.0,-61.8,0.0,n,0.0,1019.0,2.1,62.0,1021.0,0.0,0.0,0.5,2024-01-05T22:15:00,2024-01-06T03:15:00,1704510900.0,0.0,16.0,249.0,6.4,3.3,Broken clouds,c03n,803.0,4951257.0,Somerville,US,42.3876,-71.0995,MA,994971-99999,America/New_York
2024-01-05 22:30:00,,,,,-3.2,315.4,42.0,-5.7,0.0,0.0,-63.7,0.0,n,0.0,1019.0,2.1,63.0,1021.0,0.0,0.0,0.6,2024-01-05T22:30:00,2024-01-06T03:30:00,1704511800.0,0.0,16.0,248.0,6.4,3.4,Broken clouds,c03n,803.0,4951257.0,Somerville,US,42.3876,-71.0995,MA,994971-99999,America/New_York
2024-01-05 22:45:00,,,,,-3.2,321.9,23.0,-5.4,0.0,0.0,-65.7,0.0,n,0.0,1019.0,2.1,64.0,1021.0,0.0,0.0,0.6,2024-01-05T22:45:00,2024-01-06T03:45:00,1704512700.0,0.0,16.0,247.0,6.4,3.5,Scattered clouds,c02n,802.0,4951257.0,Somerville,US,42.3876,-71.0995,MA,994971-99999,America/New_York
2024-01-05 23:00:00,,,,,-3.3,328.5,4.0,-5.4,0.0,0.0,-67.7,0.0,n,0.0,1019.0,2.1,64.0,1021.0,0.0,0.0,0.6,2024-01-05T23:00:00,2024-01-06T04:00:00,1704513600.0,0.0,16.0,246.0,6.4,3.6,Few clouds,c02n,801.0,4951257.0,Somerville,US,42.3876,-71.0995,MA,994971-99999,America/New_York
2024-01-05 23:15:00,,,,,-3.4,248.1,4.0,-5.4,0.0,0.0,-68.3,0.0,n,0.0,1019.0,2.1,64.0,1021.0,0.0,0.0,0.6,2024-01-05T23:15:00,2024-01-06T04:15:00,1704514500.0,0.0,16.0,246.0,6.4,3.8,Few clouds,c02n,801.0,4951257.0,Somerville,US,42.3876,-71.0995,MA,994971-99999,America/New_York
2024-01-05 23:30:00,,,,,-3.5,167.8,4.0,-5.4,0.0,0.0,-68.9,0.0,n,0.0,1019.0,2.1,64.0,1021.0,0.0,0.0,0.6,2024-01-05T23:30:00,2024-01-06T04:30:00,1704515400.0,0.0,16.0,247.0,6.4,4.0,Few clouds,c02n,801.0,4951257.0,Somerville,US,42.3876,-71.0995,MA,994971-99999,America/New_York
2024-01-05 23:45:00,,,,,-3.6,87.4,4.0,-5.3,0.0,0.0,-69.5,0.0,n,0.0,1019.0,2.1,64.0,1021.0,0.0,0.0,0.7,2024-01-05T23:45:00,2024-01-06T04:45:00,1704516300.0,0.0,16.0,248.0,6.4,4.2,Few clouds,c02n,801.0,4951257.0,Somerville,US,42.3876,-71.0995,MA,994971-99999,America/New_York
2024-01-06 00:00:00,,,,,-3.7,7.0,4.0,-5.3,0.0,0.0,-70.1,0.0,n,0.0,1019.0,2.1,64.0,1021.0,0.0,0.0,0.7,2024-01-06T00:00:00,2024-01-06T05:00:00,1704517200.0,0.0,16.0,248.0,6.4,4.4,Few clouds,c02n,801.0,4951257.0,Somerville,US,42.3876,-71.0995,MA,994971-99999,America/New_York
2024-01-06 00:15:00,,,,,-3.8,15.8,5.0,-5.4,0.0,0.0,-68.9,0.0,n,0.0,1019.0,2.1,64.0,1021.0,0.0,0.0,0.6,2024-01-06T00:15:00,2024-01-06T05:15:00,1704518100.0,0.0,16.0,250.0,6.3,4.3,Few clouds,c02n,801.0,4951257.0,Somerville,US,42.3876,-71.0995,MA,994971-99999,America/New_York
2024-01-06 00:30:00,,,,,-3.9,24.5,6.0,-5.4,0.0,0.0,-67.7,0.0,n,0.0,1019.0,2.1,65.0,1021.0,0.0,0.0,0.4,2024-01-06T00:30:00,2024-01-06T05:30:00,1704519000.0,0.0,16.0,251.0,6.2,4.2,Few clouds,c02n,801.0,4951257.0,Somerville,US,42.3876,-71.0995,MA,994971-99999,America/New_York
2024-01-06 00:45:00,,,,,-4.0,33.3,6.0,-5.3,0.0,0.0,-66.6,0.0,n,0.0,1019.0,2.1,66.0,1021.0,0.0,0.0,0.3,2024-01-06T00:45:00,2024-01-06T05:45:00,1704519900.0,0.0,16.0,252.0,6.1,4.1,Few clouds,c02n,801.0,4951257.0,Somerville,US,42.3876,-71.0995,MA,994971-99999,America/New_York
2024-01-06 01:00:00,,,,,-4.0,42.0,7.0,-5.4,0.0,0.0,-65.4,0.0,n,0.0,1019.0,2.1,66.0,1021.0,0.0,0.0,0.2,2024-01-06T01:00:00,2024-01-06T06:00:00,1704520800.0,0.0,16.0,254.0,6.0,4.0,Few clouds,c02n,801.0,4951257.0,Somerville,US,42.3876,-71.0995,MA,994971-99999,America/New_York
2024-01-06 01:15:00,,,,,-4.0,47.5,6.0,-5.4,0.0,0.0,-63.1,0.0,n,0.0,1019.0,2.1,66.0,1021.0,0.0,0.0,0.2,2024-01-06T01:15:00,2024-01-06T06:15:00,1704521700.0,0.0,16.0,255.0,6.0,3.9,Few clouds,c02n,801.0,4951257.0,Somerville,US,42.3876,-71.0995,MA,994971-99999,America/New_York
2024-01-06 01:30:00,,,,,-4.0,53.1,6.0,-5.4,0.0,0.0,-60.9,0.0,n,0.0,1019.0,2.1,66.0,1021.0,0.0,0.0,0.1,2024-01-06T01:30:00,2024-01-06T06:30:00,1704522600.0,0.0,16.0,256.0,6.0,3.8,Few clouds,c02n,801.0,4951257.0,Somerville,US,42.3876,-71.0995,MA,994971-99999,America/New_York
2024-01-06 01:45:00,,,,,-3.9,58.6,5.0,-5.5,0.0,0.0,-58.7,0.0,n,0.0,1019.0,2.1,66.0,1021.0,0.0,0.0,0.1,2024-01-06T01:45:00,2024-01-06T06:45:00,1704523500.0,0.0,16.0,257.0,6.0,3.7,Few clouds,c02n,801.0,4951257.0,Somerville,US,42.3876,-71.0995,MA,994971-99999,America/New_York
2024-01-06 02:00:00,,,,,-3.9,64.2,4.0,-5.5,0.0,0.0,-56.5,0.0,n,0.0,1019.0,2.1,66.0,1021.0,0.0,0.0,0.1,2024-01-06T02:00:00,2024-01-06T07:00:00,1704524400.0,0.0,16.0,258.0,6.0,3.6,Few clouds,c02n,801.0,4951257.0,Somerville,US,42.3876,-71.0995,MA,994971-99999,America/New_York
2024-01-06 02:15:00,,,,,-3.9,67.8,3.0,-5.5,0.0,0.0,-53.8,0.0,n,0.0,1019.0,2.1,66.0,1021.0,0.0,0.0,0.1,2024-01-06T02:15:00,2024-01-06T07:15:00,1704525300.0,0.0,16.0,258.0,6.0,3.7,Few clouds,c02n,801.0,4951257.0,Somerville,US,42.3876,-71.0995,MA,994971-99999,America/New_York
2024-01-06 02:30:00,,,,,-4.0,71.4,2.0,-5.7,0.0,0.0,-51.2,0.0,n,0.0,1019.0,2.1,65.0,1021.0,0.0,0.0,0.1,2024-01-06T02:30:00,2024-01-06T07:30:00,1704526200.0,0.0,16.0,259.0,6.0,3.8,Few clouds,c02n,801.0,4951257.0,Somerville,US,42.3876,-71.0995,MA,994971-99999,America/New_York
2024-01-06 02:45:00,,,,,-4.1,75.0,2.0,-5.9,0.0,0.0,-48.6,0.0,n,0.0,1019.0,2.1,64.0,1021.0,0.0,0.0,0.1,2024-01-06T02:45:00,2024-01-06T07:45:00,1704527100.0,0.0,16.0,260.0,6.0,3.9,Few clouds,c02n,801.0,4951257.0,Somerville,US,42.3876,-71.0995,MA,994971-99999,America/New_York
2024-01-06 03:00:00,,,,,-4.2,78.7,1.0,-5.9,0.0,0.0,-46.0,0.0,n,0.0,1019.0,2.1,64.0,1021.0,0.0,0.0,0.1,2024-01-06T03:00:00,2024-01-06T08:00:00,1704528000.0,0.0,16.0,260.0,6.0,4.0,Clear Sky,c01n,800.0,4951257.0,Somerville,US,42.3876,-71.0995,MA,994971-99999,America/New_York
2024-01-06 03:15:00,,,,,-4.1,81.5,1.0,-5.9,0.0,0.0,-43.2,0.0,n,0.0,1019.0,2.1,64.0,1021.0,0.0,0.0,0.1,2024-01-06T03:15:00,2024-01-06T08:15:00,1704528900.0,0.0,16.0,261.0,6.0,4.0,Clear Sky,c01n,800.0,4951257.0,Somerville,US,42.3876,-71.0995,MA,994971-99999,America/New_York
2024-01-06 03:30:00,,,,,-4.1,84.2,0.0,-5.6,0.0,0.0,-40.5,0.0,n,0.0,1019.0,2.1,65.0,1021.0,0.0,0.0,0.1,2024-01-06T03:30:00,2024-01-06T08:30:00,1704529800.0,0.0,16.0,262.0,6.0,4.0,Clear Sky,c01n,800.0,4951257.0,Somerville,US,42.3876,-71.0995,MA,994971-99999,America/New_York
2024-01-06 03:45:00,,,,,-4.1,87.0,0.0,-5.4,0.0,0.0,-37.7,0.0,n,0.0,1020.0,2.1,66.0,1022.0,0.0,0.0,0.2,2024-01-06T03:45:00,2024-01-06T08:45:00,1704530700.0,0.0,16.0,263.0,6.0,4.0,Clear Sky,c01n,800.0,4951257.0,Somerville,US,42.3876,-71.0995,MA,994971-99999,America/New_York
2024-01-06 04:00:00,,,,,-4.0,89.8,0.0,-5.4,0.0,0.0,-34.9,0.0,n,0.0,1020.0,2.1,66.0,1022.0,0.0,0.0,0.2,2024-01-06T04:00:00,2024-01-06T09:00:00,1704531600.0,0.0,16.0,264.0,6.0,4.0,Clear Sky,c01n,800.0,4951257.0,Somerville,US,42.3876,-71.0995,MA,994971-99999,America/New_York
2024-01-06 04:15:00,,,,,-4.2,92.2,24.0,-5.4,0.0,0.0,-32.2,0.0,n,0.0,1020.0,2.1,67.0,1022.0,0.0,0.0,0.0,2024-01-06T04:15:00,2024-01-06T09:15:00,1704532500.0,0.0,16.0,264.0,5.7,3.9,Scattered clouds,c02n,802.0,4951257.0,Somerville,US,42.3876,-71.0995,MA,994971-99999,America/New_York
2024-01-06 04:30:00,,,,,-4.3,94.6,48.0,-5.3,0.0,0.0,-29.4,0.0,n,0.0,1020.0,2.1,68.0,1022.0,0.0,0.0,-0.1,2024-01-06T04:30:00,2024-01-06T09:30:00,1704533400.0,0.0,16.0,265.0,5.4,3.8,Broken clouds,c03n,803.0,4951257.0,Somerville,US,42.3876,-71.0995,MA,994971-99999,America/New_York
2024-01-06 04:45:00,,,,,-4.5,97.0,73.0,-5.3,0.0,0.0,-26.7,0.0,n,0.0,1020.0,2.1,69.0,1022.0,0.0,0.0,-0.3,2024-01-06T04:45:00,2024-01-06T09:45:00,1704534300.0,0.0,16.0,266.0,5.1,3.7,Overcast clouds,c04n,804.0,4951257.0,Somerville,US,42.3876,-71.0995,MA,994971-99999,America/New_York
2024-01-06 05:00:00,,,,,-4.6,99.4,97.0,-5.3,0.0,0.0,-23.9,0.0,n,0.0,1020.0,2.1,70.0,1022.0,0.0,0.0,-0.5,2024-01-06T05:00:00,2024-01-06T10:00:00,1704535200.0,0.0,16.0,266.0,4.8,3.6,Overcast clouds,c04n,804.0,4951257.0,Somerville,US,42.3876,-71.0995,MA,994971-99999,America/New_York
2024-01-06 05:15:00,,,,,-4.5,101.7,93.0,-5.2,0.0,0.0,-21.2,0.0,n,0.0,1020.0,2.1,70.0,1022.0,0.0,0.0,-0.4,2024-01-06T05:15:00,2024-01-06T10:15:00,1704536100.0,0.0,16.0,270.0,5.0,3.5,Overcast clouds,c04n,804.0,4951257.0,Somerville,US,42.3876,-71.0995,MA,994971-99999,America/New_York
2024-01-06 05:30:00,,,,,-4.3,104.0,90.0,-5.2,0.0,0.0,-18.5,0.0,n,0.0,1020.0,2.1,70.0,1022.0,0.0,0.0,-0.4,2024-01-06T05:30:00,2024-01-06T10:30:00,1704537000.0,0.0,16.0,274.0,5.2,3.4,Overcast clouds,c04n,804.0,4951257.0,Somerville,US,42.3876,-71.0995,MA,994971-99999,America/New_York
2024-01-06 05:45:00,,,,,-4.1,106.3,86.0,-5.1,0.0,0.0,-15.8,0.0,n,0.0,1020.0,2.1,70.0,1022.0,0.0,0.0,-0.3,2024-01-06T05:45:00,2024-01-06T10:45:00,1704537900.0,0.0,16.0,278.0,5.4,3.3,Overcast clouds,c04n,804.0,4951257.0,Somerville,US,42.3876,-71.0995,MA,994971-99999,America/New_York
2024-01-06 06:00:00,,,,,-4.0,108.6,82.0,-5.1,0.0,0.0,-13.2,0.0,n,0.0,1020.0,2.1,70.0,1022.0,0.0,0.0,-0.3,2024-01-06T06:00:00,2024-01-06T11:00:00,1704538800.0,0.0,16.0,282.0,5.6,3.2,Overcast clouds,c04n,804.0,4951257.0,Somerville,US,42.3876,-71.0995,MA,994971-99999,America/New_York
2024-01-06 06:15:00,,,,,-3.7,111.0,86.0,-5.0,0.0,0.0,-10.6,0.0,n,0.0,1020.0,2.1,70.0,1022.0,0.0,0.0,-0.2,2024-01-06T06:15:00,2024-01-06T11:15:00,1704539700.0,0.0,16.0,281.0,5.3,3.0,Overcast clouds,c04n,804.0,4951257.0,Somerville,US,42.3876,-71.0995,MA,994971-99999,America/New_York
2024-01-06 06:30:00,,,,,-3.5,113.4,91.0,-4.9,0.0,0.0,-8.1,0.0,n,0.0,1020.0,2.1,70.0,1022.0,0.0,0.0,-0.1,2024-01-06T06:30:00,2024-01-06T11:30:00,1704540600.0,0.0,16.0,280.0,5.0,2.8,Overcast clouds,c04n,804.0,4951257.0,Somerville,US,42.3876,-71.0995,MA,994971-99999,America/New_York
2024-01-06 06:45:00,,,,,-3.2,115.7,96.0,-4.9,0.0,0.0,-5.5,0.0,n,0.0,1020.0,2.1,70.0,1022.0,0.0,0.0,-0.1,2024-01-06T06:45:00,2024-01-06T11:45:00,1704541500.0,0.0,16.0,279.0,4.7,2.6,Overcast clouds,c04n,804.0,4951257.0,Somerville,US,42.3876,-71.0995,MA,994971-99999,America/New_York
2024-01-06 07:00:00,,,,,-3.0,118.1,100.0,-4.8,0.0,0.0,-3.0,0.0,n,0.0,1020.0,2.1,70.0,1022.0,0.0,0.0,0.0,2024-01-06T07:00:00,2024-01-06T12:00:00,1704542400.0,0.0,16.0,278.0,4.4,2.4,Overcast clouds,c04n,804.0,4951257.0,Somerville,US,42.3876,-71.0995,MA,994971-99999,America/New_York
2024-01-06 07:15:00,,,,,-2.9,120.7,100.0,-4.8,10.0,90.0,-0.7,18.0,d,0.0,1020.0,2.1,70.0,1022.0,0.0,12.0,0.0,2024-01-06T07:15:00,2024-01-06T12:15:00,1704543300.0,0.0,16.0,280.0,4.3,2.4,Overcast clouds,c04n,804.0,4951257.0,Somerville,US,42.3876,-71.0995,MA,994971-99999,America/New_York
2024-01-06 07:30:00,-6.0853028718783975,82.88015397445932,90.0,6.085302871878379,-2.8,123.3,100.0,-4.7,21.0,181.0,1.6,36.0,d,0.0,1021.0,2.1,70.0,1023.0,0.0,25.0,0.1,2024-01-06T07:30:00,2024-01-06T12:30:00,1704544200.0,0.4,16.0,283.0,4.2,2.4,Overcast clouds,c04n,804.0,4951257.0,Somerville,US,42.3876,-71.0995,MA,994971-99999,America/New_York
2024-01-06 07:45:00,-13.22615362745934,75.13026026615218,90.0,13.226153627459329,-2.8,125.9,100.0,-4.7,31.0,271.0,4.0,53.0,d,0.0,1021.0,2.1,70.0,1023.0,0.0,36.0,0.1,2024-01-06T07:45:00,2024-01-06T12:45:00,1704545100.0,0.4,16.0,286.0,4.1,2.4,Overcast clouds,c04d,804.0,4951257.0,Somerville,US,42.3876,-71.0995,MA,994971-99999,America/New_York
2024-01-06 08:00:00,-21.444638987045366,67.17508293454173,90.0,21.444638987045362,-2.7,128.4,100.0,-4.6,41.0,361.0,6.3,71.0,d,0.0,1021.0,2.1,70.0,1023.0,0.0,48.0,0.2,2024-01-06T08:00:00,2024-01-06T13:00:00,1704546000.0,0.4,16.0,288.0,4.0,2.4,Overcast clouds,c04d,804.0,4951257.0,Somerville,US,42.3876,-71.0995,MA,994971-99999,America/New_York
2024-01-06 08:15:00,-31.550351288996012,58.99521278002029,90.0,31.55035128899601,-2.3,131.3,100.0,-4.4,48.0,420.0,8.3,105.0,d,0.0,1021.0,2.1,70.0,1023.0,0.0,59.0,0.4,2024-01-06T08:15:00,2024-01-06T13:15:00,1704546900.0,0.4,16.0,292.0,4.2,2.2,Overcast clouds,c04d,804.0,4951257.0,Somerville,US,42.3876,-71.0995,MA,994971-99999,America/New_York
2024-01-06 08:30:00,-46.256822340410295,50.43724433609612,90.0,46.25682234041029,-1.8,134.2,100.0,-4.5,54.0,478.0,10.2,138.0,d,0.0,1021.0,2.1,69.0,1023.0,0.0,68.0,0.6,2024-01-06T08:30:00,2024-01-06T13:30:00,1704547800.0,0.4,16.0,296.0,4.4,2.0,Overcast clouds,c04d,804.0,4951257.0,Somerville,US,42.3876,-71.0995,MA,994971-99999,America/New_York
2024-01-06 08:45:00,-60.0,46.74422799809737,90.0,59.99999999999999,-1.4,137.1,100.0,-4.5,60.0,537.0,12.2,172.0,d,0.0,1021.0,2.1,68.0,1023.0,0.0,77.0,0.7,2024-01-06T08:45:00,2024-01-06T13:45:00,1704548700.0,0.4,16.0,300.0,4.6,1.8,Overcast clouds,c04d,804.0,4951257.0,Somerville,US,42.3876,-71.0995,MA,994971-99999,America/New_York
2024-01-06 09:00:00,-60.0,48.44038632173293,90.0,59.99999999999999,-0.9,140.0,100.0,-4.3,67.0,595.0,14.2,205.0,d,0.0,1021.0,2.1,68.0,1023.0,0.0,88.0,0.9,2024-01-06T09:00:00,2024-01-06T14:00:00,1704549600.0,0.4,16.0,304.0,4.8,1.6,Overcast clouds,c04d,804.0,4951257.0,Somerville,US,42.3876,-71.0995,MA,994971-99999,America/New_York
2024-01-06 09:15:00,-60.0,50.34429065528137,90.0,59.99999999999999,-0.6,143.2,100.0,-4.4,70.0,622.0,15.8,233.0,d,0.0,1021.0,2.1,67.0,1023.0,0.0,93.0,1.0,2024-01-06T09:15:00,2024-01-06T14:15:00,1704550500.0,0.5,16.0,312.0,4.9,1.5,Overcast clouds,c04d,804.0,4951257.0,Somerville,US,42.3876,-71.0995,MA,994971-99999,America/New_York
2024-01-06 09:30:00,-60.0,52.43368365050732,90.0,59.99999999999999,-0.3,146.5,100.0,-4.5,74.0,648.0,17.3,261.0,d,0.0,1021.0,2.1,66.0,1023.0,0.0,100.0,1.1,2024-01-06T09:30:00,2024-01-06T14:30:00,1704551400.0,0.5,16.0,319.0,5.0,1.4,Overcast clouds,c04d,804.0,4951257.0,Somerville,US,42.3876,-71.0995,MA,994971-99999,America/New_York
2024-01-06 09:45:00,-55.76337520606479,54.57619885514225,90.0,55.76337520606479,-0.1,149.7,100.0,-4.8,77.0,674.0,18.8,289.0,d,0.0,1021.0,2.1,64.0,1023.0,0.0,106.0,1.2,2024-01-06T09:45:00,2024-01-06T14:45:00,1704552300.0,0.5,16.0,326.0,5.1,1.3,Overcast clouds,c04d,804.0,4951257.0,Somerville,US,42.3876,-71.0995,MA,994971-99999,America/New_York
2024-01-06 10:00:00,-50.79314096309284,56.600942795273205,90.0,50.79314096309284,0.2,153.0,100.0,-5.0,81.0,701.0,20.4,317.0,d,0.0,1022.0,2.1,63.0,1024.0,0.0,113.0,1.3,2024-01-06T10:00:00,2024-01-06T15:00:00,1704553200.0,0.6,16.0,334.0,5.2,1.2,Overcast clouds,c04d,804.0,4951257.0,Somerville,US,42.3876,-71.0995,MA,994971-99999,America/New_York
2024-01-06 10:15:00,-45.37380327232392,58.48069932627028,90.0,45.37380327232392,0.0,156.6,100.0,-5.1,83.0,713.0,21.3,335.0,d,0.0,1021.0,2.1,62.0,1023.0,0.0,117.0,1.4,2024-01-06T10:15:00,2024-01-06T15:15:00,1704554100.0,0.6,16.0,262.0,5.4,1.4,Overcast clouds,c04d,804.0,4951257.0,Somerville,US,42.3876,-71.0995,MA,994971-99999,America/New_York
2024-01-06 10:30:00,-39.46180291299211,60.18475037675217,90.0,39.46180291299211,-0.2,160.2,100.0,-5.2,84.0,725.0,22.2,352.0,d,0.0,1021.0,2.1,61.0,1023.0,0.0,119.0,1.5,2024-01-06T10:30:00,2024-01-06T15:30:00,1704555000.0,0.6,16.0,191.0,5.6,1.6,Overcast clouds,c04d,804.0,4951257.0,Somerville,US,42.3876,-71.0995,MA,994971-99999,America/New_York
2024-01-06 10:45:00,-33.02892710124677,61.67845221479222,90.0,33.02892710124677,-0.3,163.8,100.0,-5.3,86.0,737.0,23.2,370.0,d,0.0,1021.0,2.1,60.0,1023.0,0.0,123.0,1.6,2024-01-06T10:45:00,2024-01-06T15:45:00,1704555900.0,0.6,16.0,120.0,5.8,1.8,Overcast clouds,c04d,804.0,4951257.0,Somerville,US,42.3876,-71.0995,MA,994971-99999,America/New_York
2024-01-06 11:00:00,-26.07454745937415,62.92447386803773,90.00000085377364,26.074547459374152,-0.5,167.4,100.0,-5.4,88.0,749.0,24.1,387.0,d,0.0,1020.0,2.1,59.0,1022.0,0.0,127.0,1.7,2024-01-06T11:00:00,2024-01-06T16:00:00,1704556800.0,0.7,16.0,48.0,6.0,2.0,Overcast clouds,c04d,804.0,4951257.0,Somerville,US,42.3876,-71.0995,MA,994971-99999,America/New_York
2024-01-06 11:15:00,-18.639108691930407,63.88530464818972,90.00000147877934,18.639108691930414,-0.6,171.2,100.0,-5.3,88.0,752.0,24.4,392.0,d,0.0,1020.0,2.1,59.0,1022.0,0.0,127.0,1.8,2024-01-06T11:15:00,2024-01-06T16:15:00,1704557700.0,0.7,16.0,55.0,6.1,2.2,Overcast clouds,c04d,804.0,4951257.0,Somerville,US,42.3876,-71.0995,MA,994971-99999,America/New_York
2024-01-06 11:30:00,-10.814346349702465,64.52711809697178,90.00000307832465,10.81434634970248,-0.7,175.0,100.0,-5.5,89.0,755.0,24.6,396.0,d,0.0,1020.0,2.1,58.0,1022.0,0.0,129.0,1.9,2024-01-06T11:30:00,2024-01-06T16:30:00,1704558600.0,0.7,16.0,62.0,6.2,2.4,Overcast clouds,c04d,804.0,4951257.0,Somerville,US,42.3876,-71.0995,MA,994971-99999,America/New_York
2024-01-06 11:45:00,-2.743805563322556,64.82450067093149,90.0,2.7438055633225304,-0.7,178.8,100.0,-5.4,89.0,757.0,24.9,401.0,d,0.0,1020.0,2.1,58.0,1022.0,0.0,129.0,2.0,2024-01-06T11:45:00,2024-01-06T16:45:00,1704559500.0,0.7,16.0,69.0,6.3,2.6,Overcast clouds,c04d,804.0,4951257.0,Somerville,US,42.3876,-71.0995,MA,994971-99999,America/New_York
2024-01-06 12:00:00,5.3912066610984315,64.76480904491714,269.99999480669766,5.391206661098455,-0.8,182.6,100.0,-5.3,90.0,760.0,25.1,405.0,d,0.0,1020.0,2.1,58.0,1022.0,0.0,131.0,2.1,2024-01-06T12:00:00,2024-01-06T17:00:00,1704560400.0,0.7,16.0,76.0,6.4,2.8,Overcast clouds,c04d,804.0,4951257.0,Somerville,US,42.3876,-71.0995,MA,994971-99999,America/New_York
2024-01-06 12:15:00,13.398803364355418,64.35061091627847,270.0,13.398803364355407,-0.9,186.3,100.0,-5.1,89.0,755.0,24.6,396.0,d,0.0,1020.0,2.1,59.0,1022.0,0.0,129.0,2.0,2024-01-06T12:15:00,2024-01-06T17:15:00,1704561300.0,0.7,16.0,78.0,6.5,2.8,Overcast clouds,c04d,804.0,4951257.0,Somerville,US,42.3876,-71.0995,MA,994971-99999,America/New_York
2024-01-06 12:30:00,21.1077256053054,63.5991679453616,270.0,21.107725605305394,-1.0,190.1,100.0,-5.0,88.0,749.0,24.1,387.0,d,0.0,1019.0,2.1,60.0,1021.0,0.0,127.0,1.9,2024-01-06T12:30:00,2024-01-06T17:30:00,1704562200.0,0.7,16.0,80.0,6.6,2.8,Overcast clouds,c04d,804.0,4951257.0,Somerville,US,42.3876,-71.0995,MA,994971-99999,America/New_York
2024-01-06 12:45:00,28.39083910140819,62.53920790117467,269.99999914622634,28.390839101408194,-1.1,193.9,100.0,-5.1,87.0,743.0,23.6,378.0,d,0.0,1019.0,2.1,60.0,1021.0,0.0,125.0,1.9,2024-01-06T12:45:00,2024-01-06T17:45:00,1704563100.0,0.6,16.0,82.0,6.7,2.8,Overcast clouds,c04d,804.0,4951257.0,Somerville,US,42.3876,-71.0995,MA,994971-99999,America/New_York
2024-01-06 13:00:00,35.17410904037526,61.206270192687626,269.9999987925817,35.174109040375264,-1.2,197.6,100.0,-4.9,86.0,738.0,23.2,369.0,d,0.0,1019.0,2.1,61.0,1021.0,0.0,123.0,1.8,2024-01-06T13:00:00,2024-01-06T18:00:00,1704564000.0,0.6,16.0,84.0,6.8,2.8,Overcast clouds,c04d,804.0,4951257.0,Somerville,US,42.3876,-71.0995,MA,994971-99999,America/New_York
2024-01-06 13:15:00,41.43214485718592,59.63816270404162,270.0,41.43214485718592,-1.2,201.1,100.0,-4.9,84.0,722.0,22.0,348.0,d,0.0,1019.0,2.1,61.0,1021.0,0.0,119.0,1.8,2024-01-06T13:15:00,2024-01-06T18:15:00,1704564900.0,0.6,16.0,86.0,6.8,2.9,Overcast clouds,c04d,804.0,4951257.0,Somerville,US,42.3876,-71.0995,MA,994971-99999,America/New_York
2024-01-06 13:30:00,47.17623470768984,57.871524191894466,270.0,47.17623470768984,-1.3,204.6,100.0,-4.9,82.0,706.0,20.9,327.0,d,0.0,1019.0,2.1,61.0,1021.0,0.0,115.0,1.9,2024-01-06T13:30:00,2024-01-06T18:30:00,1704565800.0,0.6,16.0,89.0,6.8,3.0,Overcast clouds,c04d,804.0,4951257.0,Somerville,US,42.3876,-71.0995,MA,994971-99999,America/New_York
2024-01-06 13:45:00,52.44090687752436,55.93977362876718,270.0,52.44090687752436,-1.3,208.1,100.0,-4.8,79.0,690.0,19.7,305.0,d,0.0,1018.0,2.1,61.0,1020.0,0.0,110.0,1.9,2024-01-06T13:45:00,2024-01-06T18:45:00,1704566700.0,0.5,16.0,92.0,6.8,3.1,Overcast clouds,c04d,804.0,4951257.0,Somerville,US,42.3876,-71.0995,MA,994971-99999,America/New_York
2024-01-06 14:00:00,57.2726363635165,53.872214700974716,270.0,57.2726363635165,-1.4,211.6,100.0,-4.8,77.0,674.0,18.6,284.0,d,0.0,1018.0,2.1,61.0,1020.0,0.0,105.0,1.9,2024-01-06T14:00:00,2024-01-06T19:00:00,1704567600.0,0.5,16.0,94.0,6.8,3.2,Overcast clouds,c04d,804.0,4951257.0,Somerville,US,42.3876,-71.0995,MA,994971-99999,America/New_York
2024-01-06 14:15:00,60.0,51.71435964133632,270.0,59.99999999999999,-1.4,214.7,100.0,-4.5,73.0,640.0,16.9,253.0,d,0.0,1018.0,2.1,62.0,1020.0,0.0,98.0,2.0,2024-01-06T14:15:00,2024-01-06T19:15:00,1704568500.0,0.5,16.0,94.0,6.6,3.3,Overcast clouds,c04d,804.0,4951257.0,Somerville,US,42.3876,-71.0995,MA,994971-99999,America/New_York
2024-01-06 14:30:00,60.0,49.6800766743533,270.0,59.99999999999999,-1.4,217.8,100.0,-4.2,69.0,606.0,15.2,223.0,d,0.0,1018.0,2.1,63.0,1020.0,0.0,91.0,2.0,2024-01-06T14:30:00,2024-01-06T19:30:00,1704569400.0,0.5,16.0,93.0,6.4,3.4,Overcast clouds,c04d,804.0,4951257.0,Somerville,US,42.3876,-71.0995,MA,994971-99999,America/New_York
2024-01-06 14:45:00,60.0,47.83829168565356,270.0,59.99999999999999,-1.3,221.0,100.0,-4.0,64.0,573.0,13.5,192.0,d,0.0,1018.0,2.1,64.0,1020.0,0.0,83.0,2.1,2024-01-06T14:45:00,2024-01-06T19:45:00,1704570300.0,0.4,16.0,92.0,6.2,3.5,Overcast clouds,c04d,804.0,4951257.0,Somerville,US,42.3876,-71.0995,MA,994971-99999,America/New_York
2024-01-06 15:00:00,60.0,46.211519319643294,270.0,59.99999999999999,-1.3,224.1,100.0,-3.7,60.0,539.0,11.8,161.0,d,0.0,1018.0,2.1,65.0,1020.0,0.0,76.0,2.2,2024-01-06T15:00:00,2024-01-06T20:00:00,1704571200.0,0.4,16.0,92.0,6.0,3.6,Overcast clouds,c04d,804.0,4951257.0,Somerville,US,42.3876,-71.0995,MA,994971-99999,America/New_York
2024-01-06 15:15:00,40.70638506266835,53.16550730695997,270.0,40.70638506266835,-1.4,226.9,100.0,-3.3,52.0,457.0,9.6,129.0,d,0.0,1017.0,2.1,67.0,1019.0,0.0,65.0,2.2,2024-01-06T15:15:00,2024-01-06T20:15:00,1704572100.0,0.4,16.0,92.0,6.1,3.7,Overcast clouds,c04d,804.0,4951257.0,Somerville,US,42.3876,-71.0995,MA,994971-99999,America/New_York
2024-01-06 15:30:00,28.069381559657856,61.58108058696698,269.9999985212207,28.069381559657863,-1.4,229.6,100.0,-3.1,44.0,376.0,7.5,96.0,d,0.0,1017.0,2.1,68.0,1019.0,0.0,54.0,2.2,2024-01-06T15:30:00,2024-01-06T20:30:00,1704573000.0,0.4,16.0,91.0,6.2,3.8,Overcast clouds,c04d,804.0,4951257.0,Somerville,US,42.3876,-71.0995,MA,994971-99999,America/New_York
2024-01-06 15:45:00,18.713222623452907,69.67938657452855,269.9999980909041,18.713222623452914,-1.5,232.4,100.0,-2.6,36.0,294.0,5.4,63.0,d,0.0,1017.0,2.1,70.0,1019.0,0.0,42.0,2.3,2024-01-06T15:45:00,2024-01-06T20:45:00,1704573900.0,0.4,16.0,90.0,6.3,3.9,Overcast clouds,c04d,804.0,4951257.0,Somerville,US,42.3876,-71.0995,MA,994971-99999,America/New_York
2024-01-06 16:00:00,10.890552500423496,77.57646884328054,270.0,10.890552500423492,-1.5,235.2,100.0,-2.3,27.0,212.0,3.3,30.0,d,0.0,1017.0,2.1,72.0,1019.0,0.0,30.0,2.3,2024-01-06T16:00:00,2024-01-06T21:00:00,1704574800.0,0.4,16.0,90.0,6.4,4.0,Overcast clouds,c04n,804.0,4951257.0,Somerville,US,42.3876,-71.0995,MA,994971-99999,America/New_York
2024-01-06 16:15:00,4.035084887878895,85.22704751947091,269.99999618180817,4.035084887878904,-1.4,237.7,100.0,-2.0,21.0,159.0,0.9,23.0,d,0.0,1017.0,2.1,73.0,1019.0,0.0,23.0,2.3,2024-01-06T16:15:00,2024-01-06T21:15:00,1704575700.0,0.4,16.0,94.0,6.5,3.8,Overcast clouds,c04n,804.0,4951257.0,Somerville,US,42.3876,-71.0995,MA,994971-99999,America/New_York
2024-01-06 16:30:00,,,,,-1.2,240.2,100.0,-1.9,14.0,106.0,-1.5,15.0,d,0.0,1017.0,2.1,74.0,1019.0,0.0,16.0,2.3,2024-01-06T16:30:00,2024-01-06T21:30:00,1704576600.0,0.0,16.0,98.0,6.6,3.6,Overcast clouds,c04n,804.0,4951257.0,Somerville,US,42.3876,-71.0995,MA,994971-99999,America/New_York
2024-01-06 16:45:00,,,,,-1.0,242.7,100.0,-1.7,7.0,53.0,-3.9,8.0,d,0.0,1017.0,2.1,75.0,1019.0,0.0,8.0,2.3,2024-01-06T16:45:00,2024-01-06T21:45:00,1704577500.0,0.0,16.0,102.0,6.7,3.4,Overcast clouds,c04n,804.0,4951257.0,Somerville,US,42.3876,-71.0995,MA,994971-99999,America/New_York
2024-01-06 17:00:00,,,,,-0.9,245.2,100.0,-1.5,0.0,0.0,-6.3,0.0,n,0.0,1017.0,2.1,76.0,1019.0,0.0,0.0,2.3,2024-01-06T17:00:00,2024-01-06T22:00:00,1704578400.0,0.0,16.0,106.0,6.8,3.2,Overcast clouds,c04n,804.0,4951257.0,Somerville,US,42.3876,-71.0995,MA,994971-99999,America/New_York
2024-01-06 17:15:00,,,,,-0.8,247.5,100.0,-1.4,0.0,0.0,-8.9,0.0,n,0.0,1017.0,2.1,76.0,1019.0,0.0,0.0,2.4,2024-01-06T17:15:00,2024-01-06T22:15:00,1704579300.0,0.0,16.0,102.0,6.9,3.2,Overcast clouds,c04n,804.0,4951257.0,Somerville,US,42.3876,-71.0995,MA,994971-99999,America/New_York
2024-01-06 17:30:00,,,,,-0.8,249.9,100.0,-1.2,0.0,0.0,-11.5,0.0,n,0.0,1017.0,2.1,77.0,1019.0,0.0,0.0,2.4,2024-01-06T17:30:00,2024-01-06T22:30:00,1704580200.0,0.0,16.0,98.0,7.0,3.2,Overcast clouds,c04n,804.0,4951257.0,Somerville,US,42.3876,-71.0995,MA,994971-99999,America/New_York
2024-01-06 17:45:00,,,,,-0.8,252.2,100.0,-1.1,0.0,0.0,-14.1,0.0,n,0.0,1017.0,2.1,78.0,1019.0,0.0,0.0,2.4,2024-01-06T17:45:00,2024-01-06T22:45:00,1704581100.0,0.0,16.0,94.0,7.1,3.2,Overcast clouds,c04n,804.0,4951257.0,Somerville,US,42.3876,-71.0995,MA,994971-99999,America/New_York
2024-01-06 18:00:00,,,,,-0.8,254.5,100.0,-1.0,0.0,0.0,-16.7,0.0,n,0.0,1017.0,2.1,78.0,1019.0,0.0,0.0,2.4,2024-01-06T18:00:00,2024-01-06T23:00:00,1704582000.0,0.0,16.0,90.0,7.2,3.2,Overcast clouds,c04n,804.0,4951257.0,Somerville,US,42.3876,-71.0995,MA,994971-99999,America/New_York
2024-01-06 18:15:00,,,,,-0.9,256.9,100.0,-1.0,0.0,0.0,-19.4,0.0,n,0.0,1016.0,2.1,78.0,1018.0,0.0,0.0,2.5,2024-01-06T18:15:00,2024-01-06T23:15:00,1704582900.0,0.0,16.0,90.0,7.4,3.4,Overcast clouds,c04n,804.0,4951257.0,Somerville,US,42.3876,-71.0995,MA,994971-99999,America/New_York
2024-01-06 18:30:00,,,,,-0.9,259.2,100.0,-0.9,0.0,0.0,-22.1,0.0,n,0.0,1016.0,2.1,78.0,1018.0,0.0,0.0,2.5,2024-01-06T18:30:00,2024-01-06T23:30:00,1704583800.0,0.0,16.0,90.0,7.6,3.6,Overcast clouds,c04n,804.0,4951257.0,Somerville,US,42.3876,-71.0995,MA,994971-99999,America/New_York
2024-01-06 18:45:00,,,,,-1.0,261.5,100.0,-0.9,0.0,0.0,-24.8,0.0,n,0.0,1016.0,2.1,78.0,1018.0,0.0,0.0,2.5,2024-01-06T18:45:00,2024-01-06T23:45:00,1704584700.0,0.0,16.0,90.0,7.8,3.8,Overcast clouds,c04n,804.0,4951257.0,Somerville,US,42.3876,-71.0995,MA,994971-99999,America/New_York
2024-01-06 19:00:00,,,,,-1.1,263.8,100.0,-0.8,0.0,0.0,-27.6,0.0,n,0.0,1015.0,2.1,78.0,1017.0,0.0,0.0,2.6,2024-01-06T19:00:00,2024-01-07T00:00:00,1704585600.0,0.0,16.0,90.0,8.0,4.0,Overcast clouds,c04n,804.0,4951257.0,Somerville,US,42.3876,-71.0995,MA,994971-99999,America/New_York
2024-01-06 19:15:00,,,,,-1.2,266.3,100.0,-0.8,0.0,0.0,-30.3,0.0,n,0.0,1015.0,2.1,78.0,1017.0,0.0,0.0,2.6,2024-01-06T19:15:00,2024-01-07T00:15:00,1704586500.0,0.0,16.0,94.0,8.3,4.2,Overcast clouds,c04n,804.0,4951257.0,Somerville,US,42.3876,-71.0995,MA,994971-99999,America/New_York
2024-01-06 19:30:00,,,,,-1.3,268.8,100.0,-0.8,0.0,0.0,-33.1,0.0,n,0.0,1015.0,2.1,78.0,1017.0,0.0,0.0,2.6,2024-01-06T19:30:00,2024-01-07T00:30:00,1704587400.0,0.0,16.0,97.0,8.6,4.4,Overcast clouds,c04n,804.0,4951257.0,Somerville,US,42.3876,-71.0995,MA,994971-99999,America/New_York
2024-01-06 19:45:00,,,,,-1.4,271.3,100.0,-0.6,0.0,0.0,-35.9,0.0,n,0.0,1015.0,2.1,79.0,1017.0,0.0,0.0,2.7,2024-01-06T19:45:00,2024-01-07T00:45:00,1704588300.0,0.0,16.0,100.0,8.9,4.6,Overcast clouds,c04n,804.0,4951257.0,Somerville,US,42.3876,-71.0995,MA,994971-99999,America/New_York
2024-01-06 20:00:00,,,,,-1.4,273.8,100.0,-0.6,0.0,0.0,-38.6,0.0,n,0.0,1016.0,2.1,79.0,1018.0,0.0,0.0,2.7,2024-01-06T20:00:00,2024-01-07T01:00:00,1704589200.0,0.0,16.0,104.0,9.2,4.8,Overcast clouds,c04n,804.0,4951257.0,Somerville,US,42.3876,-71.0995,MA,994971-99999,America/New_York
2024-01-06 20:15:00,,,,,-1.9,276.8,100.0,-0.7,0.0,0.0,-41.4,0.0,n,0.0,1015.0,2.1,80.0,1017.0,0.0,0.0,2.4,2024-01-06T20:15:00,2024-01-07T01:15:00,1704590100.0,0.0,16.0,103.0,9.7,5.1,Overcast clouds,c04n,804.0,4951257.0,Somerville,US,42.3876,-71.0995,MA,994971-99999,America/New_York
2024-01-06 20:30:00,,,,,-2.4,279.8,100.0,-0.8,0.0,0.0,-44.1,0.0,n,0.0,1015.0,2.1,81.0,1017.0,0.0,0.0,2.1,2024-01-06T20:30:00,2024-01-07T01:30:00,1704591000.0,0.0,10.0,102.0,10.2,5.4,Overcast clouds,c04n,804.0,4951257.0,Somerville,US,42.3876,-71.0995,MA,994971-99999,America/New_York
2024-01-06 20:45:00,,,,,-2.9,282.8,100.0,-0.9,0.0,0.0,-46.8,0.0,n,0.0,1014.0,2.1,82.0,1016.0,0.0,0.0,1.9,2024-01-06T20:45:00,2024-01-07T01:45:00,1704591900.0,0.0,10.0,101.0,10.7,5.7,Overcast clouds,c04n,804.0,4951257.0,Somerville,US,42.3876,-71.0995,MA,994971-99999,America/New_York
2024-01-06 21:00:00,,,,,-3.4,285.8,100.0,-1.0,0.0,0.0,-49.5,0.0,n,0.0,1014.0,2.1,83.0,1016.0,0.0,0.0,1.6,2024-01-06T21:00:00,2024-01-07T02:00:00,1704592800.0,0.0,10.0,100.0,11.2,6.0,Overcast clouds,c04n,804.0,4951257.0,Somerville,US,42.3876,-71.0995,MA,994971-99999,America/New_York
2024-01-06 21:15:00,,,,,-3.1,289.9,100.0,-0.4,0.0,0.0,-52.1,0.0,n,2.0,1013.0,2.1,84.0,1015.0,0.0,0.0,2.0,2024-01-06T21:15:00,2024-01-07T02:15:00,1704593700.0,0.0,10.0,100.0,11.6,6.4,Light rain,r01n,500.0,4951257.0,Somerville,US,42.3876,-71.0995,MA,994971-99999,America/New_York
2024-01-06 21:30:00,,,,,-2.7,294.0,100.0,0.0,0.0,0.0,-54.6,0.0,n,0.0,1013.0,2.1,84.0,1015.0,0.0,0.0,2.4,2024-01-06T21:30:00,2024-01-07T02:30:00,1704594600.0,0.0,10.0,99.0,12.0,6.8,Overcast clouds,c04n,804.0,4951257.0,Somerville,US,42.3876,-71.0995,MA,994971-99999,America/New_York
2024-01-06 21:45:00,,,,,-2.4,298.2,100.0,0.4,0.0,0.0,-57.1,0.0,n,1.0,1012.0,2.1,84.0,1014.0,0.0,0.0,2.8,2024-01-06T21:45:00,2024-01-07T02:45:00,1704595500.0,0.0,16.0,98.0,12.4,7.2,Light rain,r01n,500.0,4951257.0,Somerville,US,42.3876,-71.0995,MA,994971-99999,America/New_York
2024-01-06 22:00:00,,,,,-2.0,302.3,100.0,0.9,0.0,0.0,-59.7,0.0,n,2.0,1012.0,2.1,85.0,1014.0,0.0,0.0,3.2,2024-01-06T22:00:00,2024-01-07T03:00:00,1704596400.0,0.0,16.0,98.0,12.8,7.6,Light rain,r01n,500.0,4951257.0,Somerville,US,42.3876,-71.0995,MA,994971-99999,America/New_York
2024-01-06 22:15:00,,,,,-2.0,308.8,100.0,1.1,0.0,0.0,-61.6,0.0,n,2.0,1011.0,2.1,86.0,1013.0,0.0,0.0,3.3,2024-01-06T22:15:00,2024-01-07T03:15:00,1704597300.0,0.0,10.0,96.0,13.3,7.8,Light rain,r01n,500.0,4951257.0,Somerville,US,42.3876,-71.0995,MA,994971-99999,America/New_York
2024-01-06 22:30:00,,,,,-2.0,315.3,100.0,1.2,0.0,0.0,-63.6,0.0,n,1.0,1011.0,2.1,86.0,1013.0,0.0,0.0,3.3,2024-01-06T22:30:00,2024-01-07T03:30:00,1704598200.0,0.0,10.0,95.0,13.8,8.0,Light rain,r01n,500.0,4951257.0,Somerville,US,42.3876,-71.0995,MA,994971-99999,America/New_York
2024-01-06 22:45:00,,,,,-2.0,321.9,100.0,1.4,0.0,0.0,-65.6,0.0,n,1.0,1010.0,2.1,87.0,1012.0,0.0,0.0,3.4,2024-01-06T22:45:00,2024-01-07T03:45:00,1704599100.0,0.0,10.0,94.0,14.3,8.2,Light rain,r01n,500.0,4951257.0,Somerville,US,42.3876,-71.0995,MA,994971-99999,America/New_York
2024-01-06 23:00:00,,,,,-2.0,328.4,100.0,1.6,0.0,0.0,-67.5,0.0,n,2.0,1010.0,2.1,88.0,1012.0,0.0,0.0,3.4,2024-01-06T23:00:00,2024-01-07T04:00:00,1704600000.0,0.0,10.0,92.0,14.8,8.4,Light rain,r01n,500.0,4951257.0,Somerville,US,42.3876,-71.0995,MA,994971-99999,America/New_York
2024-01-06 23:15:00,,,,,-2.2,248.0,100.0,1.7,0.0,0.0,-68.1,0.0,n,2.0,1010.0,2.1,89.0,1012.0,0.0,0.0,3.3,2024-01-06T23:15:00,2024-01-07T04:15:00,1704600900.0,0.0,10.0,92.0,15.0,8.4,Light rain,r01n,500.0,4951257.0,Somerville,US,42.3876,-71.0995,MA,994971-99999,America/New_York
2024-01-06 23:30:00,,,,,-2.3,167.5,100.0,1.7,0.0,0.0,-68.8,0.0,n,3.0,1009.0,2.1,90.0,1011.0,0.0,0.0,3.2,2024-01-06T23:30:00,2024-01-07T04:30:00,1704601800.0,0.0,10.0,92.0,15.2,8.4,Light rain,r01n,500.0,4951257.0,Somerville,US,42.3876,-71.0995,MA,994971-99999,America/New_York
2024-01-06 23:45:00,,,,,-2.4,87.1,100.0,1.8,0.0,0.0,-69.4,0.0,n,3.0,1009.0,2.1,91.0,1011.0,0.0,0.0,3.1,2024-01-06T23:45:00,2024-01-07T04:45:00,1704602700.0,0.0,10.0,92.0,15.4,8.4,Light rain,r01n,500.0,4951257.0,Somerville,US,42.3876,-71.0995,MA,994971-99999,America/New_York
2024-01-07 00:00:00,,,,,-2.6,6.7,100.0,1.8,0.0,0.0,-70.0,0.0,n,3.0,1008.0,2.1,92.0,1010.0,0.0,0.0,3.0,2024-01-07T00:00:00,2024-01-07T05:00:00,1704603600.0,0.0,10.0,92.0,15.6,8.4,Light rain,r01n,500.0,4951257.0,Somerville,US,42.3876,-71.0995,MA,994971-99999,America/New_York
2024-01-07 00:15:00,,,,,-2.7,15.4,100.0,1.9,0.0,0.0,-68.8,0.0,n,3.0,1008.0,2.1,93.0,1010.0,0.0,0.0,2.9,2024-01-07T00:15:00,2024-01-07T05:15:00,1704604500.0,0.0,10.0,91.0,15.4,8.3,Light rain,r01n,500.0,4951257.0,Somerville,US,42.3876,-71.0995,MA,994971-99999,America/New_York
2024-01-07 00:30:00,,,,,-2.8,24.2,100.0,1.9,0.0,0.0,-67.7,0.0,n,2.0,1008.0,2.1,94.0,1010.0,0.0,0.0,2.8,2024-01-07T00:30:00,2024-01-07T05:30:00,1704605400.0,0.0,10.0,90.0,15.2,8.2,Light rain,r01n,500.0,4951257.0,Somerville,US,42.3876,-71.0995,MA,994971-99999,America/New_York
2024-01-07 00:45:00,,,,,-2.9,32.9,100.0,1.8,0.0,0.0,-66.5,0.0,n,2.0,1008.0,2.1,94.0,1010.0,0.0,0.0,2.7,2024-01-07T00:45:00,2024-01-07T05:45:00,1704606300.0,0.0,10.0,89.0,15.0,8.1,Light rain,r01n,500.0,4951257.0,Somerville,US,42.3876,-71.0995,MA,994971-99999,America/New_York
2024-01-07 01:00:00,,,,,-2.9,41.7,100.0,1.9,0.0,0.0,-65.3,0.0,n,5.0,1008.0,2.1,95.0,1010.0,0.0,0.0,2.6,2024-01-07T01:00:00,2024-01-07T06:00:00,1704607200.0,0.0,10.0,88.0,14.8,8.0,Moderate rain,r02n,501.0,4951257.0,Somerville,US,42.3876,-71.0995,MA,994971-99999,America/New_York
2024-01-07 01:15:00,,,,,-3.2,47.2,100.0,1.7,0.0,0.0,-63.1,0.0,n,2.0,1008.0,2.1,95.0,1010.0,0.0,0.0,2.4,2024-01-07T01:15:00,2024-01-07T06:15:00,1704608100.0,0.0,10.0,88.0,14.6,8.0,Light rain,r01n,500.0,4951257.0,Somerville,US,42.3876,-71.0995,MA,994971-99999,America/New_York
2024-01-07 01:30:00,,,,,-3.5,52.8,100.0,1.5,0.0,0.0,-60.9,0.0,n,2.0,1008.0,2.1,95.0,1010.0,0.0,0.0,2.2,2024-01-07T01:30:00,2024-01-07T06:30:00,1704609000.0,0.0,10.0,87.0,14.4,8.0,Light rain,r01n,500.0,4951257.0,Somerville,US,42.3876,-71.0995,MA,994971-99999,America/New_York
2024-01-07 01:45:00,,,,,-3.7,58.3,100.0,1.3,0.0,0.0,-58.7,0.0,n,2.0,1008.0,2.1,95.0,1010.0,0.0,0.0,2.0,2024-01-07T01:45:00,2024-01-07T06:45:00,1704609900.0,0.0,10.0,86.0,14.2,8.0,Light rain,r01n,500.0,4951257.0,Somerville,US,42.3876,-71.0995,MA,994971-99999,America/New_York
2024-01-07 02:00:00,,,,,-4.0,63.9,100.0,1.1,0.0,0.0,-56.5,0.0,n,4.0,1007.0,2.1,95.0,1009.0,0.0,0.0,1.8,2024-01-07T02:00:00,2024-01-07T07:00:00,1704610800.0,0.0,10.0,86.0,14.0,8.0,Moderate rain,r02n,501.0,4951257.0,Somerville,US,42.3876,-71.0995,MA,994971-99999,America/New_York
2024-01-07 02:15:00,,,,,-4.0,67.5,100.0,1.1,0.0,0.0,-53.8,0.0,n,2.0,1007.0,2.1,95.0,1009.0,0.0,0.0,1.8,2024-01-07T02:15:00,2024-01-07T07:15:00,1704611700.0,0.0,10.0,84.0,13.8,7.9,Light rain,r01n,500.0,4951257.0,Somerville,US,42.3876,-71.0995,MA,994971-99999,America/New_York
2024-01-07 02:30:00,,,,,-4.0,71.2,100.0,1.0,0.0,0.0,-51.2,0.0,n,4.0,1007.0,2.1,95.0,1009.0,0.0,0.0,1.8,2024-01-07T02:30:00,2024-01-07T07:30:00,1704612600.0,0.0,10.0,83.0,13.6,7.8,Moderate rain,r02n,501.0,4951257.0,Somerville,US,42.3876,-71.0995,MA,994971-99999,America/New_York
2024-01-07 02:45:00,,,,,-4.0,74.8,100.0,1.0,0.0,0.0,-48.6,0.0,n,2.0,1007.0,2.1,95.0,1009.0,0.0,0.0,1.7,2024-01-07T02:45:00,2024-01-07T07:45:00,1704613500.0,0.0,10.0,82.0,13.4,7.7,Light rain,r01n,500.0,4951257.0,Somerville,US,42.3876,-71.0995,MA,994971-99999,America/New_York
2024-01-07 03:00:00,,,,,-4.0,78.5,100.0,1.0,0.0,0.0,-46.0,0.0,n,3.0,1007.0,2.1,95.0,1009.0,0.0,0.0,1.7,2024-01-07T03:00:00,2024-01-07T08:00:00,1704614400.0,0.0,10.0,80.0,13.2,7.6,Light rain,r01n,500.0,4951257.0,Somerville,US,42.3876,-71.0995,MA,994971-99999,America/New_York
2024-01-07 03:15:00,,,,,-3.9,81.2,100.0,1.0,0.0,0.0,-43.2,0.0,n,2.0,1007.0,2.1,95.0,1009.0,2.0,0.0,1.8,2024-01-07T03:15:00,2024-01-07T08:15:00,1704615300.0,0.0,10.0,79.0,13.2,7.6,Snow,s02n,601.0,4951257.0,Somerville,US,42.3876,-71.0995,MA,994971-99999,America/New_York
2024-01-07 03:30:00,,,,,-3.8,84.0,100.0,1.1,0.0,0.0,-40.5,0.0,n,1.0,1007.0,2.1,95.0,1009.0,1.0,0.0,1.8,2024-01-07T03:30:00,2024-01-07T08:30:00,1704616200.0,0.0,10.0,78.0,13.2,7.6,Light snow,s01n,600.0,4951257.0,Somerville,US,42.3876,-71.0995,MA,994971-99999,America/New_York
2024-01-07 03:45:00,,,,,-3.8,86.8,100.0,1.1,0.0,0.0,-37.7,0.0,n,2.0,1006.0,2.1,95.0,1008.0,2.0,0.0,1.9,2024-01-07T03:45:00,2024-01-07T08:45:00,1704617100.0,0.0,10.0,77.0,13.2,7.6,Snow,s02n,601.0,4951257.0,Somerville,US,42.3876,-71.0995,MA,994971-99999,America/New_York
2024-01-07 04:00:00,,,,,-3.7,89.6,100.0,1.2,0.0,0.0,-35.0,0.0,n,2.0,1006.0,2.1,95.0,1008.0,2.0,0.0,1.9,2024-01-07T04:00:00,2024-01-07T09:00:00,1704618000.0,0.0,10.0,76.0,13.2,7.6,Snow,s02n,601.0,4951257.0,Somerville,US,42.3876,-71.0995,MA,994971-99999,America/New_York
2024-01-07 04:15:00,,,,,-3.6,92.0,100.0,1.0,0.0,0.0,-32.2,0.0,n,2.0,1006.0,2.1,94.0,1008.0,2.0,0.0,1.9,2024-01-07T04:15:00,2024-01-07T09:15:00,1704618900.0,0.0,10.0,76.0,13.3,7.4,Snow,s02n,601.0,4951257.0,Somerville,US,42.3876,-71.0995,MA,994971-99999,America/New_York
2024-01-07 04:30:00,,,,,-3.6,94.4,100.0,1.0,0.0,0.0,-29.4,0.0,n,2.0,1006.0,2.1,94.0,1008.0,2.0,0.0,1.9,2024-01-07T04:30:00,2024-01-07T09:30:00,1704619800.0,0.0,10.0,76.0,13.4,7.2,Snow,s02n,601.0,4951257.0,Somerville,US,42.3876,-71.0995,MA,994971-99999,America/New_York
2024-01-07 04:45:00,,,,,-3.5,96.8,100.0,0.9,0.0,0.0,-26.7,0.0,n,3.0,1006.0,2.1,93.0,1008.0,3.0,0.0,1.9,2024-01-07T04:45:00,2024-01-07T09:45:00,1704620700.0,0.0,10.0,76.0,13.5,7.0,Snow,s02n,601.0,4951257.0,Somerville,US,42.3876,-71.0995,MA,994971-99999,America/New_York
2024-01-07 05:00:00,,,,,-3.4,99.2,100.0,0.7,0.0,0.0,-23.9,0.0,n,2.0,1006.0,2.1,92.0,1008.0,2.0,0.0,1.9,2024-01-07T05:00:00,2024-01-07T10:00:00,1704621600.0,0.0,10.0,76.0,13.6,6.8,Snow,s02n,601.0,4951257.0,Somerville,US,42.3876,-71.0995,MA,994971-99999,America/New_York
2024-01-07 05:15:00,,,,,-3.4,101.5,100.0,0.7,0.0,0.0,-21.2,0.0,n,1.0,1005.0,2.1,92.0,1007.0,1.0,0.0,1.9,2024-01-07T05:15:00,2024-01-07T10:15:00,1704622500.0,0.0,10.0,74.0,13.7,6.9,Light snow,s01n,600.0,4951257.0,Somerville,US,42.3876,-71.0995,MA,994971-99999,America/New_York
2024-01-07 05:30:00,,,,,-3.5,103.8,100.0,0.7,0.0,0.0,-18.5,0.0,n,2.0,1005.0,2.1,92.0,1007.0,2.0,0.0,1.9,2024-01-07T05:30:00,2024-01-07T10:30:00,1704623400.0,0.0,10.0,72.0,13.8,7.0,Snow,s02n,601.0,4951257.0,Somerville,US,42.3876,-71.0995,MA,994971-99999,America/New_York
2024-01-07 05:45:00,,,,,-3.5,106.2,100.0,0.7,0.0,0.0,-15.8,0.0,n,3.0,1005.0,2.1,92.0,1007.0,3.0,0.0,1.9,2024-01-07T05:45:00,2024-01-07T10:45:00,1704624300.0,0.0,10.0,70.0,13.9,7.1,Snow,s02n,601.0,4951257.0,Somerville,US,42.3876,-71.0995,MA,994971-99999,America/New_York
2024-01-07 06:00:00,,,,,-3.6,108.5,100.0,0.7,0.0,0.0,-13.2,0.0,n,4.0,1005.0,2.1,92.0,1007.0,4.0,0.0,1.9,2024-01-07T06:00:00,2024-01-07T11:00:00,1704625200.0,0.0,10.0,68.0,14.0,7.2,Heavy snow,s03n,602.0,4951257.0,Somerville,US,42.3876,-71.0995,MA,994971-99999,America/New_York
2024-01-07 06:15:00,,,,,-3.5,110.8,100.0,0.8,0.0,0.0,-10.6,0.0,n,5.0,1005.0,2.1,92.0,1007.0,5.0,0.0,2.0,2024-01-07T06:15:00,2024-01-07T11:15:00,1704626100.0,0.0,10.0,67.0,14.2,7.3,Heavy snow,s03n,602.0,4951257.0,Somerville,US,42.3876,-71.0995,MA,994971-99999,America/New_York
2024-01-07 06:30:00,,,,,-3.5,113.2,100.0,0.9,0.0,0.0,-8.1,0.0,n,5.0,1005.0,2.1,92.0,1007.0,5.0,0.0,2.0,2024-01-07T06:30:00,2024-01-07T11:30:00,1704627000.0,0.0,10.0,66.0,14.4,7.4,Heavy snow,s03n,602.0,4951257.0,Somerville,US,42.3876,-71.0995,MA,994971-99999,America/New_York
2024-01-07 06:45:00,,,,,-3.4,115.6,100.0,1.0,0.0,0.0,-5.5,0.0,n,7.0,1004.0,2.1,92.0,1006.0,0.0,0.0,2.1,2024-01-07T06:45:00,2024-01-07T11:45:00,1704627900.0,0.0,10.0,65.0,14.6,7.5,Moderate rain,r02n,501.0,4951257.0,Somerville,US,42.3876,-71.0995,MA,994971-99999,America/New_York
2024-01-07 07:00:00,,,,,-3.3,118.0,100.0,1.0,0.0,0.0,-3.0,0.0,n,5.0,1004.0,2.1,92.0,1006.0,0.0,0.0,2.2,2024-01-07T07:00:00,2024-01-07T12:00:00,1704628800.0,0.0,10.0,64.0,11.3,7.6,Moderate rain,r02n,501.0,4951257.0,Somerville,US,42.3876,-71.0995,MA,994971-99999,America/New_York
2024-01-07 07:15:00,,,,,-3.4,120.5,100.0,1.0,10.0,91.0,-0.7,18.0,d,4.0,1004.0,2.1,92.0,1006.0,0.0,8.0,2.1,2024-01-07T07:15:00,2024-01-07T12:15:00,1704629700.0,0.0,10.0,64.0,14.8,7.7,Moderate rain,r02n,501.0,4951257.0,Somerville,US,42.3876,-71.0995,MA,994971-99999,America/New_York
2024-01-07 07:30:00,-6.138690175856993,82.80509871491718,90.00000085377364,6.138690175856994,-3.5,123.1,100.0,0.9,21.0,181.0,1.7,36.0,d,5.0,1004.0,2.1,92.0,1006.0,0.0,16.0,2.1,2024-01-07T07:30:00,2024-01-07T12:30:00,1704630600.0,0.4,10.0,64.0,14.8,7.8,Moderate rain,r02n,501.0,4951257.0,Somerville,US,42.3876,-71.0995,MA,994971-99999,America/New_York
2024-01-07 07:45:00,-13.28574270604129,75.03488873867803,90.0,13.285742706041285,-3.6,125.7,100.0,0.9,31.0,272.0,4.0,54.0,d,3.0,1004.0,2.1,92.0,1006.0,0.0,27.0,2.0,2024-01-07T07:45:00,2024-01-07T12:45:00,1704631500.0,0.4,10.0,64.0,14.8,7.9,Light rain,r01d,500.0,4951257.0,Somerville,US,42.3876,-71.0995,MA,994971-99999,America/New_York
2024-01-07 08:00:00,-21.511389025091944,67.05677727263068,90.0,21.51138902509194,-3.7,128.3,100.0,0.8,41.0,363.0,6.3,72.0,d,3.0,1004.0,2.1,92.0,1006.0,0.0,36.0,2.0,2024-01-07T08:00:00,2024-01-07T13:00:00,1704632400.0,0.4,10.0,64.0,14.8,8.0,Light rain,r01d,500.0,4951257.0,Somerville,US,42.3876,-71.0995,MA,994971-99999,America/New_York
2024-01-07 08:15:00,-31.629675840951435,58.84816073120796,90.0,31.629675840951435,-3.7,131.2,100.0,0.9,48.0,421.0,8.3,105.0,d,2.0,1003.0,2.1,92.0,1005.0,0.0,49.0,2.0,2024-01-07T08:15:00,2024-01-07T13:15:00,1704633300.0,0.4,10.0,64.0,14.7,8.0,Light rain,r01d,500.0,4951257.0,Somerville,US,42.3876,-71.0995,MA,994971-99999,America/New_York
2024-01-07 08:30:00,-46.374680043444656,50.25116367504969,90.0,46.374680043444656,-3.7,134.0,100.0,0.9,54.0,480.0,10.3,139.0,d,4.0,1003.0,2.1,92.0,1005.0,4.0,46.0,2.0,2024-01-07T08:30:00,2024-01-07T13:30:00,1704634200.0,0.4,10.0,64.0,14.6,8.0,Heavy snow,s03d,602.0,4951257.0,Somerville,US,42.3876,-71.0995,MA,994971-99999,America/New_York
2024-01-07 08:45:00,-60.0,46.589184030318705,90.0,59.99999999999999,-3.6,136.9,100.0,0.9,61.0,538.0,12.3,173.0,d,3.0,1003.0,2.1,92.0,1005.0,3.0,60.0,2.1,2024-01-07T08:45:00,2024-01-07T13:45:00,1704635100.0,0.4,10.0,64.0,14.5,8.0,Snow,s02d,601.0,4951257.0,Somerville,US,42.3876,-71.0995,MA,994971-99999,America/New_York
2024-01-07 09:00:00,-60.0,48.28318685634983,90.0,59.99999999999999,-3.6,139.8,100.0,0.9,67.0,597.0,14.3,206.0,d,3.0,1003.0,2.1,92.0,1005.0,3.0,68.0,2.1,2024-01-07T09:00:00,2024-01-07T14:00:00,1704636000.0,0.5,10.0,64.0,14.4,8.0,Snow,s02d,601.0,4951257.0,Somerville,US,42.3876,-71.0995,MA,994971-99999,America/New_York
2024-01-07 09:15:00,-60.0,50.1858480113823,90.0,59.99999999999999,-3.6,143.1,100.0,0.9,71.0,623.0,15.8,234.0,d,3.0,1002.0,2.1,92.0,1004.0,3.0,73.0,2.1,2024-01-07T09:15:00,2024-01-07T14:15:00,1704636900.0,0.5,10.0,64.0,14.4,7.9,Snow,s02d,601.0,4951257.0,Somerville,US,42.3876,-71.0995,MA,994971-99999,America/New_York
2024-01-07 09:30:00,-60.0,52.27475658033606,90.0,59.99999999999999,-3.6,146.3,100.0,0.9,74.0,649.0,17.4,263.0,d,2.0,1002.0,2.1,92.0,1004.0,2.0,86.0,2.0,2024-01-07T09:30:00,2024-01-07T14:30:00,1704637800.0,0.5,10.0,63.0,14.4,7.8,Snow,s02d,601.0,4951257.0,Somerville,US,42.3876,-71.0995,MA,994971-99999,America/New_York
2024-01-07 09:45:00,-55.77489177912371,54.41735609556611,90.0,55.77489177912371,-3.6,149.6,100.0,0.9,77.0,676.0,18.9,291.0,d,2.0,1002.0,2.1,92.0,1004.0,2.0,91.0,2.0,2024-01-07T09:45:00,2024-01-07T14:45:00,1704638700.0,0.5,10.0,62.0,14.4,7.7,Snow,s02d,601.0,4951257.0,Somerville,US,42.3876,-71.0995,MA,994971-99999,America/New_York
2024-01-07 10:00:00,-50.818506059597674,56.442529826659225,90.0,50.818506059597674,-3.6,152.8,100.0,0.8,81.0,702.0,20.4,319.0,d,2.0,1002.0,2.1,92.0,1004.0,2.0,97.0,2.0,2024-01-07T10:00:00,2024-01-07T15:00:00,1704639600.0,0.6,10.0,62.0,14.4,7.6,Snow,s02d,601.0,4951257.0,Somerville,US,42.3876,-71.0995,MA,994971-99999,America/New_York
2024-01-07 10:15:00,-45.41687196958296,58.32323298824115,90.0,45.41687196958296,-3.6,156.4,98.0,0.8,83.0,714.0,21.4,336.0,d,1.0,1001.0,2.1,92.0,1003.0,1.0,137.0,2.0,2024-01-07T10:15:00,2024-01-07T15:15:00,1704640500.0,0.6,10.0,60.0,11.3,7.5,Light snow,s01d,600.0,4951257.0,Somerville,US,42.3876,-71.0995,MA,994971-99999,America/New_York
2024-01-07 10:30:00,-39.52695244376161,60.02897875822463,90.0,39.52695244376161,-3.6,160.0,99.0,0.8,85.0,726.0,22.3,354.0,d,1.0,1001.0,2.1,92.0,1003.0,1.0,131.0,1.9,2024-01-07T10:30:00,2024-01-07T15:30:00,1704641400.0,0.6,10.0,58.0,14.6,7.4,Light snow,s01d,600.0,4951257.0,Somerville,US,42.3876,-71.0995,MA,994971-99999,America/New_York
2024-01-07 10:45:00,-33.120773685567436,61.52540027965166,90.0,33.120773685567436,-3.6,163.6,100.0,0.8,86.0,738.0,23.3,372.0,d,1.0,1000.0,2.1,92.0,1002.0,1.0,123.0,1.9,2024-01-07T10:45:00,2024-01-07T15:45:00,1704642300.0,0.6,10.0,56.0,14.7,7.3,Light snow,s01d,600.0,4951257.0,Somerville,US,42.3876,-71.0995,MA,994971-99999,America/New_York
2024-01-07 11:00:00,-26.197398249301244,62.775464305879865,90.0,26.19739824930124,-3.6,167.2,100.0,0.7,88.0,750.0,24.2,389.0,d,1.0,1000.0,2.1,92.0,1002.0,1.0,127.0,1.9,2024-01-07T11:00:00,2024-01-07T16:00:00,1704643200.0,0.7,10.0,54.0,14.8,7.2,Light snow,s01d,600.0,4951257.0,Somerville,US,42.3876,-71.0995,MA,994971-99999,America/New_York
2024-01-07 11:15:00,-18.796141719288478,63.741924554684935,90.00000190909591,18.796141719288485,-3.7,171.0,100.0,0.8,89.0,753.0,24.5,394.0,d,1.0,999.0,2.1,93.0,1001.0,1.0,128.0,1.8,2024-01-07T11:15:00,2024-01-07T16:15:00,1704644100.0,0.7,10.0,52.0,10.8,7.2,Light snow,s01d,600.0,4951257.0,Somerville,US,42.3876,-71.0995,MA,994971-99999,America/New_York
2024-01-07 11:30:00,-11.00666421308334,64.39111302743474,90.00000295755866,11.006664213083354,-3.7,174.9,100.0,0.9,89.0,756.0,24.7,398.0,d,1.0,999.0,2.1,94.0,1001.0,1.0,129.0,1.8,2024-01-07T11:30:00,2024-01-07T16:30:00,1704645000.0,0.7,10.0,50.0,14.0,7.2,Light snow,s01d,600.0,4951257.0,Somerville,US,42.3876,-71.0995,MA,994971-99999,America/New_York
2024-01-07 11:45:00,-2.9696968757394373,64.69758289425157,90.0,2.9696968757393885,-3.8,178.7,100.0,1.1,89.0,759.0,25.0,403.0,d,1.0,998.0,2.1,96.0,1000.0,1.0,129.0,1.7,2024-01-07T11:45:00,2024-01-07T16:45:00,1704645900.0,0.7,10.0,48.0,13.6,7.2,Light snow,s01d,600.0,4951257.0,Somerville,US,42.3876,-71.0995,MA,994971-99999,America/New_York
2024-01-07 12:00:00,5.136398634007022,64.64842507412537,269.99999669334886,5.136398634007031,-3.9,182.5,100.0,1.2,90.0,762.0,25.2,408.0,d,2.0,998.0,2.1,97.0,1000.0,2.0,113.0,1.6,2024-01-07T12:00:00,2024-01-07T17:00:00,1704646800.0,0.7,10.0,46.0,13.2,7.2,Snow,s02d,601.0,4951257.0,Somerville,US,42.3876,-71.0995,MA,994971-99999,America/New_York
2024-01-07 12:15:00,13.122014807876552,64.24573371990469,270.0,13.122014807876548,-4.7,186.2,100.0,0.5,89.0,756.0,24.8,399.0,d,5.0,998.0,2.1,96.0,1000.0,20.0,84.0,1.1,2024-01-07T12:15:00,2024-01-07T17:15:00,1704647700.0,0.7,10.0,44.0,13.3,7.3,Heavy snow,s03d,602.0,4951257.0,Somerville,US,42.3876,-71.0995,MA,994971-99999,America/New_York
2024-01-07 12:30:00,20.81692578536024,63.50618815453221,270.0,20.81692578536023,-5.4,190.0,100.0,-0.3,88.0,750.0,24.3,390.0,d,3.0,998.0,2.1,94.0,1000.0,21.0,101.0,0.5,2024-01-07T12:30:00,2024-01-07T17:30:00,1704648600.0,0.7,10.0,42.0,13.4,7.4,Snow,s02d,601.0,4951257.0,Somerville,US,42.3876,-71.0995,MA,994971-99999,America/New_York
2024-01-07 12:45:00,28.093708357723226,62.457947129258905,270.0,28.093708357723226,-6.1,193.8,100.0,-1.0,87.0,745.0,23.8,381.0,d,3.0,997.0,2.1,93.0,999.0,30.0,99.0,0.0,2024-01-07T12:45:00,2024-01-07T17:45:00,1704649500.0,0.6,10.0,40.0,13.5,7.5,Snow,s02d,601.0,4951257.0,Somerville,US,42.3876,-71.0995,MA,994971-99999,America/New_York
2024-01-07 13:00:00,34.87709169037966,61.13609073571648,270.0,34.87709169037966,-6.9,197.5,100.0,-1.7,86.0,739.0,23.3,372.0,d,5.0,997.0,2.1,92.0,999.0,60.0,80.0,-0.6,2024-01-07T13:00:00,2024-01-07T18:00:00,1704650400.0,0.6,10.0,38.0,13.6,7.6,Heavy snow,s03d,602.0,4951257.0,Somerville,US,42.3876,-71.0995,MA,994971-99999,America/New_York
2024-01-07 13:15:00,41.140039256540454,59.578119873384274,270.0,41.14003925654046,-7.6,201.0,100.0,-2.2,84.0,724.0,22.2,351.0,d,3.0,997.0,2.1,92.0,999.0,36.0,94.0,-1.1,2024-01-07T13:15:00,2024-01-07T18:15:00,1704651300.0,0.6,10.0,36.0,13.8,7.7,Snow,s02d,601.0,4951257.0,Somerville,US,42.3876,-71.0995,MA,994971-99999,America/New_York
2024-01-07 13:30:00,46.89222205933589,57.82051518478027,270.0,46.89222205933589,-8.3,204.5,100.0,-2.7,82.0,708.0,21.0,330.0,d,3.0,998.0,2.1,92.0,1000.0,42.0,90.0,-1.6,2024-01-07T13:30:00,2024-01-07T18:30:00,1704652200.0,0.6,10.0,33.0,14.0,7.8,Snow,s02d,601.0,4951257.0,Somerville,US,42.3876,-71.0995,MA,994971-99999,America/New_York
2024-01-07 13:45:00,52.166821477824186,55.896648851804635,270.0,52.166821477824186,-9.1,208.0,100.0,-3.3,80.0,692.0,19.9,308.0,d,2.0,998.0,2.1,92.0,1000.0,28.0,95.0,-2.2,2024-01-07T13:45:00,2024-01-07T18:45:00,1704653100.0,0.5,10.0,30.0,14.2,7.9,Snow,s02d,601.0,4951257.0,Somerville,US,42.3876,-71.0995,MA,994971-99999,America/New_York
2024-01-07 14:00:00,57.009308553111495,53.835853792827905,270.0,57.00930855311149,-9.8,211.6,100.0,-3.8,77.0,676.0,18.7,287.0,d,1.0,998.0,2.1,92.0,1000.0,14.0,106.0,-2.7,2024-01-07T14:00:00,2024-01-07T19:00:00,1704654000.0,0.5,10.0,28.0,14.4,8.0,Light snow,s01d,600.0,4951257.0,Somerville,US,42.3876,-71.0995,MA,994971-99999,America/New_York
2024-01-07 14:15:00,60.0,51.67817946434039,270.0,59.99999999999999,-10.1,214.7,100.0,-4.0,73.0,643.0,17.0,256.0,d,2.0,998.0,2.1,92.0,1000.0,28.0,84.0,-2.9,2024-01-07T14:15:00,2024-01-07T19:15:00,1704654900.0,0.5,10.0,25.0,10.8,8.0,Snow,s02d,601.0,4951257.0,Somerville,US,42.3876,-71.0995,MA,994971-99999,America/New_York
2024-01-07 14:30:00,60.0,49.63384922530274,270.0,59.99999999999999,-10.4,217.8,100.0,-4.4,69.0,609.0,15.3,226.0,d,2.0,999.0,2.1,91.0,1001.0,30.0,78.0,-3.1,2024-01-07T14:30:00,2024-01-07T19:30:00,1704655800.0,0.5,10.0,22.0,14.4,8.0,Snow,s02d,601.0,4951257.0,Somerville,US,42.3876,-71.0995,MA,994971-99999,America/New_York
2024-01-07 14:45:00,60.0,47.78151722484295,270.0,59.99999999999999,-10.6,221.0,100.0,-4.7,65.0,576.0,13.6,195.0,d,2.0,999.0,2.1,90.0,1001.0,30.0,72.0,-3.3,2024-01-07T14:45:00,2024-01-07T19:45:00,1704656700.0,0.4,10.0,19.0,14.4,8.0,Snow,s02d,601.0,4951257.0,Somerville,US,42.3876,-71.0995,MA,994971-99999,America/New_York
2024-01-07 15:00:00,60.0,46.14382470716844,270.0,59.99999999999999,-10.9,224.1,100.0,-4.9,61.0,543.0,11.9,164.0,d,2.0,999.0,2.1,90.0,1001.0,30.0,65.0,-3.5,2024-01-07T15:00:00,2024-01-07T20:00:00,1704657600.0,0.4,10.0,16.0,14.4,8.0,Snow,s02d,601.0,4951257.0,Somerville,US,42.3876,-71.0995,MA,994971-99999,America/New_York
2024-01-07 15:15:00,41.7503827646265,52.479315748953795,269.9999987925817,41.75038276462651,-10.7,226.9,100.0,-4.8,53.0,463.0,9.8,131.0,d,2.0,999.0,2.1,90.0,1001.0,30.0,56.0,-3.4,2024-01-07T15:15:00,2024-01-07T20:15:00,1704658500.0,0.4,10.0,14.0,9.8,8.0,Snow,s02d,601.0,4951257.0,Somerville,US,42.3876,-71.0995,MA,994971-99999,America/New_York
2024-01-07 15:30:00,28.76912213902054,60.95559308635172,270.0,28.76912213902053,-10.6,229.6,100.0,-4.6,44.0,382.0,7.7,98.0,d,3.0,1000.0,2.1,91.0,1002.0,45.0,41.0,-3.3,2024-01-07T15:30:00,2024-01-07T20:30:00,1704659400.0,0.4,10.0,13.0,14.0,8.0,Snow,s02d,601.0,4951257.0,Somerville,US,42.3876,-71.0995,MA,994971-99999,America/New_York
2024-01-07 15:45:00,19.277768334405145,69.09519217749522,270.0,19.27776833440514,-10.5,232.4,100.0,-4.3,36.0,302.0,5.6,65.0,d,1.0,1000.0,2.1,92.0,1002.0,15.0,43.0,-3.2,2024-01-07T15:45:00,2024-01-07T20:45:00,1704660300.0,0.4,10.0,12.0,13.8,8.0,Light snow,s01d,600.0,4951257.0,Somerville,US,42.3876,-71.0995,MA,994971-99999,America/New_York
2024-01-07 16:00:00,11.380640229661736,77.02511772176496,270.0,11.380640229661728,-10.4,235.2,100.0,-4.2,28.0,222.0,3.5,32.0,d,2.0,1000.0,2.1,92.0,1002.0,30.0,26.0,-3.1,2024-01-07T16:00:00,2024-01-07T21:00:00,1704661200.0,0.4,10.0,10.0,13.6,8.0,Snow,s02n,601.0,4951257.0,Somerville,US,42.3876,-71.0995,MA,994971-99999,America/New_York
2024-01-07 16:15:00,4.4665609157847115,84.7171945380071,270.0,4.466560915784701,-10.3,237.7,100.0,-4.2,21.0,166.0,1.1,24.0,d,0.0,1000.0,2.1,92.0,1002.0,0.0,23.0,-3.1,2024-01-07T16:15:00,2024-01-07T21:15:00,1704662100.0,0.4,10.0,10.0,13.5,7.9,Overcast clouds,c04n,804.0,4951257.0,Somerville,US,42.3876,-71.0995,MA,994971-99999,America/New_York
2024-01-07 16:30:00,,,,,-10.3,240.2,100.0,-4.3,14.0,111.0,-1.3,16.0,d,0.0,1000.0,2.1,92.0,1002.0,0.0,16.0,-3.1,2024-01-07T16:30:00,2024-01-07T21:30:00,1704663000.0,0.0,10.0,9.0,13.4,7.8,Overcast clouds,c04n,804.0,4951257.0,Somerville,US,42.3876,-71.0995,MA,994971-99999,America/New_York
2024-01-07 16:45:00,,,,,-10.3,242.7,100.0,-4.3,7.0,55.0,-3.7,8.0,d,0.0,1001.0,2.1,92.0,1003.0,0.0,8.0,-3.2,2024-01-07T16:45:00,2024-01-07T21:45:00,1704663900.0,0.0,10.0,8.0,13.3,7.7,Overcast clouds,c04n,804.0,4951257.0,Somerville,US,42.3876,-71.0995,MA,994971-99999,America/New_York
2024-01-07 17:00:00,,,,,-10.3,245.2,100.0,-4.3,0.0,0.0,-6.1,0.0,n,0.0,1001.0,2.1,92.0,1003.0,0.0,0.0,-3.2,2024-01-07T17:00:00,2024-01-07T22:00:00,1704664800.0,0.0,10.0,8.0,13.2,7.6,Overcast clouds,c04n,804.0,4951257.0,Somerville,US,42.3876,-71.0995,MA,994971-99999,America/New_York
2024-01-07 17:15:00,,,,,-10.4,247.5,100.0,-4.4,0.0,0.0,-8.7,0.0,n,0.0,1001.0,2.1,92.0,1003.0,0.0,0.0,-3.3,2024-01-07T17:15:00,2024-01-07T22:15:00,1704665700.0,0.0,10.0,96.0,10.3,7.5,Overcast clouds,c04n,804.0,4951257.0,Somerville,US,42.3876,-71.0995,MA,994971-99999,America/New_York
2024-01-07 17:30:00,,,,,-10.5,249.9,100.0,-4.7,0.0,0.0,-11.3,0.0,n,0.0,1002.0,2.1,91.0,1004.0,0.0,0.0,-3.5,2024-01-07T17:30:00,2024-01-07T22:30:00,1704666600.0,0.0,10.0,183.0,13.2,7.4,Overcast clouds,c04n,804.0,4951257.0,Somerville,US,42.3876,-71.0995,MA,994971-99999,America/New_York
2024-01-07 17:45:00,,,,,-10.6,252.2,100.0,-5.0,0.0,0.0,-13.9,0.0,n,0.0,1002.0,2.1,90.0,1004.0,0.0,0.0,-3.6,2024-01-07T17:45:00,2024-01-07T22:45:00,1704667500.0,0.0,10.0,270.0,13.2,7.3,Overcast clouds,c04n,804.0,4951257.0,Somerville,US,42.3876,-71.0995,MA,994971-99999,America/New_York
2024-01-07 18:00:00,,,,,-10.8,254.6,100.0,-5.1,0.0,0.0,-16.5,0.0,n,0.0,1003.0,2.1,90.0,1005.0,0.0,0.0,-3.7,2024-01-07T18:00:00,2024-01-07T23:00:00,1704668400.0,0.0,10.0,358.0,13.2,7.2,Overcast clouds,c04n,804.0,4951257.0,Somerville,US,42.3876,-71.0995,MA,994971-99999,America/New_York
2024-01-07 18:15:00,,,,,-10.8,256.9,100.0,-5.3,0.0,0.0,-19.3,0.0,n,0.0,1003.0,2.1,89.0,1005.0,0.0,0.0,-3.8,2024-01-07T18:15:00,2024-01-07T23:15:00,1704669300.0,0.0,10.0,355.0,13.1,7.1,Overcast clouds,c04n,804.0,4951257.0,Somerville,US,42.3876,-71.0995,MA,994971-99999,America/New_York
2024-01-07 18:30:00,,,,,-10.9,259.2,100.0,-5.5,0.0,0.0,-22.0,0.0,n,0.0,1003.0,2.1,88.0,1005.0,0.0,0.0,-3.9,2024-01-07T18:30:00,2024-01-07T23:30:00,1704670200.0,0.0,10.0,352.0,13.0,7.0,Overcast clouds,c04n,804.0,4951257.0,Somerville,US,42.3876,-71.0995,MA,994971-99999,America/New_York
2024-01-07 18:45:00,,,,,-10.9,261.6,100.0,-5.6,0.0,0.0,-24.7,0.0,n,0.0,1004.0,2.1,88.0,1006.0,0.0,0.0,-3.9,2024-01-07T18:45:00,2024-01-07T23:45:00,1704671100.0,0.0,10.0,349.0,12.9,6.9,Overcast clouds,c04n,804.0,4951257.0,Somerville,US,42.3876,-71.0995,MA,994971-99999,America/New_York
2024-01-07 19:00:00,,,,,-11.0,263.9,100.0,-5.8,0.0,0.0,-27.4,0.0,n,0.0,1004.0,2.1,87.0,1006.0,0.0,0.0,-4.0,2024-01-07T19:00:00,2024-01-08T00:00:00,1704672000.0,0.0,10.0,346.0,12.8,6.8,Overcast clouds,c04n,804.0,4951257.0,Somerville,US,42.3876,-71.0995,MA,994971-99999,America/New_York
2024-01-07 19:15:00,,,,,-10.9,266.4,100.0,-6.0,0.0,0.0,-30.2,0.0,n,0.0,1005.0,2.1,86.0,1007.0,0.0,0.0,-4.0,2024-01-07T19:15:00,2024-01-08T00:15:00,1704672900.0,0.0,10.0,345.0,12.5,6.7,Overcast clouds,c04n,804.0,4951257.0,Somerville,US,42.3876,-71.0995,MA,994971-99999,America/New_York
2024-01-07 19:30:00,,,,,-10.8,268.9,100.0,-6.0,0.0,0.0,-32.9,0.0,n,1.0,1005.0,2.1,86.0,1007.0,15.0,0.0,-4.0,2024-01-07T19:30:00,2024-01-08T00:30:00,1704673800.0,0.0,10.0,344.0,12.2,6.6,Light snow,s01n,600.0,4951257.0,Somerville,US,42.3876,-71.0995,MA,994971-99999,America/New_York
2024-01-07 19:45:00,,,,,-10.7,271.4,100.0,-5.9,0.0,0.0,-35.7,0.0,n,0.0,1005.0,2.1,86.0,1007.0,0.0,0.0,-4.0,2024-01-07T19:45:00,2024-01-08T00:45:00,1704674700.0,0.0,10.0,343.0,11.9,6.5,Overcast clouds,c04n,804.0,4951257.0,Somerville,US,42.3876,-71.0995,MA,994971-99999,America/New_York
2024-01-07 20:00:00,,,,,-10.7,273.9,100.0,-6.1,0.0,0.0,-38.5,0.0,n,1.0,1006.0,2.1,85.0,1008.0,15.0,0.0,-4.0,2024-01-07T20:00:00,2024-01-08T01:00:00,1704675600.0,0.0,10.0,342.0,8.7,6.4,Light snow,s01n,600.0,4951257.0,Somerville,US,42.3876,-71.0995,MA,994971-99999,America/New_York
2024-01-07 20:15:00,,,,,-10.6,276.9,100.0,-6.2,0.0,0.0,-41.2,0.0,n,1.0,1006.0,2.1,84.0,1008.0,15.0,0.0,-3.9,2024-01-07T20:15:00,2024-01-08T01:15:00,1704676500.0,0.0,10.0,341.0,11.3,6.3,Light snow,s01n,600.0,4951257.0,Somerville,US,42.3876,-71.0995,MA,994971-99999,America/New_York
2024-01-07 20:30:00,,,,,-10.5,279.9,100.0,-6.2,0.0,0.0,-43.9,0.0,n,1.0,1007.0,2.1,84.0,1009.0,15.0,0.0,-3.9,2024-01-07T20:30:00,2024-01-08T01:30:00,1704677400.0,0.0,10.0,340.0,11.0,6.2,Light snow,s01n,600.0,4951257.0,Somerville,US,42.3876,-71.0995,MA,994971-99999,America/New_York
2024-01-07 20:45:00,,,,,-10.5,282.8,100.0,-6.4,0.0,0.0,-46.6,0.0,n,1.0,1007.0,2.1,83.0,1009.0,15.0,0.0,-3.9,2024-01-07T20:45:00,2024-01-08T01:45:00,1704678300.0,0.0,10.0,339.0,10.7,6.1,Light snow,s01n,600.0,4951257.0,Somerville,US,42.3876,-71.0995,MA,994971-99999,America/New_York
2024-01-07 21:00:00,,,,,-10.4,285.8,100.0,-6.5,0.0,0.0,-49.4,0.0,n,1.0,1007.0,2.1,82.0,1009.0,15.0,0.0,-3.9,2024-01-07T21:00:00,2024-01-08T02:00:00,1704679200.0,0.0,10.0,338.0,10.4,6.0,Light snow,s01n,600.0,4951257.0,Somerville,US,42.3876,-71.0995,MA,994971-99999,America/New_York
2024-01-07 21:15:00,,,,,-10.2,290.0,99.0,-6.5,0.0,0.0,-51.9,0.0,n,1.0,1007.0,2.1,82.0,1009.0,15.0,0.0,-3.9,2024-01-07T21:15:00,2024-01-08T02:15:00,1704680100.0,0.0,10.0,336.0,10.1,5.8,Light snow,s01n,600.0,4951257.0,Somerville,US,42.3876,-71.0995,MA,994971-99999,America/New_York
2024-01-07 21:30:00,,,,,-10.1,294.1,98.0,-6.4,0.0,0.0,-54.4,0.0,n,1.0,1008.0,2.1,82.0,1010.0,15.0,0.0,-3.8,2024-01-07T21:30:00,2024-01-08T02:30:00,1704681000.0,0.0,10.0,335.0,9.8,5.6,Light snow,s01n,600.0,4951257.0,Somerville,US,42.3876,-71.0995,MA,994971-99999,America/New_York
2024-01-07 21:45:00,,,,,-9.9,298.2,97.0,-6.4,0.0,0.0,-57.0,0.0,n,1.0,1008.0,2.1,82.0,1010.0,15.0,0.0,-3.8,2024-01-07T21:45:00,2024-01-08T02:45:00,1704681900.0,0.0,10.0,334.0,9.5,5.4,Light snow,s01n,600.0,4951257.0,Somerville,US,42.3876,-71.0995,MA,994971-99999,America/New_York
2024-01-07 22:00:00,,,,,-9.8,302.3,96.0,-6.4,0.0,0.0,-59.5,0.0,n,0.0,1008.0,2.1,82.0,1010.0,0.0,0.0,-3.8,2024-01-07T22:00:00,2024-01-08T03:00:00,1704682800.0,0.0,10.0,332.0,9.2,5.2,Overcast clouds,c04n,804.0,4951257.0,Somerville,US,42.3876,-71.0995,MA,994971-99999,America/New_York
2024-01-07 22:15:00,,,,,-9.6,308.8,95.0,-6.4,0.0,0.0,-61.5,0.0,n,0.0,1008.0,2.1,82.0,1010.0,0.0,0.0,-3.8,2024-01-07T22:15:00,2024-01-08T03:15:00,1704683700.0,0.0,10.0,332.0,8.9,5.0,Overcast clouds,c04n,804.0,4951257.0,Somerville,US,42.3876,-71.0995,MA,994971-99999,America/New_York
2024-01-07 22:30:00,,,,,-9.4,315.3,94.0,-6.3,0.0,0.0,-63.4,0.0,n,0.0,1008.0,2.1,82.0,1010.0,0.0,0.0,-3.7,2024-01-07T22:30:00,2024-01-08T03:30:00,1704684600.0,0.0,10.0,331.0,8.6,4.8,Overcast clouds,c04n,804.0,4951257.0,Somerville,US,42.3876,-71.0995,MA,994971-99999,America/New_York
2024-01-07 22:45:00,,,,,-9.2,321.8,92.0,-6.3,0.0,0.0,-65.4,0.0,n,0.0,1009.0,2.1,82.0,1011.0,0.0,0.0,-3.6,2024-01-07T22:45:00,2024-01-08T03:45:00,1704685500.0,0.0,10.0,330.0,8.3,4.6,Overcast clouds,c04n,804.0,4951257.0,Somerville,US,42.3876,-71.0995,MA,994971-99999,America/New_York
2024-01-07 23:00:00,,,,,-9.0,328.3,91.0,-6.2,0.0,0.0,-67.4,0.0,n,0.0,1009.0,2.1,82.0,1011.0,0.0,0.0,-3.6,2024-01-07T23:00:00,2024-01-08T04:00:00,1704686400.0,0.0,10.0,330.0,8.0,4.4,Overcast clouds,c04n,804.0,4951257.0,Somerville,US,42.3876,-71.0995,MA,994971-99999,America/New_York
2024-01-07 23:15:00,,,,,-8.9,247.8,90.0,-6.0,0.0,0.0,-68.0,0.0,n,0.0,1009.0,2.1,83.0,1011.0,0.0,0.0,-3.5,2024-01-07T23:15:00,2024-01-08T04:15:00,1704687300.0,0.0,16.0,330.0,7.7,4.4,Overcast clouds,c04n,804.0,4951257.0,Somerville,US,42.3876,-71.0995,MA,994971-99999,America/New_York
2024-01-07 23:30:00,,,,,-8.8,167.3,90.0,-5.7,0.0,0.0,-68.6,0.0,n,0.0,1009.0,2.1,84.0,1011.0,0.0,0.0,-3.4,2024-01-07T23:30:00,2024-01-08T04:30:00,1704688200.0,0.0,16.0,331.0,7.4,4.4,Overcast clouds,c04n,804.0,4951257.0,Somerville,US,42.3876,-71.0995,MA,994971-99999,America/New_York
2024-01-07 23:45:00,,,,,-8.6,86.8,90.0,-5.6,0.0,0.0,-69.2,0.0,n,0.0,1009.0,2.1,84.0,1011.0,0.0,0.0,-3.3,2024-01-07T23:45:00,2024-01-08T04:45:00,1704689100.0,0.0,16.0,332.0,7.1,4.4,Overcast clouds,c04n,804.0,4951257.0,Somerville,US,42.3876,-71.0995,MA,994971-99999,America/New_York
2024-01-08 00:00:00,,,,,-8.5,6.4,89.0,-5.4,0.0,0.0,-69.9,0.0,n,0.0,1010.0,2.1,85.0,1012.0,0.0,0.0,-3.2,2024-01-08T00:00:00,2024-01-08T05:00:00,1704690000.0,0.0,16.0,332.0,6.8,4.4,Overcast clouds,c04n,804.0,4951257.0,Somerville,US,42.3876,-71.0995,MA,994971-99999,America/New_York
2024-01-08 00:15:00,,,,,-8.4,15.1,88.0,-5.3,0.0,0.0,-68.7,0.0,n,0.0,1010.0,2.1,85.0,1012.0,0.0,0.0,-3.1,2024-01-08T00:15:00,2024-01-08T05:15:00,1704690900.0,0.0,16.0,332.0,6.7,4.3,Overcast clouds,c04n,804.0,4951257.0,Somerville,US,42.3876,-71.0995,MA,994971-99999,America/New_York
2024-01-08 00:30:00,,,,,-8.2,23.8,88.0,-5.4,0.0,0.0,-67.6,0.0,n,0.0,1010.0,2.1,84.0,1012.0,0.0,0.0,-3.1,2024-01-08T00:30:00,2024-01-08T05:30:00,1704691800.0,0.0,16.0,331.0,6.6,4.2,Overcast clouds,c04n,804.0,4951257.0,Somerville,US,42.3876,-71.0995,MA,994971-99999,America/New_York
2024-01-08 00:45:00,,,,,-8.1,32.6,87.0,-5.4,0.0,0.0,-66.4,0.0,n,0.0,1011.0,2.1,84.0,1013.0,0.0,0.0,-3.0,2024-01-08T00:45:00,2024-01-08T05:45:00,1704692700.0,0.0,16.0,330.0,6.5,4.1,Overcast clouds,c04n,804.0,4951257.0,Somerville,US,42.3876,-71.0995,MA,994971-99999,America/New_York
2024-01-08 01:00:00,,,,,-8.0,41.3,86.0,-5.3,0.0,0.0,-65.3,0.0,n,0.0,1011.0,2.1,84.0,1013.0,0.0,0.0,-3.0,2024-01-08T01:00:00,2024-01-08T06:00:00,1704693600.0,0.0,16.0,330.0,6.4,4.0,Overcast clouds,c04n,804.0,4951257.0,Somerville,US,42.3876,-71.0995,MA,994971-99999,America/New_York
2024-01-08 01:15:00,,,,,-7.9,46.9,88.0,-5.3,0.0,0.0,-63.1,0.0,n,0.0,1011.0,2.1,84.0,1013.0,0.0,0.0,-3.0,2024-01-08T01:15:00,2024-01-08T06:15:00,1704694500.0,0.0,16.0,328.0,6.3,3.9,Overcast clouds,c04n,804.0,4951257.0,Somerville,US,42.3876,-71.0995,MA,994971-99999,America/New_York
2024-01-08 01:30:00,,,,,-7.8,52.4,90.0,-5.4,0.0,0.0,-60.9,0.0,n,0.0,1012.0,2.1,83.0,1014.0,0.0,0.0,-3.0,2024-01-08T01:30:00,2024-01-08T06:30:00,1704695400.0,0.0,16.0,327.0,6.2,3.8,Overcast clouds,c04n,804.0,4951257.0,Somerville,US,42.3876,-71.0995,MA,994971-99999,America/New_York
2024-01-08 01:45:00,,,,,-7.6,58.0,92.0,-5.6,0.0,0.0,-58.6,0.0,n,0.0,1012.0,2.1,82.0,1014.0,0.0,0.0,-2.9,2024-01-08T01:45:00,2024-01-08T06:45:00,1704696300.0,0.0,16.0,326.0,6.1,3.7,Overcast clouds,c04n,804.0,4951257.0,Somerville,US,42.3876,-71.0995,MA,994971-99999,America/New_York
2024-01-08 02:00:00,,,,,-7.5,63.6,94.0,-5.5,0.0,0.0,-56.4,0.0,n,0.0,1012.0,2.1,82.0,1014.0,0.0,0.0,-2.9,2024-01-08T02:00:00,2024-01-08T07:00:00,1704697200.0,0.0,16.0,324.0,6.0,3.6,Overcast clouds,c04n,804.0,4951257.0,Somerville,US,42.3876,-71.0995,MA,994971-99999,America/New_York
2024-01-08 02:15:00,,,,,-7.4,67.2,92.0,-5.4,0.0,0.0,-53.8,0.0,n,0.0,1012.0,2.1,82.0,1014.0,0.0,0.0,-2.8,2024-01-08T02:15:00,2024-01-08T07:15:00,1704698100.0,0.0,16.0,322.0,6.0,3.6,Overcast clouds,c04n,804.0,4951257.0,Somerville,US,42.3876,-71.0995,MA,994971-99999,America/New_York
2024-01-08 02:30:00,,,,,-7.3,70.9,91.0,-5.3,0.0,0.0,-51.2,0.0,n,0.0,1013.0,2.1,82.0,1015.0,0.0,0.0,-2.7,2024-01-08T02:30:00,2024-01-08T07:30:00,1704699000.0,0.0,16.0,320.0,6.0,3.6,Overcast clouds,c04n,804.0,4951257.0,Somerville,US,42.3876,-71.0995,MA,994971-99999,America/New_York
2024-01-08 02:45:00,,,,,-7.2,74.6,90.0,-5.2,0.0,0.0,-48.6,0.0,n,0.0,1013.0,2.1,82.0,1015.0,0.0,0.0,-2.6,2024-01-08T02:45:00,2024-01-08T07:45:00,1704699900.0,0.0,16.0,318.0,6.0,3.6,Overcast clouds,c04n,804.0,4951257.0,Somerville,US,42.3876,-71.0995,MA,994971-99999,America/New_York
2024-01-08 03:00:00,,,,,-7.0,78.2,88.0,-5.1,0.0,0.0,-46.0,0.0,n,0.0,1013.0,2.1,82.0,1015.0,0.0,0.0,-2.5,2024-01-08T03:00:00,2024-01-08T08:00:00,1704700800.0,0.0,16.0,316.0,6.0,3.6,Overcast clouds,c04n,804.0,4951257.0,Somerville,US,42.3876,-71.0995,MA,994971-99999,America/New_York
2024-01-08 03:15:00,,,,,-6.9,81.0,77.0,-5.0,0.0,0.0,-43.2,0.0,n,0.0,1013.0,2.1,82.0,1015.0,0.0,0.0,-2.3,2024-01-08T03:15:00,2024-01-08T08:15:00,1704701700.0,0.0,16.0,314.0,6.2,3.7,Overcast clouds,c04n,804.0,4951257.0,Somerville,US,42.3876,-71.0995,MA,994971-99999,America/New_York
2024-01-08 03:30:00,,,,,-6.8,83.8,66.0,-4.6,0.0,0.0,-40.5,0.0,n,0.0,1014.0,2.1,83.0,1016.0,0.0,0.0,-2.1,2024-01-08T03:30:00,2024-01-08T08:30:00,1704702600.0,0.0,16.0,312.0,6.4,3.8,Broken clouds,c03n,803.0,4951257.0,Somerville,US,42.3876,-71.0995,MA,994971-99999,America/New_York
2024-01-08 03:45:00,,,,,-6.6,86.6,54.0,-4.3,0.0,0.0,-37.7,0.0,n,0.0,1014.0,2.1,84.0,1016.0,0.0,0.0,-2.0,2024-01-08T03:45:00,2024-01-08T08:45:00,1704703500.0,0.0,16.0,310.0,6.6,3.9,Broken clouds,c03n,803.0,4951257.0,Somerville,US,42.3876,-71.0995,MA,994971-99999,America/New_York
2024-01-08 04:00:00,,,,,-6.5,89.4,43.0,-4.1,0.0,0.0,-35.0,0.0,n,0.0,1014.0,2.1,84.0,1016.0,0.0,0.0,-1.8,2024-01-08T04:00:00,2024-01-08T09:00:00,1704704400.0,0.0,16.0,308.0,6.8,4.0,Broken clouds,c03n,803.0,4951257.0,Somerville,US,42.3876,-71.0995,MA,994971-99999,America/New_York
2024-01-08 04:15:00,,,,,-6.5,91.8,33.0,-4.1,0.0,0.0,-32.2,0.0,n,0.0,1014.0,2.1,84.0,1016.0,0.0,0.0,-1.8,2024-01-08T04:15:00,2024-01-08T09:15:00,1704705300.0,0.0,16.0,308.0,7.0,4.0,Scattered clouds,c02n,802.0,4951257.0,Somerville,US,42.3876,-71.0995,MA,994971-99999,America/New_York
2024-01-08 04:30:00,,,,,-6.4,94.2,23.0,-4.1,0.0,0.0,-29.4,0.0,n,0.0,1015.0,2.1,84.0,1017.0,0.0,0.0,-1.8,2024-01-08T04:30:00,2024-01-08T09:30:00,1704706200.0,0.0,16.0,307.0,7.2,4.0,Scattered clouds,c02n,802.0,4951257.0,Somerville,US,42.3876,-71.0995,MA,994971-99999,America/New_York
2024-01-08 04:45:00,,,,,-6.4,96.6,13.0,-3.9,0.0,0.0,-26.7,0.0,n,0.0,1015.0,2.1,85.0,1017.0,0.0,0.0,-1.7,2024-01-08T04:45:00,2024-01-08T09:45:00,1704707100.0,0.0,16.0,306.0,7.4,4.0,Few clouds,c02n,801.0,4951257.0,Somerville,US,42.3876,-71.0995,MA,994971-99999,America/New_York
2024-01-08 05:00:00,,,,,-6.4,99.0,3.0,-3.9,0.0,0.0,-23.9,0.0,n,0.0,1016.0,2.1,85.0,1018.0,0.0,0.0,-1.7,2024-01-08T05:00:00,2024-01-08T10:00:00,1704708000.0,0.0,16.0,306.0,7.6,4.0,Few clouds,c02n,801.0,4951257.0,Somerville,US,42.3876,-71.0995,MA,994971-99999,America/New_York
2024-01-08 05:15:00,,,,,-6.3,101.4,3.0,-3.8,0.0,0.0,-21.2,0.0,n,0.0,1016.0,2.1,85.0,1018.0,0.0,0.0,-1.6,2024-01-08T05:15:00,2024-01-08T10:15:00,1704708900.0,0.0,16.0,306.0,7.9,4.1,Few clouds,c02n,801.0,4951257.0,Somerville,US,42.3876,-71.0995,MA,994971-99999,America/New_York
2024-01-08 05:30:00,,,,,-6.2,103.7,3.0,-3.6,0.0,0.0,-18.5,0.0,n,0.0,1016.0,2.1,85.0,1018.0,0.0,0.0,-1.4,2024-01-08T05:30:00,2024-01-08T10:30:00,1704709800.0,0.0,16.0,306.0,8.2,4.2,Few clouds,c02n,801.0,4951257.0,Somerville,US,42.3876,-71.0995,MA,994971-99999,America/New_York
2024-01-08 05:45:00,,,,,-6.1,106.0,3.0,-3.5,0.0,0.0,-15.8,0.0,n,0.0,1017.0,2.1,85.0,1019.0,0.0,0.0,-1.3,2024-01-08T05:45:00,2024-01-08T10:45:00,1704710700.0,0.0,16.0,306.0,8.5,4.3,Few clouds,c02n,801.0,4951257.0,Somerville,US,42.3876,-71.0995,MA,994971-99999,America/New_York
2024-01-08 06:00:00,,,,,-6.0,108.3,3.0,-3.4,0.0,0.0,-13.2,0.0,n,0.0,1017.0,2.1,85.0,1019.0,0.0,0.0,-1.2,2024-01-08T06:00:00,2024-01-08T11:00:00,1704711600.0,0.0,16.0,306.0,8.8,4.4,Few clouds,c02n,801.0,4951257.0,Somerville,US,42.3876,-71.0995,MA,994971-99999,America/New_York
2024-01-08 06:15:00,,,,,-6.3,110.7,2.0,-3.7,0.0,0.0,-10.6,0.0,n,0.0,1017.0,2.1,84.0,1019.0,0.0,0.0,-1.4,2024-01-08T06:15:00,2024-01-08T11:15:00,1704712500.0,0.0,16.0,306.0,8.9,4.5,Few clouds,c02n,801.0,4951257.0,Somerville,US,42.3876,-71.0995,MA,994971-99999,America/New_York
2024-01-08 06:30:00,,,,,-6.5,113.0,2.0,-4.2,0.0,0.0,-8.1,0.0,n,0.0,1017.0,2.1,82.0,1019.0,0.0,0.0,-1.5,2024-01-08T06:30:00,2024-01-08T11:30:00,1704713400.0,0.0,16.0,306.0,9.0,4.6,Few clouds,c02n,801.0,4951257.0,Somerville,US,42.3876,-71.0995,MA,994971-99999,America/New_York
2024-01-08 06:45:00,,,,,-6.8,115.4,2.0,-4.5,0.0,0.0,-5.5,0.0,n,0.0,1018.0,2.1,81.0,1020.0,0.0,0.0,-1.6,2024-01-08T06:45:00,2024-01-08T11:45:00,1704714300.0,0.0,16.0,306.0,9.1,4.7,Few clouds,c02n,801.0,4951257.0,Somerville,US,42.3876,-71.0995,MA,994971-99999,America/New_York
2024-01-08 07:00:00,,,,,-7.0,117.8,1.0,-4.8,0.0,0.0,-3.0,0.0,n,0.0,1018.0,2.1,80.0,1020.0,0.0,0.0,-1.8,2024-01-08T07:00:00,2024-01-08T12:00:00,1704715200.0,0.0,16.0,306.0,9.2,4.8,Clear Sky,c01n,800.0,4951257.0,Somerville,US,42.3876,-71.0995,MA,994971-99999,America/New_York
2024-01-08 07:15:00,,,,,-7.3,120.4,1.0,-4.9,10.0,91.0,-0.6,18.0,d,0.0,1018.0,2.1,80.0,1020.0,0.0,18.0,-1.9,2024-01-08T07:15:00,2024-01-08T12:15:00,1704716100.0,0.0,16.0,306.0,9.4,5.0,Clear Sky,c01n,800.0,4951257.0,Somerville,US,42.3876,-71.0995,MA,994971-99999,America/New_York
2024-01-08 07:30:00,-6.209936428903092,82.70870250254134,90.00000409455455,6.209936428903108,-7.5,123.0,1.0,-5.1,21.0,182.0,1.7,36.0,d,0.0,1019.0,2.1,79.0,1021.0,0.0,36.0,-2.0,2024-01-08T07:30:00,2024-01-08T12:30:00,1704717000.0,1.2,16.0,307.0,9.6,5.2,Clear Sky,c01n,800.0,4951257.0,Somerville,US,42.3876,-71.0995,MA,994971-99999,America/New_York
2024-01-08 07:45:00,-13.365499953167472,74.91644760227679,90.00000085377364,13.365499953167474,-7.8,125.5,1.0,-5.4,31.0,273.0,4.0,54.0,d,0.0,1019.0,2.1,78.0,1021.0,0.0,54.0,-2.1,2024-01-08T07:45:00,2024-01-08T12:45:00,1704717900.0,1.2,16.0,308.0,9.8,5.4,Clear Sky,c01d,800.0,4951257.0,Somerville,US,42.3876,-71.0995,MA,994971-99999,America/New_York
2024-01-08 08:00:00,-21.601673988317856,66.9136404359348,90.0,21.601673988317852,-8.0,128.1,1.0,-5.5,42.0,364.0,6.3,72.0,d,0.0,1020.0,2.1,78.0,1022.0,0.0,72.0,-2.2,2024-01-08T08:00:00,2024-01-08T13:00:00,1704718800.0,1.3,16.0,308.0,10.0,5.6,Clear Sky,c01d,800.0,4951257.0,Somerville,US,42.3876,-71.0995,MA,994971-99999,America/New_York
2024-01-08 08:15:00,-31.739164791737494,58.673883074195814,90.0,31.7391647917375,-7.8,131.0,1.0,-5.4,48.0,423.0,8.3,106.0,d,0.0,1020.0,2.1,78.0,1022.0,0.0,106.0,-2.0,2024-01-08T08:15:00,2024-01-08T13:15:00,1704719700.0,1.3,16.0,308.0,9.9,5.5,Clear Sky,c01d,800.0,4951257.0,Somerville,US,42.3876,-71.0995,MA,994971-99999,America/New_York
2024-01-08 08:30:00,-46.543475125429524,50.03420612184563,90.0,46.54347512542953,-7.5,133.9,0.0,-5.4,54.0,481.0,10.3,140.0,d,0.0,1021.0,2.1,77.0,1023.0,0.0,140.0,-1.9,2024-01-08T08:30:00,2024-01-08T13:30:00,1704720600.0,1.3,16.0,308.0,9.8,5.4,Clear Sky,c01d,800.0,4951257.0,Somerville,US,42.3876,-71.0995,MA,994971-99999,America/New_York
2024-01-08 08:45:00,-60.0,46.42842160170591,90.0,59.99999999999999,-7.3,136.8,0.0,-5.4,61.0,539.0,12.3,174.0,d,0.0,1021.0,2.1,76.0,1023.0,0.0,174.0,-1.8,2024-01-08T08:45:00,2024-01-08T13:45:00,1704721500.0,1.4,16.0,308.0,9.7,5.3,Clear Sky,c01d,800.0,4951257.0,Somerville,US,42.3876,-71.0995,MA,994971-99999,America/New_York
2024-01-08 09:00:00,-60.0,48.12061940400353,90.0,59.99999999999999,-7.0,139.7,0.0,-5.3,67.0,598.0,14.3,207.0,d,0.0,1022.0,2.1,76.0,1024.0,0.0,207.0,-1.6,2024-01-08T09:00:00,2024-01-08T14:00:00,1704722400.0,1.5,16.0,308.0,9.6,5.2,Clear Sky,c01d,800.0,4951257.0,Somerville,US,42.3876,-71.0995,MA,994971-99999,America/New_York
2024-01-08 09:15:00,-60.0,50.022397038480605,90.0,59.99999999999999,-6.5,142.9,0.0,-5.0,71.0,624.0,15.9,236.0,d,0.0,1022.0,2.1,75.0,1024.0,0.0,236.0,-1.1,2024-01-08T09:15:00,2024-01-08T14:15:00,1704723300.0,1.5,16.0,309.0,9.9,5.3,Clear Sky,c01d,800.0,4951257.0,Somerville,US,42.3876,-71.0995,MA,994971-99999,America/New_York
2024-01-08 09:30:00,-60.0,52.11118123699885,90.0,59.99999999999999,-6.0,146.2,0.0,-4.7,74.0,650.0,17.4,264.0,d,0.0,1022.0,2.1,74.0,1024.0,0.0,264.0,-0.7,2024-01-08T09:30:00,2024-01-08T14:30:00,1704724200.0,1.6,16.0,310.0,10.2,5.4,Clear Sky,c01d,800.0,4951257.0,Somerville,US,42.3876,-71.0995,MA,994971-99999,America/New_York
2024-01-08 09:45:00,-55.77659460664227,54.25368314193945,90.0,55.77659460664227,-5.5,149.4,0.0,-4.5,78.0,677.0,19.0,292.0,d,0.0,1022.0,2.1,73.0,1024.0,0.0,292.0,-0.3,2024-01-08T09:45:00,2024-01-08T14:45:00,1704725100.0,1.7,16.0,311.0,10.5,5.5,Clear Sky,c01d,800.0,4951257.0,Somerville,US,42.3876,-71.0995,MA,994971-99999,America/New_York
2024-01-08 10:00:00,-50.83383460439741,56.27902614276838,90.0,50.83383460439741,-5.0,152.7,0.0,-4.2,81.0,703.0,20.5,320.0,d,0.0,1022.0,2.1,72.0,1024.0,0.0,320.0,0.2,2024-01-08T10:00:00,2024-01-08T15:00:00,1704726000.0,1.8,16.0,312.0,8.7,5.6,Clear Sky,c01d,800.0,4951257.0,Somerville,US,42.3876,-71.0995,MA,994971-99999,America/New_York
2024-01-08 10:15:00,-45.44975269124526,58.1603788657433,90.0,45.44975269124526,-4.8,156.3,0.0,-4.3,83.0,715.0,21.5,338.0,d,0.0,1022.0,2.1,71.0,1024.0,0.0,338.0,0.3,2024-01-08T10:15:00,2024-01-08T15:15:00,1704726900.0,1.9,16.0,313.0,8.7,5.6,Clear Sky,c01d,800.0,4951257.0,Somerville,US,42.3876,-71.0995,MA,994971-99999,America/New_York
2024-01-08 10:30:00,-39.58187703961785,59.86748637565748,90.00000120741826,39.58187703961786,-4.7,159.9,0.0,-4.4,85.0,727.0,22.4,356.0,d,0.0,1022.0,2.1,70.0,1024.0,0.0,356.0,0.4,2024-01-08T10:30:00,2024-01-08T15:30:00,1704727800.0,2.0,16.0,314.0,10.6,5.6,Clear Sky,c01d,800.0,4951257.0,Somerville,US,42.3876,-71.0995,MA,994971-99999,America/New_York
2024-01-08 10:45:00,-33.20252935383304,61.366265856263794,90.0,33.20252935383304,-4.5,163.5,0.0,-4.4,87.0,739.0,23.4,374.0,d,0.0,1022.0,2.1,69.0,1024.0,0.0,374.0,0.6,2024-01-08T10:45:00,2024-01-08T15:45:00,1704728700.0,2.1,16.0,315.0,10.5,5.6,Clear Sky,c01d,800.0,4951257.0,Somerville,US,42.3876,-71.0995,MA,994971-99999,America/New_York
2024-01-08 11:00:00,-26.310530404738106,62.619988592619535,90.00000085377364,26.31053040473811,-4.4,167.1,0.0,-4.5,88.0,752.0,24.3,391.0,d,0.0,1022.0,2.1,68.0,1024.0,0.0,391.0,0.7,2024-01-08T11:00:00,2024-01-08T16:00:00,1704729600.0,2.1,16.0,316.0,10.4,5.6,Clear Sky,c01d,800.0,4951257.0,Somerville,US,42.3876,-71.0995,MA,994971-99999,America/New_York
2024-01-08 11:15:00,-18.94413445958551,63.59169219459331,90.00000147877934,18.944134459585516,-4.1,170.9,0.0,-4.6,89.0,754.0,24.6,396.0,d,0.0,1022.0,2.1,67.0,1024.0,0.0,396.0,0.8,2024-01-08T11:15:00,2024-01-08T16:15:00,1704730500.0,2.2,16.0,315.0,8.7,5.5,Clear Sky,c01d,800.0,4951257.0,Somerville,US,42.3876,-71.0995,MA,994971-99999,America/New_York
2024-01-08 11:30:00,-11.190973937299322,64.247887121251,90.0,11.190973937299322,-3.9,174.7,0.0,-4.6,89.0,757.0,24.9,401.0,d,0.0,1022.0,2.1,66.0,1024.0,0.0,401.0,1.0,2024-01-08T11:30:00,2024-01-08T16:30:00,1704731400.0,2.2,16.0,314.0,10.2,5.4,Clear Sky,c01d,800.0,4951257.0,Somerville,US,42.3876,-71.0995,MA,994971-99999,America/New_York
2024-01-08 11:45:00,-3.1889661816172086,64.56311924515586,90.0000078714041,3.1889661816172388,-3.7,178.6,0.0,-4.9,90.0,760.0,25.1,405.0,d,0.0,1022.0,2.1,64.0,1024.0,0.0,405.0,1.1,2024-01-08T11:45:00,2024-01-08T16:45:00,1704732300.0,2.2,16.0,313.0,10.1,5.3,Clear Sky,c01d,800.0,4951257.0,Somerville,US,42.3876,-71.0995,MA,994971-99999,America/New_York
2024-01-08 12:00:00,4.886540500037373,64.52424170716164,270.0,4.886540500037341,-3.4,182.4,0.0,-5.0,90.0,763.0,25.4,410.0,d,0.0,1022.0,2.1,63.0,1024.0,0.0,410.0,1.3,2024-01-08T12:00:00,2024-01-08T17:00:00,1704733200.0,2.2,16.0,312.0,8.7,5.2,Clear Sky,c01d,800.0,4951257.0,Somerville,US,42.3876,-71.0995,MA,994971-99999,America/New_York
2024-01-08 12:15:00,12.848349985350602,64.13289004937077,269.99999914622634,12.848349985350604,-3.2,186.1,0.0,-5.1,89.0,758.0,24.9,401.0,d,0.0,1022.0,2.1,62.0,1024.0,0.0,401.0,1.4,2024-01-08T12:15:00,2024-01-08T17:15:00,1704734100.0,2.2,16.0,312.0,8.7,5.0,Clear Sky,c01d,800.0,4951257.0,Somerville,US,42.3876,-71.0995,MA,994971-99999,America/New_York
2024-01-08 12:30:00,20.527431191705134,63.40516735071043,270.0,20.527431191705126,-3.0,189.9,0.0,-5.2,88.0,752.0,24.4,393.0,d,0.0,1022.0,2.1,61.0,1024.0,0.0,393.0,1.4,2024-01-08T12:30:00,2024-01-08T17:30:00,1704735000.0,2.1,16.0,311.0,9.8,4.8,Clear Sky,c01d,800.0,4951257.0,Somerville,US,42.3876,-71.0995,MA,994971-99999,America/New_York
2024-01-08 12:45:00,27.796216782932675,62.368654284313294,270.0,27.79621678293267,-2.8,193.7,0.0,-5.4,88.0,747.0,23.9,384.0,d,0.0,1022.0,2.1,60.0,1024.0,0.0,384.0,1.5,2024-01-08T12:45:00,2024-01-08T17:45:00,1704735900.0,2.1,16.0,310.0,9.7,4.6,Clear Sky,c01d,800.0,4951257.0,Somerville,US,42.3876,-71.0995,MA,994971-99999,America/New_York
2024-01-08 13:00:00,34.57829460939987,61.0579554792209,270.0,34.57829460939986,-2.6,197.5,0.0,-5.5,87.0,741.0,23.5,375.0,d,0.0,1022.0,2.1,59.0,1024.0,0.0,375.0,1.6,2024-01-08T13:00:00,2024-01-08T18:00:00,1704736800.0,2.1,16.0,310.0,9.6,4.4,Clear Sky,c01d,800.0,4951257.0,Somerville,US,42.3876,-71.0995,MA,994971-99999,America/New_York
2024-01-08 13:15:00,40.84501938481352,59.51024462805968,269.9999987925817,40.845019384813526,-2.2,201.0,0.0,-5.3,84.0,726.0,22.3,354.0,d,0.0,1022.0,2.1,59.0,1024.0,0.0,354.0,1.9,2024-01-08T13:15:00,2024-01-08T18:15:00,1704737700.0,2.0,16.0,307.0,9.2,4.4,Clear Sky,c01d,800.0,4951257.0,Somerville,US,42.3876,-71.0995,MA,994971-99999,America/New_York
2024-01-08 13:30:00,46.6044369926707,57.761825677400275,270.0,46.6044369926707,-1.9,204.5,0.0,-4.8,82.0,710.0,21.2,332.0,d,0.0,1023.0,2.1,60.0,1025.0,0.0,332.0,2.1,2024-01-08T13:30:00,2024-01-08T18:30:00,1704738600.0,1.9,16.0,304.0,8.8,4.4,Clear Sky,c01d,800.0,4951257.0,Somerville,US,42.3876,-71.0995,MA,994971-99999,America/New_York
2024-01-08 13:45:00,51.88834776720974,55.846006570682775,270.0,51.88834776720974,-1.6,208.0,0.0,-4.5,80.0,694.0,20.0,311.0,d,0.0,1023.0,2.1,60.0,1025.0,0.0,311.0,2.4,2024-01-08T13:45:00,2024-01-08T18:45:00,1704739500.0,1.8,16.0,301.0,8.4,4.4,Clear Sky,c01d,800.0,4951257.0,Somerville,US,42.3876,-71.0995,MA,994971-99999,America/New_York
2024-01-08 14:00:00,56.7411747531868,53.79213865639231,270.0,56.7411747531868,-1.2,211.5,0.0,-4.3,78.0,679.0,18.9,290.0,d,0.0,1023.0,2.1,60.0,1025.0,0.0,290.0,2.7,2024-01-08T14:00:00,2024-01-08T19:00:00,1704740400.0,1.7,16.0,298.0,8.0,4.4,Clear Sky,c01d,800.0,4951257.0,Somerville,US,42.3876,-71.0995,MA,994971-99999,America/New_York
2024-01-08 14:15:00,60.0,51.6355857848341,270.0,59.99999999999999,-1.2,214.7,0.0,-4.3,74.0,646.0,17.2,259.0,d,0.0,1024.0,2.1,60.0,1026.0,0.0,259.0,2.6,2024-01-08T14:15:00,2024-01-08T19:15:00,1704741300.0,1.6,16.0,296.0,7.7,4.3,Clear Sky,c01d,800.0,4951257.0,Somerville,US,42.3876,-71.0995,MA,994971-99999,America/New_York
2024-01-08 14:30:00,60.0,49.58102897857146,270.0,59.99999999999999,-1.2,217.8,0.0,-4.6,69.0,613.0,15.5,228.0,d,0.0,1024.0,2.1,59.0,1026.0,0.0,228.0,2.6,2024-01-08T14:30:00,2024-01-08T19:30:00,1704742200.0,1.5,16.0,295.0,7.6,4.2,Clear Sky,c01d,800.0,4951257.0,Somerville,US,42.3876,-71.0995,MA,994971-99999,America/New_York
2024-01-08 14:45:00,60.0,47.71798174556479,270.0,59.99999999999999,-1.2,220.9,0.0,-4.9,65.0,580.0,13.8,198.0,d,0.0,1024.0,2.1,58.0,1026.0,0.0,198.0,2.5,2024-01-08T14:45:00,2024-01-08T19:45:00,1704743100.0,1.4,16.0,294.0,7.4,4.1,Clear Sky,c01d,800.0,4951257.0,Somerville,US,42.3876,-71.0995,MA,994971-99999,America/New_York
2024-01-08 15:00:00,60.0,46.06921796413158,270.0,59.99999999999999,-1.2,224.1,0.0,-4.9,61.0,547.0,12.1,167.0,d,0.0,1024.0,2.1,58.0,1026.0,0.0,167.0,2.5,2024-01-08T15:00:00,2024-01-08T20:00:00,1704744000.0,1.4,16.0,292.0,7.7,4.0,Clear Sky,c01d,800.0,4951257.0,Somerville,US,42.3876,-71.0995,MA,994971-99999,America/New_York
2024-01-08 15:15:00,42.861603064191314,51.765432873950076,269.99999914622634,42.86160306419132,-1.3,226.9,0.0,-4.7,53.0,468.0,10.0,134.0,d,0.0,1024.0,2.1,59.0,1026.0,0.0,134.0,2.5,2024-01-08T15:15:00,2024-01-08T20:15:00,1704744900.0,1.3,16.0,292.0,7.7,4.0,Clear Sky,c01d,800.0,4951257.0,Somerville,US,42.3876,-71.0995,MA,994971-99999,America/New_York
2024-01-08 15:30:00,29.498155774393773,60.30752567859054,270.0,29.49815577439377,-1.3,229.6,0.0,-4.6,45.0,389.0,7.9,101.0,d,0.0,1024.0,2.1,60.0,1026.0,0.0,101.0,2.4,2024-01-08T15:30:00,2024-01-08T20:30:00,1704745800.0,1.3,16.0,293.0,6.6,4.0,Clear Sky,c01d,800.0,4951257.0,Somerville,US,42.3876,-71.0995,MA,994971-99999,America/New_York
2024-01-08 15:45:00,19.861983027283536,68.49158799032132,270.0,19.861983027283536,-1.4,232.4,0.0,-4.6,37.0,310.0,5.7,67.0,d,0.0,1024.0,2.1,60.0,1026.0,0.0,67.0,2.3,2024-01-08T15:45:00,2024-01-08T20:45:00,1704746700.0,1.3,16.0,294.0,6.3,4.0,Clear Sky,c01d,800.0,4951257.0,Somerville,US,42.3876,-71.0995,MA,994971-99999,America/New_York
2024-01-08 16:00:00,11.886441316870972,76.45622379001591,269.9999980909041,11.88644131687098,-1.5,235.2,0.0,-4.4,29.0,231.0,3.6,34.0,d,0.0,1025.0,2.1,61.0,1027.0,0.0,34.0,2.3,2024-01-08T16:00:00,2024-01-08T21:00:00,1704747600.0,1.3,16.0,294.0,6.0,4.0,Clear Sky,c01n,800.0,4951257.0,Somerville,US,42.3876,-71.0995,MA,994971-99999,America/New_York
2024-01-08 16:15:00,4.9126476095917155,84.18994299284022,269.9999940848827,4.912647609591742,-1.4,237.7,0.0,-4.0,22.0,174.0,1.2,26.0,d,0.0,1025.0,2.1,63.0,1027.0,0.0,26.0,2.3,2024-01-08T16:15:00,2024-01-08T21:15:00,1704748500.0,1.3,16.0,294.0,6.0,3.9,Clear Sky,c01n,800.0,4951257.0,Somerville,US,42.3876,-71.0995,MA,994971-99999,America/New_York
2024-01-08 16:30:00,,,,,-1.4,240.2,0.0,-3.8,15.0,116.0,-1.2,17.0,d,0.0,1025.0,2.1,64.0,1027.0,0.0,17.0,2.3,2024-01-08T16:30:00,2024-01-08T21:30:00,1704749400.0,0.0,16.0,293.0,6.0,3.8,Clear Sky,c01n,800.0,4951257.0,Somerville,US,42.3876,-71.0995,MA,994971-99999,America/New_York
2024-01-08 16:45:00,,,,,-1.4,242.7,0.0,-3.5,7.0,58.0,-3.6,9.0,d,0.0,1025.0,2.1,66.0,1027.0,0.0,9.0,2.2,2024-01-08T16:45:00,2024-01-08T21:45:00,1704750300.0,0.0,16.0,292.0,6.0,3.7,Clear Sky,c01n,800.0,4951257.0,Somerville,US,42.3876,-71.0995,MA,994971-99999,America/New_York
2024-01-08 17:00:00,,,,,-1.3,245.2,0.0,-3.1,0.0,0.0,-6.0,0.0,n,0.0,1025.0,2.1,68.0,1027.0,0.0,0.0,2.2,2024-01-08T17:00:00,2024-01-08T22:00:00,1704751200.0,0.0,16.0,292.0,6.0,3.6,Clear Sky,c01n,800.0,4951257.0,Somerville,US,42.3876,-71.0995,MA,994971-99999,America/New_York
2024-01-08 17:15:00,,,,,-1.4,247.6,0.0,-2.9,0.0,0.0,-8.6,0.0,n,0.0,1025.0,2.1,69.0,1027.0,0.0,0.0,2.2,2024-01-08T17:15:00,2024-01-08T22:15:00,1704752100.0,0.0,16.0,292.0,6.0,3.6,Clear Sky,c01n,800.0,4951257.0,Somerville,US,42.3876,-71.0995,MA,994971-99999,America/New_York
2024-01-08 17:30:00,,,,,-1.4,249.9,0.0,-2.8,0.0,0.0,-11.2,0.0,n,0.0,1025.0,2.1,70.0,1027.0,0.0,0.0,2.1,2024-01-08T17:30:00,2024-01-08T22:30:00,1704753000.0,0.0,16.0,292.0,6.0,3.6,Clear Sky,c01n,800.0,4951257.0,Somerville,US,42.3876,-71.0995,MA,994971-99999,America/New_York
2024-01-08 17:45:00,,,,,-1.5,252.3,0.0,-2.6,0.0,0.0,-13.8,0.0,n,0.0,1025.0,2.1,71.0,1027.0,0.0,0.0,2.1,2024-01-08T17:45:00,2024-01-08T22:45:00,1704753900.0,0.0,16.0,292.0,6.0,3.6,Clear Sky,c01n,800.0,4951257.0,Somerville,US,42.3876,-71.0995,MA,994971-99999,America/New_York
2024-01-08 18:00:00,,,,,-1.5,254.6,0.0,-2.5,0.0,0.0,-16.4,0.0,n,0.0,1026.0,2.1,72.0,1028.0,0.0,0.0,2.0,2024-01-08T18:00:00,2024-01-08T23:00:00,1704754800.0,0.0,16.0,292.0,6.0,3.6,Clear Sky,c01n,800.0,4951257.0,Somerville,US,42.3876,-71.0995,MA,994971-99999,America/New_York
2024-01-08 18:15:00,,,,,-1.5,256.9,0.0,-2.5,0.0,0.0,-19.1,0.0,n,0.0,1026.0,2.1,72.0,1028.0,0.0,0.0,2.0,2024-01-08T18:15:00,2024-01-08T23:15:00,1704755700.0,0.0,16.0,293.0,6.0,3.5,Clear Sky,c01n,800.0,4951257.0,Somerville,US,42.3876,-71.0995,MA,994971-99999,America/New_York
2024-01-08 18:30:00,,,,,-1.4,259.3,0.0,-2.5,0.0,0.0,-21.8,0.0,n,0.0,1026.0,2.1,72.0,1028.0,0.0,0.0,2.0,2024-01-08T18:30:00,2024-01-08T23:30:00,1704756600.0,0.0,16.0,294.0,6.0,3.4,Clear Sky,c01n,800.0,4951257.0,Somerville,US,42.3876,-71.0995,MA,994971-99999,America/New_York
2024-01-08 18:45:00,,,,,-1.4,261.6,0.0,-2.6,0.0,0.0,-24.5,0.0,n,0.0,1026.0,2.1,72.0,1028.0,0.0,0.0,1.9,2024-01-08T18:45:00,2024-01-08T23:45:00,1704757500.0,0.0,16.0,295.0,6.0,3.3,Clear Sky,c01n,800.0,4951257.0,Somerville,US,42.3876,-71.0995,MA,994971-99999,America/New_York
2024-01-08 19:00:00,,,,,-1.4,263.9,0.0,-2.6,0.0,0.0,-27.3,0.0,n,0.0,1026.0,2.1,72.0,1028.0,0.0,0.0,1.9,2024-01-08T19:00:00,2024-01-09T00:00:00,1704758400.0,0.0,16.0,296.0,6.0,3.2,Clear Sky,c01n,800.0,4951257.0,Somerville,US,42.3876,-71.0995,MA,994971-99999,America/New_York
2024-01-08 19:15:00,,,,,-1.4,266.4,0.0,-2.4,0.0,0.0,-30.0,0.0,n,0.0,1026.0,2.1,73.0,1028.0,0.0,0.0,1.9,2024-01-08T19:15:00,2024-01-09T00:15:00,1704759300.0,0.0,16.0,293.0,5.9,3.3,Clear Sky,c01n,800.0,4951257.0,Somerville,US,42.3876,-71.0995,MA,994971-99999,America/New_York
2024-01-08 19:30:00,,,,,-1.5,268.9,0.0,-2.2,0.0,0.0,-32.8,0.0,n,0.0,1026.0,2.1,74.0,1028.0,0.0,0.0,1.9,2024-01-08T19:30:00,2024-01-09T00:30:00,1704760200.0,0.0,16.0,290.0,5.8,3.4,Clear Sky,c01n,800.0,4951257.0,Somerville,US,42.3876,-71.0995,MA,994971-99999,America/New_York
2024-01-08 19:45:00,,,,,-1.5,271.4,0.0,-2.0,0.0,0.0,-35.5,0.0,n,0.0,1027.0,2.1,75.0,1029.0,0.0,0.0,2.0,2024-01-08T19:45:00,2024-01-09T00:45:00,1704761100.0,0.0,16.0,287.0,5.7,3.5,Clear Sky,c01n,800.0,4951257.0,Somerville,US,42.3876,-71.0995,MA,994971-99999,America/New_York
2024-01-08 20:00:00,,,,,-1.6,273.9,0.0,-1.8,0.0,0.0,-38.3,0.0,n,0.0,1027.0,2.1,76.0,1029.0,0.0,0.0,2.0,2024-01-08T20:00:00,2024-01-09T01:00:00,1704762000.0,0.0,16.0,284.0,5.6,3.6,Clear Sky,c01n,800.0,4951257.0,Somerville,US,42.3876,-71.0995,MA,994971-99999,America/New_York
2024-01-08 20:15:00,,,,,-1.6,276.9,0.0,-1.7,0.0,0.0,-41.0,0.0,n,0.0,1027.0,2.1,77.0,1029.0,0.0,0.0,1.9,2024-01-08T20:15:00,2024-01-09T01:15:00,1704762900.0,0.0,16.0,282.0,5.5,3.5,Clear Sky,c01n,800.0,4951257.0,Somerville,US,42.3876,-71.0995,MA,994971-99999,America/New_York
2024-01-08 20:30:00,,,,,-1.6,279.9,0.0,-1.6,0.0,0.0,-43.8,0.0,n,0.0,1027.0,2.1,78.0,1029.0,0.0,0.0,1.9,2024-01-08T20:30:00,2024-01-09T01:30:00,1704763800.0,0.0,16.0,281.0,5.4,3.4,Clear Sky,c01n,800.0,4951257.0,Somerville,US,42.3876,-71.0995,MA,994971-99999,America/New_York
2024-01-08 20:45:00,,,,,-1.6,282.9,0.0,-1.5,0.0,0.0,-46.5,0.0,n,0.0,1027.0,2.1,79.0,1029.0,0.0,0.0,1.8,2024-01-08T20:45:00,2024-01-09T01:45:00,1704764700.0,0.0,16.0,280.0,5.3,3.3,Clear Sky,c01n,800.0,4951257.0,Somerville,US,42.3876,-71.0995,MA,994971-99999,America/New_York
2024-01-08 21:00:00,,,,,-1.6,285.9,0.0,-1.4,0.0,0.0,-49.2,0.0,n,0.0,1027.0,2.1,80.0,1029.0,0.0,0.0,1.7,2024-01-08T21:00:00,2024-01-09T02:00:00,1704765600.0,0.0,16.0,278.0,5.2,3.2,Clear Sky,c01n,800.0,4951257.0,Somerville,US,42.3876,-71.0995,MA,994971-99999,America/New_York
2024-01-08 21:15:00,,,,,-1.8,290.0,0.0,-1.5,0.0,0.0,-51.7,0.0,n,0.0,1027.0,2.1,80.0,1029.0,0.0,0.0,1.6,2024-01-08T21:15:00,2024-01-09T02:15:00,1704766500.0,0.0,16.0,278.0,5.2,3.2,Clear Sky,c01n,800.0,4951257.0,Somerville,US,42.3876,-71.0995,MA,994971-99999,America/New_York
2024-01-08 21:30:00,,,,,-1.9,294.1,0.0,-1.4,0.0,0.0,-54.3,0.0,n,0.0,1027.0,2.1,81.0,1029.0,0.0,0.0,1.4,2024-01-08T21:30:00,2024-01-09T02:30:00,1704767400.0,0.0,16.0,277.0,5.2,3.2,Clear Sky,c01n,800.0,4951257.0,Somerville,US,42.3876,-71.0995,MA,994971-99999,America/New_York
2024-01-08 21:45:00,,,,,-2.1,298.2,0.0,-1.4,0.0,0.0,-56.8,0.0,n,0.0,1027.0,2.1,82.0,1029.0,0.0,0.0,1.3,2024-01-08T21:45:00,2024-01-09T02:45:00,1704768300.0,0.0,16.0,276.0,5.2,3.2,Clear Sky,c01n,800.0,4951257.0,Somerville,US,42.3876,-71.0995,MA,994971-99999,America/New_York
2024-01-08 22:00:00,,,,,-2.2,302.4,0.0,-1.5,0.0,0.0,-59.3,0.0,n,0.0,1027.0,2.1,82.0,1029.0,0.0,0.0,1.2,2024-01-08T22:00:00,2024-01-09T03:00:00,1704769200.0,0.0,16.0,276.0,5.2,3.2,Clear Sky,c01n,800.0,4951257.0,Somerville,US,42.3876,-71.0995,MA,994971-99999,America/New_York
2024-01-08 22:15:00,,,,,-2.2,308.8,0.0,-1.6,0.0,0.0,-61.3,0.0,n,0.0,1027.0,2.1,82.0,1029.0,0.0,0.0,1.1,2024-01-08T22:15:00,2024-01-09T03:15:00,1704770100.0,0.0,16.0,276.0,5.2,3.1,Clear Sky,c01n,800.0,4951257.0,Somerville,US,42.3876,-71.0995,MA,994971-99999,America/New_York
2024-01-08 22:30:00,,,,,-2.2,315.3,0.0,-1.5,0.0,0.0,-63.3,0.0,n,0.0,1027.0,2.1,83.0,1029.0,0.0,0.0,1.1,2024-01-08T22:30:00,2024-01-09T03:30:00,1704771000.0,0.0,16.0,277.0,5.2,3.0,Clear Sky,c01n,800.0,4951257.0,Somerville,US,42.3876,-71.0995,MA,994971-99999,America/New_York
2024-01-08 22:45:00,,,,,-2.2,321.7,0.0,-1.4,0.0,0.0,-65.2,0.0,n,0.0,1027.0,2.1,84.0,1029.0,0.0,0.0,1.0,2024-01-08T22:45:00,2024-01-09T03:45:00,1704771900.0,0.0,16.0,278.0,5.2,2.9,Clear Sky,c01n,800.0,4951257.0,Somerville,US,42.3876,-71.0995,MA,994971-99999,America/New_York
2024-01-08 23:00:00,,,,,-2.2,328.2,0.0,-1.5,0.0,0.0,-67.2,0.0,n,0.0,1027.0,2.1,84.0,1029.0,0.0,0.0,0.9,2024-01-08T23:00:00,2024-01-09T04:00:00,1704772800.0,0.0,16.0,278.0,5.2,2.8,Clear Sky,c01n,800.0,4951257.0,Somerville,US,42.3876,-71.0995,MA,994971-99999,America/New_York
2024-01-08 23:15:00,,,,,-2.5,247.7,0.0,-1.6,0.0,0.0,-67.8,0.0,n,0.0,1027.0,2.1,84.0,1029.0,0.0,0.0,0.8,2024-01-08T23:15:00,2024-01-09T04:15:00,1704773700.0,0.0,16.0,280.0,5.2,2.9,Clear Sky,c01n,800.0,4951257.0,Somerville,US,42.3876,-71.0995,MA,994971-99999,America/New_York
2024-01-08 23:30:00,,,,,-2.7,167.1,0.0,-1.7,0.0,0.0,-68.5,0.0,n,0.0,1027.0,2.1,84.0,1029.0,0.0,0.0,0.7,2024-01-08T23:30:00,2024-01-09T04:30:00,1704774600.0,0.0,16.0,282.0,5.2,3.0,Clear Sky,c01n,800.0,4951257.0,Somerville,US,42.3876,-71.0995,MA,994971-99999,America/New_York
2024-01-08 23:45:00,,,,,-3.0,86.6,0.0,-1.9,0.0,0.0,-69.1,0.0,n,0.0,1027.0,2.1,84.0,1029.0,0.0,0.0,0.5,2024-01-08T23:45:00,2024-01-09T04:45:00,1704775500.0,0.0,16.0,284.0,5.2,3.1,Clear Sky,c01n,800.0,4951257.0,Somerville,US,42.3876,-71.0995,MA,994971-99999,America/New_York
2024-01-09 00:00:00,,,,,-3.2,6.0,0.0,-2.0,0.0,0.0,-69.7,0.0,n,0.0,1027.0,2.1,84.0,1029.0,0.0,0.0,0.4,2024-01-09T00:00:00,2024-01-09T05:00:00,1704776400.0,0.0,16.0,286.0,5.2,3.2,Clear Sky,c01n,800.0,4951257.0,Somerville,US,42.3876,-71.0995,MA,994971-99999,America/New_York
2024-01-09 00:15:00,,,,,-3.3,14.8,0.0,-2.0,0.0,0.0,-68.6,0.0,n,0.0,1027.0,2.1,84.0,1029.0,0.0,0.0,0.3,2024-01-09T00:15:00,2024-01-09T05:15:00,1704777300.0,0.0,16.0,289.0,5.1,3.2,Clear Sky,c01n,800.0,4951257.0,Somerville,US,42.3876,-71.0995,MA,994971-99999,America/New_York
2024-01-09 00:30:00,,,,,-3.3,23.5,0.0,-2.2,0.0,0.0,-67.5,0.0,n,0.0,1027.0,2.1,83.0,1029.0,0.0,0.0,0.3,2024-01-09T00:30:00,2024-01-09T05:30:00,1704778200.0,0.0,16.0,292.0,5.0,3.2,Clear Sky,c01n,800.0,4951257.0,Somerville,US,42.3876,-71.0995,MA,994971-99999,America/New_York
2024-01-09 00:45:00,,,,,-3.4,32.2,0.0,-2.5,0.0,0.0,-66.3,0.0,n,0.0,1027.0,2.1,82.0,1029.0,0.0,0.0,0.3,2024-01-09T00:45:00,2024-01-09T05:45:00,1704779100.0,0.0,16.0,295.0,4.9,3.2,Clear Sky,c01n,800.0,4951257.0,Somerville,US,42.3876,-71.0995,MA,994971-99999,America/New_York
2024-01-09 01:00:00,,,,,-3.4,40.9,0.0,-2.5,0.0,0.0,-65.2,0.0,n,0.0,1027.0,2.1,82.0,1029.0,0.0,0.0,0.2,2024-01-09T01:00:00,2024-01-09T06:00:00,1704780000.0,0.0,16.0,298.0,4.8,3.2,Clear Sky,c01n,800.0,4951257.0,Somerville,US,42.3876,-71.0995,MA,994971-99999,America/New_York
2024-01-09 01:15:00,,,,,-3.3,46.5,0.0,-2.5,0.0,0.0,-63.0,0.0,n,0.0,1027.0,2.1,82.0,1029.0,0.0,0.0,0.2,2024-01-09T01:15:00,2024-01-09T06:15:00,1704780900.0,0.0,16.0,299.0,4.7,3.1,Clear Sky,c01n,800.0,4951257.0,Somerville,US,42.3876,-71.0995,MA,994971-99999,America/New_York
2024-01-09 01:30:00,,,,,-3.3,52.1,0.0,-2.3,0.0,0.0,-60.8,0.0,n,0.0,1027.0,2.1,83.0,1029.0,0.0,0.0,0.2,2024-01-09T01:30:00,2024-01-09T06:30:00,1704781800.0,0.0,16.0,300.0,4.6,3.0,Clear Sky,c01n,800.0,4951257.0,Somerville,US,42.3876,-71.0995,MA,994971-99999,America/New_York
2024-01-09 01:45:00,,,,,-3.2,57.7,0.0,-2.2,0.0,0.0,-58.6,0.0,n,0.0,1027.0,2.1,84.0,1029.0,0.0,0.0,0.2,2024-01-09T01:45:00,2024-01-09T06:45:00,1704782700.0,0.0,16.0,301.0,4.5,2.9,Clear Sky,c01n,800.0,4951257.0,Somerville,US,42.3876,-71.0995,MA,994971-99999,America/New_York
2024-01-09 02:00:00,,,,,-3.1,63.3,0.0,-2.2,0.0,0.0,-56.4,0.0,n,0.0,1027.0,2.1,84.0,1029.0,0.0,0.0,0.2,2024-01-09T02:00:00,2024-01-09T07:00:00,1704783600.0,0.0,16.0,302.0,4.4,2.8,Clear Sky,c01n,800.0,4951257.0,Somerville,US,42.3876,-71.0995,MA,994971-99999,America/New_York
2024-01-09 02:15:00,,,,,-3.2,66.9,0.0,-2.7,0.0,0.0,-53.8,0.0,n,0.0,1028.0,2.1,82.0,1030.0,0.0,0.0,0.0,2024-01-09T02:15:00,2024-01-09T07:15:00,1704784500.0,0.0,16.0,298.0,4.3,2.7,Clear Sky,c01n,800.0,4951257.0,Somerville,US,42.3876,-71.0995,MA,994971-99999,America/New_York
2024-01-09 02:30:00,,,,,-3.2,70.6,0.0,-3.0,0.0,0.0,-51.2,0.0,n,0.0,1028.0,2.1,81.0,1030.0,0.0,0.0,-0.1,2024-01-09T02:30:00,2024-01-09T07:30:00,1704785400.0,0.0,16.0,295.0,4.2,2.6,Clear Sky,c01n,800.0,4951257.0,Somerville,US,42.3876,-71.0995,MA,994971-99999,America/New_York
2024-01-09 02:45:00,,,,,-3.3,74.3,0.0,-3.3,0.0,0.0,-48.6,0.0,n,0.0,1028.0,2.1,80.0,1030.0,0.0,0.0,-0.3,2024-01-09T02:45:00,2024-01-09T07:45:00,1704786300.0,0.0,16.0,292.0,4.1,2.5,Clear Sky,c01n,800.0,4951257.0,Somerville,US,42.3876,-71.0995,MA,994971-99999,America/New_York
2024-01-09 03:00:00,,,,,-3.4,78.0,0.0,-3.8,0.0,0.0,-46.0,0.0,n,0.0,1029.0,2.1,78.0,1031.0,0.0,0.0,-0.4,2024-01-09T03:00:00,2024-01-09T08:00:00,1704787200.0,0.0,16.0,288.0,4.0,2.4,Clear Sky,c01n,800.0,4951257.0,Somerville,US,42.3876,-71.0995,MA,994971-99999,America/New_York
2024-01-09 03:15:00,,,,,-3.5,80.8,18.0,-3.9,0.0,0.0,-43.2,0.0,n,0.0,1028.0,2.1,78.0,1030.0,0.0,0.0,-0.5,2024-01-09T03:15:00,2024-01-09T08:15:00,1704788100.0,0.0,16.0,294.0,3.9,2.4,Few clouds,c02n,801.0,4951257.0,Somerville,US,42.3876,-71.0995,MA,994971-99999,America/New_York
2024-01-09 03:30:00,,,,,-3.6,83.6,36.0,-3.9,0.0,0.0,-40.5,0.0,n,0.0,1028.0,2.1,78.0,1030.0,0.0,0.0,-0.6,2024-01-09T03:30:00,2024-01-09T08:30:00,1704789000.0,0.0,16.0,299.0,3.8,2.4,Scattered clouds,c02n,802.0,4951257.0,Somerville,US,42.3876,-71.0995,MA,994971-99999,America/New_York
2024-01-09 03:45:00,,,,,-3.7,86.4,55.0,-4.0,0.0,0.0,-37.7,0.0,n,0.0,1028.0,2.1,78.0,1030.0,0.0,0.0,-0.7,2024-01-09T03:45:00,2024-01-09T08:45:00,1704789900.0,0.0,16.0,304.0,3.7,2.4,Broken clouds,c03n,803.0,4951257.0,Somerville,US,42.3876,-71.0995,MA,994971-99999,America/New_York
2024-01-09 04:00:00,,,,,-3.9,89.2,73.0,-4.1,0.0,0.0,-35.0,0.0,n,0.0,1027.0,2.1,78.0,1029.0,0.0,0.0,-0.8,2024-01-09T04:00:00,2024-01-09T09:00:00,1704790800.0,0.0,16.0,310.0,3.6,2.4,Overcast clouds,c04n,804.0,4951257.0,Somerville,US,42.3876,-71.0995,MA,994971-99999,America/New_York
2024-01-09 04:15:00,,,,,-4.1,91.6,71.0,-4.4,0.0,0.0,-32.2,0.0,n,0.0,1027.0,2.1,77.0,1029.0,0.0,0.0,-0.9,2024-01-09T04:15:00,2024-01-09T09:15:00,1704791700.0,0.0,16.0,314.0,3.6,2.5,Overcast clouds,c04n,804.0,4951257.0,Somerville,US,42.3876,-71.0995,MA,994971-99999,America/New_York
2024-01-09 04:30:00,,,,,-4.3,94.0,68.0,-4.6,0.0,0.0,-29.4,0.0,n,0.0,1027.0,2.1,76.0,1029.0,0.0,0.0,-0.9,2024-01-09T04:30:00,2024-01-09T09:30:00,1704792600.0,0.0,16.0,319.0,3.6,2.6,Broken clouds,c03n,803.0,4951257.0,Somerville,US,42.3876,-71.0995,MA,994971-99999,America/New_York
2024-01-09 04:45:00,,,,,-4.4,96.4,66.0,-4.7,0.0,0.0,-26.7,0.0,n,0.0,1027.0,2.1,76.0,1029.0,0.0,0.0,-1.0,2024-01-09T04:45:00,2024-01-09T09:45:00,1704793500.0,0.0,16.0,324.0,3.6,2.7,Broken clouds,c03n,803.0,4951257.0,Somerville,US,42.3876,-71.0995,MA,994971-99999,America/New_York
2024-01-09 05:00:00,,,,,-4.6,98.9,64.0,-5.0,0.0,0.0,-23.9,0.0,n,0.0,1027.0,2.1,75.0,1029.0,0.0,0.0,-1.1,2024-01-09T05:00:00,2024-01-09T10:00:00,1704794400.0,0.0,16.0,328.0,3.6,2.8,Broken clouds,c03n,803.0,4951257.0,Somerville,US,42.3876,-71.0995,MA,994971-99999,America/New_York
2024-01-09 05:15:00,,,,,-4.3,101.2,73.0,-5.1,0.0,0.0,-21.2,0.0,n,0.0,1027.0,2.1,74.0,1029.0,0.0,0.0,-1.0,2024-01-09T05:15:00,2024-01-09T10:15:00,1704795300.0,0.0,16.0,325.0,3.4,2.6,Overcast clouds,c04n,804.0,4951257.0,Somerville,US,42.3876,-71.0995,MA,994971-99999,America/New_York
2024-01-09 05:30:00,,,,,-4.0,103.5,82.0,-5.0,0.0,0.0,-18.5,0.0,n,0.0,1027.0,2.1,74.0,1029.0,0.0,0.0,-0.9,2024-01-09T05:30:00,2024-01-09T10:30:00,1704796200.0,0.0,16.0,322.0,3.2,2.4,Overcast clouds,c04n,804.0,4951257.0,Somerville,US,42.3876,-71.0995,MA,994971-99999,America/New_York
2024-01-09 05:45:00,,,,,-3.7,105.8,91.0,-4.9,0.0,0.0,-15.8,0.0,n,0.0,1027.0,2.1,74.0,1029.0,0.0,0.0,-0.9,2024-01-09T05:45:00,2024-01-09T10:45:00,1704797100.0,0.0,16.0,319.0,3.0,2.2,Overcast clouds,c04n,804.0,4951257.0,Somerville,US,42.3876,-71.0995,MA,994971-99999,America/New_York
2024-01-09 06:00:00,,,,,-3.4,108.1,100.0,-5.0,0.0,0.0,-13.1,0.0,n,0.0,1027.0,2.1,73.0,1029.0,0.0,0.0,-0.8,2024-01-09T06:00:00,2024-01-09T11:00:00,1704798000.0,0.0,16.0,316.0,2.8,2.0,Overcast clouds,c04n,804.0,4951257.0,Somerville,US,42.3876,-71.0995,MA,994971-99999,America/New_York
2024-01-09 06:15:00,,,,,-3.2,110.5,100.0,-4.9,0.0,0.0,-10.6,0.0,n,0.0,1028.0,2.1,73.0,1030.0,0.0,0.0,-0.7,2024-01-09T06:15:00,2024-01-09T11:15:00,1704798900.0,0.0,16.0,315.0,2.7,1.9,Overcast clouds,c04n,804.0,4951257.0,Somerville,US,42.3876,-71.0995,MA,994971-99999,America/New_York
2024-01-09 06:30:00,,,,,-2.9,112.9,100.0,-4.9,0.0,0.0,-8.0,0.0,n,0.0,1028.0,2.1,73.0,1030.0,0.0,0.0,-0.7,2024-01-09T06:30:00,2024-01-09T11:30:00,1704799800.0,0.0,16.0,314.0,2.6,1.8,Overcast clouds,c04n,804.0,4951257.0,Somerville,US,42.3876,-71.0995,MA,994971-99999,America/New_York
2024-01-09 06:45:00,,,,,-2.7,115.3,100.0,-4.8,0.0,0.0,-5.5,0.0,n,0.0,1028.0,2.1,73.0,1030.0,0.0,0.0,-0.6,2024-01-09T06:45:00,2024-01-09T11:45:00,1704800700.0,0.0,16.0,313.0,2.5,1.7,Overcast clouds,c04n,804.0,4951257.0,Somerville,US,42.3876,-71.0995,MA,994971-99999,America/New_York
2024-01-09 07:00:00,,,,,-2.5,117.6,100.0,-4.7,0.0,0.0,-2.9,0.0,n,0.0,1028.0,2.1,73.0,1030.0,0.0,0.0,-0.5,2024-01-09T07:00:00,2024-01-09T12:00:00,1704801600.0,0.0,16.0,312.0,2.4,1.6,Overcast clouds,c04n,804.0,4951257.0,Somerville,US,42.3876,-71.0995,MA,994971-99999,America/New_York
2024-01-09 07:15:00,-0.04691577664381441,89.94317091596834,90.0006402653446,0.046915776646743707,-2.1,120.2,100.0,-4.5,10.0,91.0,-0.6,18.0,d,0.0,1028.0,2.1,74.0,1030.0,0.0,12.0,-0.5,2024-01-09T07:15:00,2024-01-09T12:15:00,1704802500.0,0.0,16.0,306.0,2.1,1.4,Overcast clouds,c04n,804.0,4951257.0,Somerville,US,42.3876,-71.0995,MA,994971-99999,America/New_York
2024-01-09 07:30:00,-6.2990783427451476,82.59082291283977,90.0,6.299078342745132,-1.7,122.8,100.0,-4.1,21.0,183.0,1.7,37.0,d,0.0,1028.0,2.1,76.0,1030.0,0.0,25.0,-0.5,2024-01-09T07:30:00,2024-01-09T12:30:00,1704803400.0,0.4,16.0,301.0,1.8,1.2,Overcast clouds,c04n,804.0,4951257.0,Somerville,US,42.3876,-71.0995,MA,994971-99999,America/New_York
2024-01-09 07:45:00,-13.465451997066296,74.77481346249368,90.00000241483653,13.465451997066307,-1.3,125.4,100.0,-3.9,31.0,274.0,4.1,55.0,d,0.0,1028.0,2.1,77.0,1030.0,0.0,37.0,-0.4,2024-01-09T07:45:00,2024-01-09T12:45:00,1704804300.0,0.4,16.0,296.0,1.5,1.0,Overcast clouds,c04d,804.0,4951257.0,Somerville,US,42.3876,-71.0995,MA,994971-99999,America/New_York
2024-01-09 08:00:00,-21.715549152010944,66.74553368448005,90.00000085377364,21.715549152010947,-0.8,128.0,100.0,-3.8,42.0,366.0,6.4,73.0,d,0.0,1028.0,2.1,78.0,1030.0,0.0,49.0,-0.4,2024-01-09T08:00:00,2024-01-09T13:00:00,1704805200.0,0.4,16.0,290.0,1.2,0.8,Overcast clouds,c04d,804.0,4951257.0,Somerville,US,42.3876,-71.0995,MA,994971-99999,America/New_York
2024-01-09 08:15:00,-31.878981519068304,58.47219042895992,90.0,31.87898151906831,-0.8,130.8,100.0,-3.8,48.0,424.0,8.4,107.0,d,0.0,1028.0,2.1,78.0,1030.0,0.0,59.0,-0.4,2024-01-09T08:15:00,2024-01-09T13:15:00,1704806100.0,0.4,16.0,238.0,0.8,0.8,Overcast clouds,c04d,804.0,4951257.0,Somerville,US,42.3876,-71.0995,MA,994971-99999,America/New_York
2024-01-09 08:30:00,-46.76412937986008,49.78606018810379,90.00000085377364,46.76412937986009,-0.8,133.7,100.0,-3.6,55.0,483.0,10.4,141.0,d,0.0,1027.0,2.1,79.0,1029.0,0.0,69.0,-0.5,2024-01-09T08:30:00,2024-01-09T13:30:00,1704807000.0,0.4,16.0,185.0,0.8,0.8,Overcast clouds,c04d,804.0,4951257.0,Somerville,US,42.3876,-71.0995,MA,994971-99999,America/New_York
2024-01-09 08:45:00,-60.0,46.26203439049541,90.0,59.99999999999999,-0.8,136.6,100.0,-3.5,61.0,541.0,12.4,175.0,d,0.0,1027.0,2.1,80.0,1029.0,0.0,79.0,-0.5,2024-01-09T08:45:00,2024-01-09T13:45:00,1704807900.0,0.4,16.0,132.0,1.5,0.8,Overcast clouds,c04d,804.0,4951257.0,Somerville,US,42.3876,-71.0995,MA,994971-99999,America/New_York
2024-01-09 09:00:00,-60.0,47.95278485286878,90.0,59.99999999999999,-0.9,139.5,100.0,-3.5,67.0,599.0,14.4,208.0,d,0.0,1027.0,2.1,80.0,1029.0,0.0,88.0,-0.5,2024-01-09T09:00:00,2024-01-09T14:00:00,1704808800.0,0.5,16.0,80.0,1.6,0.8,Overcast clouds,c04d,804.0,4951257.0,Somerville,US,42.3876,-71.0995,MA,994971-99999,America/New_York
2024-01-09 09:15:00,-60.0,49.854045043411624,90.0,59.99999999999999,-1.1,142.7,100.0,-3.5,71.0,625.0,16.0,237.0,d,0.0,1027.0,2.1,80.0,1029.0,0.0,95.0,-0.5,2024-01-09T09:15:00,2024-01-09T14:15:00,1704809700.0,0.5,16.0,87.0,1.7,0.9,Overcast clouds,c04d,804.0,4951257.0,Somerville,US,42.3876,-71.0995,MA,994971-99999,America/New_York
2024-01-09 09:30:00,-60.0,51.943070443001055,90.0,59.99999999999999,-1.4,146.0,100.0,-3.5,74.0,652.0,17.5,265.0,d,0.0,1027.0,2.1,80.0,1029.0,0.0,101.0,-0.5,2024-01-09T09:30:00,2024-01-09T14:30:00,1704810600.0,0.5,16.0,94.0,1.8,1.0,Overcast clouds,c04d,804.0,4951257.0,Somerville,US,42.3876,-71.0995,MA,994971-99999,America/New_York
2024-01-09 09:45:00,-55.76852142544561,54.085290908609885,90.0,55.76852142544561,-1.6,149.3,100.0,-3.5,78.0,678.0,19.1,294.0,d,0.0,1027.0,2.1,80.0,1029.0,0.0,107.0,-0.5,2024-01-09T09:45:00,2024-01-09T14:45:00,1704811500.0,0.5,16.0,101.0,1.9,1.1,Overcast clouds,c04d,804.0,4951257.0,Somerville,US,42.3876,-71.0995,MA,994971-99999,America/New_York
2024-01-09 10:00:00,-50.83915787302217,56.11054374971249,90.0,50.83915787302217,-1.8,152.5,100.0,-3.5,81.0,704.0,20.6,322.0,d,0.0,1026.0,2.1,80.0,1028.0,0.0,113.0,-0.5,2024-01-09T10:00:00,2024-01-09T15:00:00,1704812400.0,0.6,16.0,108.0,2.5,1.2,Overcast clouds,c04d,804.0,4951257.0,Somerville,US,42.3876,-71.0995,MA,994971-99999,America/New_York
2024-01-09 10:15:00,-45.47246374041999,57.99225014557448,90.0,45.47246374041999,-1.6,156.1,100.0,-3.4,83.0,716.0,21.6,340.0,d,0.0,1026.0,2.1,80.0,1028.0,0.0,117.0,-0.4,2024-01-09T10:15:00,2024-01-09T15:15:00,1704813300.0,0.6,16.0,122.0,2.5,1.2,Overcast clouds,c04d,804.0,4951257.0,Somerville,US,42.3876,-71.0995,MA,994971-99999,America/New_York
2024-01-09 10:30:00,-39.626572799489196,59.70038969731435,90.0,39.626572799489196,-1.5,159.8,100.0,-3.3,85.0,729.0,22.5,358.0,d,0.0,1026.0,2.1,80.0,1028.0,0.0,121.0,-0.3,2024-01-09T10:30:00,2024-01-09T15:30:00,1704814200.0,0.6,16.0,136.0,2.4,1.2,Overcast clouds,c04d,804.0,4951257.0,Somerville,US,42.3876,-71.0995,MA,994971-99999,America/New_York
2024-01-09 10:45:00,-33.27415574339963,61.20116335584148,90.0,33.27415574339964,-1.4,163.4,100.0,-3.1,87.0,741.0,23.5,376.0,d,0.0,1026.0,2.1,80.0,1028.0,0.0,125.0,-0.1,2024-01-09T10:45:00,2024-01-09T15:45:00,1704815100.0,0.6,16.0,150.0,2.6,1.2,Overcast clouds,c04d,804.0,4951257.0,Somerville,US,42.3876,-71.0995,MA,994971-99999,America/New_York
2024-01-09 11:00:00,-26.41385631441201,62.458161401084205,90.0,26.41385631441201,-1.2,167.0,100.0,-3.0,88.0,753.0,24.5,393.0,d,0.0,1026.0,2.1,80.0,1028.0,0.0,127.0,0.0,2024-01-09T11:00:00,2024-01-09T16:00:00,1704816000.0,0.7,16.0,164.0,2.8,1.2,Overcast clouds,c04d,804.0,4951257.0,Somerville,US,42.3876,-71.0995,MA,994971-99999,America/New_York
2024-01-09 11:15:00,-19.08293466558432,63.4347165690342,90.00000147877934,19.08293466558433,-1.3,170.8,100.0,-2.9,89.0,756.0,24.7,398.0,d,0.0,1026.0,2.1,79.0,1028.0,0.0,129.0,0.3,2024-01-09T11:15:00,2024-01-09T16:15:00,1704816900.0,0.7,16.0,160.0,3.1,1.4,Overcast clouds,c04d,804.0,4951257.0,Somerville,US,42.3876,-71.0995,MA,994971-99999,America/New_York
2024-01-09 11:30:00,-11.367046320490457,64.0975408885703,90.00000269986933,11.36704632049047,-1.2,174.6,100.0,-2.8,89.0,759.0,25.0,403.0,d,0.0,1026.0,2.1,78.0,1028.0,0.0,129.0,0.6,2024-01-09T11:30:00,2024-01-09T16:30:00,1704817800.0,0.7,16.0,156.0,3.4,1.6,Overcast clouds,c04d,804.0,4951257.0,Somerville,US,42.3876,-71.0995,MA,994971-99999,America/New_York
2024-01-09 11:45:00,-3.4013026978308702,64.4212017525072,90.0,3.4013026978308556,-1.2,178.4,100.0,-2.7,90.0,762.0,25.2,408.0,d,0.0,1026.0,2.1,77.0,1028.0,0.0,131.0,0.9,2024-01-09T11:45:00,2024-01-09T16:45:00,1704818700.0,0.7,16.0,152.0,3.7,1.8,Overcast clouds,c04d,804.0,4951257.0,Somerville,US,42.3876,-71.0995,MA,994971-99999,America/New_York
2024-01-09 12:00:00,4.642018146497621,64.3923337001178,270.0,4.642018146497604,-1.1,182.3,100.0,-2.5,90.0,764.0,25.5,413.0,d,0.0,1025.0,2.1,76.0,1027.0,0.0,131.0,1.2,2024-01-09T12:00:00,2024-01-09T17:00:00,1704819600.0,0.7,16.0,148.0,4.0,2.0,Overcast clouds,c04d,804.0,4951257.0,Somerville,US,42.3876,-71.0995,MA,994971-99999,America/New_York
2024-01-09 12:15:00,12.578252533783207,64.0121369357606,270.0,12.578252533783202,-1.3,186.0,100.0,-2.5,89.0,759.0,25.0,404.0,d,0.0,1025.0,2.1,76.0,1027.0,0.0,129.0,1.3,2024-01-09T12:15:00,2024-01-09T17:15:00,1704820500.0,0.7,16.0,148.0,4.3,2.3,Overcast clouds,c04d,804.0,4951257.0,Somerville,US,42.3876,-71.0995,MA,994971-99999,America/New_York
2024-01-09 12:30:00,20.239719246418616,63.2961418187798,270.0,20.239719246418613,-1.6,189.8,100.0,-2.6,89.0,754.0,24.6,395.0,d,0.0,1025.0,2.1,75.0,1027.0,0.0,129.0,1.3,2024-01-09T12:30:00,2024-01-09T17:30:00,1704821400.0,0.7,16.0,149.0,4.6,2.6,Overcast clouds,c04d,804.0,4951257.0,Somerville,US,42.3876,-71.0995,MA,994971-99999,America/New_York
2024-01-09 12:45:00,27.498851129524738,62.27134580407171,269.99999914622634,27.49885112952474,-1.8,193.6,100.0,-2.8,88.0,748.0,24.1,387.0,d,0.0,1024.0,2.1,74.0,1026.0,0.0,127.0,1.4,2024-01-09T12:45:00,2024-01-09T17:45:00,1704822300.0,0.7,16.0,150.0,4.9,2.9,Overcast clouds,c04d,804.0,4951257.0,Somerville,US,42.3876,-71.0995,MA,994971-99999,America/New_York
2024-01-09 13:00:00,34.278193829923495,60.971863449343864,270.0,34.278193829923495,-2.0,197.4,100.0,-2.7,87.0,743.0,23.6,378.0,d,0.0,1024.0,2.1,74.0,1026.0,0.0,125.0,1.4,2024-01-09T13:00:00,2024-01-09T18:00:00,1704823200.0,0.6,16.0,150.0,5.2,3.2,Overcast clouds,c04d,804.0,4951257.0,Somerville,US,42.3876,-71.0995,MA,994971-99999,America/New_York
2024-01-09 13:15:00,40.54753705217761,59.43452218697591,270.0,40.54753705217761,-1.9,200.9,100.0,-2.6,85.0,728.0,22.5,357.0,d,0.0,1024.0,2.1,74.0,1026.0,0.0,121.0,1.6,2024-01-09T13:15:00,2024-01-09T18:15:00,1704824100.0,0.6,16.0,148.0,5.7,3.4,Overcast clouds,c04d,804.0,4951257.0,Somerville,US,42.3876,-71.0995,MA,994971-99999,America/New_York
2024-01-09 13:30:00,46.31329987074768,57.69542594010072,270.0,46.31329987074767,-1.9,204.4,100.0,-2.6,83.0,712.0,21.3,335.0,d,0.0,1023.0,2.1,73.0,1025.0,0.0,117.0,1.8,2024-01-09T13:30:00,2024-01-09T18:30:00,1704825000.0,0.6,16.0,146.0,6.2,3.6,Overcast clouds,c04d,804.0,4951257.0,Somerville,US,42.3876,-71.0995,MA,994971-99999,America/New_York
2024-01-09 13:45:00,51.60587221943409,55.78780726886979,270.0,51.60587221943409,-1.8,208.0,100.0,-2.6,80.0,697.0,20.2,314.0,d,0.0,1023.0,2.1,72.0,1025.0,0.0,111.0,1.9,2024-01-09T13:45:00,2024-01-09T18:45:00,1704825900.0,0.6,16.0,144.0,6.7,3.8,Overcast clouds,c04d,804.0,4951257.0,Somerville,US,42.3876,-71.0995,MA,994971-99999,America/New_York
2024-01-09 14:00:00,56.46858818596648,53.74102175036252,269.99999914622634,56.46858818596649,-1.7,211.5,100.0,-2.4,78.0,681.0,19.0,293.0,d,0.0,1022.0,2.1,72.0,1024.0,0.0,107.0,2.1,2024-01-09T14:00:00,2024-01-09T19:00:00,1704826800.0,0.5,16.0,142.0,7.2,4.0,Overcast clouds,c04d,804.0,4951257.0,Somerville,US,42.3876,-71.0995,MA,994971-99999,America/New_York
2024-01-09 14:15:00,60.0,51.58658476028812,270.0,59.99999999999999,-1.4,214.6,100.0,-1.9,74.0,649.0,17.3,262.0,d,0.0,1022.0,2.1,73.0,1024.0,0.0,100.0,2.4,2024-01-09T14:15:00,2024-01-09T19:15:00,1704827700.0,0.5,16.0,138.0,7.4,4.1,Overcast clouds,c04d,804.0,4951257.0,Somerville,US,42.3876,-71.0995,MA,994971-99999,America/New_York
2024-01-09 14:30:00,60.0,49.521628091949864,270.0,59.99999999999999,-1.1,217.8,100.0,-1.5,70.0,616.0,15.6,231.0,d,0.0,1021.0,2.1,74.0,1023.0,0.0,93.0,2.7,2024-01-09T14:30:00,2024-01-09T19:30:00,1704828600.0,0.5,16.0,135.0,7.6,4.2,Overcast clouds,c04d,804.0,4951257.0,Somerville,US,42.3876,-71.0995,MA,994971-99999,America/New_York
2024-01-09 14:45:00,60.0,47.64770314089977,270.0,59.99999999999999,-0.8,220.9,100.0,-0.8,66.0,583.0,13.9,201.0,d,0.0,1021.0,2.1,76.0,1023.0,0.0,86.0,3.0,2024-01-09T14:45:00,2024-01-09T19:45:00,1704829500.0,0.4,16.0,132.0,7.8,4.3,Overcast clouds,c04d,804.0,4951257.0,Somerville,US,42.3876,-71.0995,MA,994971-99999,America/New_York
2024-01-09 15:00:00,60.0,45.98772239742183,270.0,59.99999999999999,-0.5,224.1,100.0,-0.3,62.0,551.0,12.2,170.0,d,0.0,1020.0,2.1,77.0,1022.0,0.0,79.0,3.3,2024-01-09T15:00:00,2024-01-09T20:00:00,1704830400.0,0.4,16.0,128.0,8.0,4.4,Overcast clouds,c04d,804.0,4951257.0,Somerville,US,42.3876,-71.0995,MA,994971-99999,America/New_York
2024-01-09 15:15:00,44.04736285312334,51.023445180588865,270.0,44.04736285312334,-0.4,226.9,100.0,0.0,54.0,473.0,10.1,137.0,d,0.0,1020.0,2.1,78.0,1022.0,0.0,68.0,3.4,2024-01-09T15:15:00,2024-01-09T20:15:00,1704831300.0,0.4,16.0,129.0,8.3,4.6,Overcast clouds,c04d,804.0,4951257.0,Somerville,US,42.3876,-71.0995,MA,994971-99999,America/New_York
2024-01-09 15:30:00,30.257361246028992,59.63682356621564,269.9999987925817,30.257361246029,-0.4,229.6,100.0,0.1,46.0,396.0,8.0,103.0,d,0.0,1019.0,2.1,78.0,1021.0,0.0,56.0,3.5,2024-01-09T15:30:00,2024-01-09T20:30:00,1704832200.0,0.4,16.0,130.0,8.6,4.8,Overcast clouds,c04d,804.0,4951257.0,Somerville,US,42.3876,-71.0995,MA,994971-99999,America/New_York
2024-01-09 15:45:00,20.4659300992669,67.86869546806221,270.0,20.4659300992669,-0.3,232.4,100.0,0.2,38.0,318.0,5.9,70.0,d,0.0,1019.0,2.1,78.0,1021.0,0.0,45.0,3.7,2024-01-09T15:45:00,2024-01-09T20:45:00,1704833100.0,0.4,16.0,131.0,8.9,5.0,Overcast clouds,c04d,804.0,4951257.0,Somerville,US,42.3876,-71.0995,MA,994971-99999,America/New_York
2024-01-09 16:00:00,12.407775863572823,75.87001295054908,269.9999987925817,12.407775863572827,-0.3,235.2,100.0,0.5,30.0,241.0,3.8,36.0,d,0.0,1019.0,2.1,79.0,1021.0,0.0,34.0,3.8,2024-01-09T16:00:00,2024-01-09T21:00:00,1704834000.0,0.4,16.0,132.0,9.2,5.2,Overcast clouds,c04n,804.0,4951257.0,Somerville,US,42.3876,-71.0995,MA,994971-99999,America/New_York
2024-01-09 16:15:00,5.373068603566296,83.64557447664905,269.9999950954438,5.373068603566316,-0.3,237.7,100.0,0.5,23.0,181.0,1.4,27.0,d,0.0,1019.0,2.1,79.0,1021.0,0.0,26.0,3.8,2024-01-09T16:15:00,2024-01-09T21:15:00,1704834900.0,0.4,16.0,132.0,9.7,5.3,Overcast clouds,c04n,804.0,4951257.0,Somerville,US,42.3876,-71.0995,MA,994971-99999,America/New_York
2024-01-09 16:30:00,,,,,-0.3,240.2,100.0,0.5,15.0,120.0,-1.0,18.0,d,0.0,1018.0,2.1,79.0,1020.0,0.0,17.0,3.8,2024-01-09T16:30:00,2024-01-09T21:30:00,1704835800.0,0.0,16.0,132.0,10.2,5.4,Overcast clouds,c04n,804.0,4951257.0,Somerville,US,42.3876,-71.0995,MA,994971-99999,America/New_York
2024-01-09 16:45:00,,,,,-0.3,242.8,100.0,0.6,8.0,60.0,-3.4,9.0,d,0.0,1018.0,2.1,79.0,1020.0,0.0,9.0,3.9,2024-01-09T16:45:00,2024-01-09T21:45:00,1704836700.0,0.0,16.0,132.0,10.7,5.5,Overcast clouds,c04n,804.0,4951257.0,Somerville,US,42.3876,-71.0995,MA,994971-99999,America/New_York
2024-01-09 17:00:00,,,,,-0.3,245.3,100.0,0.6,0.0,0.0,-5.8,0.0,n,0.0,1017.0,2.1,79.0,1019.0,0.0,0.0,3.9,2024-01-09T17:00:00,2024-01-09T22:00:00,1704837600.0,0.0,16.0,132.0,11.2,5.6,Overcast clouds,c04n,804.0,4951257.0,Somerville,US,42.3876,-71.0995,MA,994971-99999,America/New_York
2024-01-09 17:15:00,,,,,-0.4,247.6,100.0,0.8,0.0,0.0,-8.4,0.0,n,0.0,1017.0,2.1,80.0,1019.0,0.0,0.0,4.0,2024-01-09T17:15:00,2024-01-09T22:15:00,1704838500.0,0.0,16.0,130.0,11.6,5.8,Overcast clouds,c04n,804.0,4951257.0,Somerville,US,42.3876,-71.0995,MA,994971-99999,America/New_York
2024-01-09 17:30:00,,,,,-0.4,250.0,100.0,1.0,0.0,0.0,-11.0,0.0,n,0.0,1017.0,2.1,81.0,1019.0,0.0,0.0,4.0,2024-01-09T17:30:00,2024-01-09T22:30:00,1704839400.0,0.0,16.0,129.0,12.0,6.0,Overcast clouds,c04n,804.0,4951257.0,Somerville,US,42.3876,-71.0995,MA,994971-99999,America/New_York
2024-01-09 17:45:00,,,,,-0.4,252.3,100.0,1.3,0.0,0.0,-13.6,0.0,n,2.0,1016.0,2.1,82.0,1018.0,0.0,0.0,4.0,2024-01-09T17:45:00,2024-01-09T22:45:00,1704840300.0,0.0,16.0,128.0,12.4,6.2,Light rain,r01n,500.0,4951257.0,Somerville,US,42.3876,-71.0995,MA,994971-99999,America/New_York
2024-01-09 18:00:00,,,,,-0.4,254.7,100.0,1.5,0.0,0.0,-16.2,0.0,n,5.0,1016.0,2.1,83.0,1018.0,0.0,0.0,4.1,2024-01-09T18:00:00,2024-01-09T23:00:00,1704841200.0,0.0,10.0,126.0,12.8,6.4,Moderate rain,r02n,501.0,4951257.0,Somerville,US,42.3876,-71.0995,MA,994971-99999,America/New_York
2024-01-09 18:15:00,,,,,-0.5,257.0,100.0,1.7,0.0,0.0,-18.9,0.0,n,3.0,1015.0,2.1,84.0,1017.0,0.0,0.0,4.1,2024-01-09T18:15:00,2024-01-09T23:15:00,1704842100.0,0.0,10.0,125.0,13.3,6.8,Light rain,r01n,500.0,4951257.0,Somerville,US,42.3876,-71.0995,MA,994971-99999,America/New_York
2024-01-09 18:30:00,,,,,-0.6,259.3,100.0,2.1,0.0,0.0,-21.7,0.0,n,4.0,1015.0,2.1,86.0,1017.0,0.0,0.0,4.2,2024-01-09T18:30:00,2024-01-09T23:30:00,1704843000.0,0.0,10.0,124.0,13.8,7.2,Moderate rain,r02n,501.0,4951257.0,Somerville,US,42.3876,-71.0995,MA,994971-99999,America/New_York
2024-01-09 18:45:00,,,,,-0.7,261.7,100.0,2.3,0.0,0.0,-24.4,0.0,n,3.0,1014.0,2.1,87.0,1016.0,0.0,0.0,4.3,2024-01-09T18:45:00,2024-01-09T23:45:00,1704843900.0,0.0,10.0,123.0,14.3,7.6,Light rain,r01n,500.0,4951257.0,Somerville,US,42.3876,-71.0995,MA,994971-99999,America/New_York
2024-01-09 19:00:00,,,,,-0.7,264.0,100.0,2.5,0.0,0.0,-27.1,0.0,n,3.0,1014.0,2.1,88.0,1016.0,0.0,0.0,4.3,2024-01-09T19:00:00,2024-01-10T00:00:00,1704844800.0,0.0,10.0,122.0,14.8,8.0,Light rain,r01n,500.0,4951257.0,Somerville,US,42.3876,-71.0995,MA,994971-99999,America/New_York
2024-01-09 19:15:00,,,,,-0.6,266.5,100.0,2.7,0.0,0.0,-29.9,0.0,n,2.0,1013.0,2.1,88.0,1015.0,0.0,0.0,4.5,2024-01-09T19:15:00,2024-01-10T00:15:00,1704845700.0,0.0,10.0,122.0,15.4,8.2,Light rain,r01n,500.0,4951257.0,Somerville,US,42.3876,-71.0995,MA,994971-99999,America/New_York
2024-01-09 19:30:00,,,,,-0.4,269.0,100.0,2.8,0.0,0.0,-32.6,0.0,n,2.0,1013.0,2.1,88.0,1015.0,0.0,0.0,4.7,2024-01-09T19:30:00,2024-01-10T00:30:00,1704846600.0,0.0,10.0,123.0,16.0,8.4,Light rain,r01n,500.0,4951257.0,Somerville,US,42.3876,-71.0995,MA,994971-99999,America/New_York
2024-01-09 19:45:00,,,,,-0.2,271.5,100.0,3.0,0.0,0.0,-35.4,0.0,n,3.0,1012.0,2.1,88.0,1014.0,0.0,0.0,4.8,2024-01-09T19:45:00,2024-01-10T00:45:00,1704847500.0,0.0,10.0,124.0,16.6,8.6,Light rain,r01n,500.0,4951257.0,Somerville,US,42.3876,-71.0995,MA,994971-99999,America/New_York
2024-01-09 20:00:00,,,,,-0.1,274.0,100.0,3.2,0.0,0.0,-38.2,0.0,n,2.0,1012.0,2.1,88.0,1014.0,0.0,0.0,5.0,2024-01-09T20:00:00,2024-01-10T01:00:00,1704848400.0,0.0,10.0,124.0,17.2,8.8,Light rain,r01n,500.0,4951257.0,Somerville,US,42.3876,-71.0995,MA,994971-99999,America/New_York
2024-01-09 20:15:00,,,,,0.0,277.0,100.0,3.3,0.0,0.0,-40.9,0.0,n,3.0,1011.0,2.1,88.0,1013.0,0.0,0.0,5.2,2024-01-09T20:15:00,2024-01-10T01:15:00,1704849300.0,0.0,10.0,124.0,10.8,9.1,Light rain,r01n,500.0,4951257.0,Somerville,US,42.3876,-71.0995,MA,994971-99999,America/New_York
2024-01-09 20:30:00,,,,,0.1,280.0,100.0,3.5,0.0,0.0,-43.6,0.0,n,5.0,1010.0,2.1,88.0,1012.0,0.0,0.0,5.3,2024-01-09T20:30:00,2024-01-10T01:30:00,1704850200.0,0.0,10.0,124.0,18.4,9.4,Moderate rain,r02n,501.0,4951257.0,Somerville,US,42.3876,-71.0995,MA,994971-99999,America/New_York
2024-01-09 20:45:00,,,,,0.3,283.0,100.0,3.6,0.0,0.0,-46.3,0.0,n,3.0,1009.0,2.1,88.0,1011.0,0.0,0.0,5.4,2024-01-09T20:45:00,2024-01-10T01:45:00,1704851100.0,0.0,10.0,124.0,19.0,9.7,Light rain,r01n,500.0,4951257.0,Somerville,US,42.3876,-71.0995,MA,994971-99999,America/New_York
2024-01-09 21:00:00,,,,,0.4,286.0,100.0,3.8,0.0,0.0,-49.1,0.0,n,1.0,1008.0,2.1,88.0,1010.0,0.0,0.0,5.6,2024-01-09T21:00:00,2024-01-10T02:00:00,1704852000.0,0.0,10.0,124.0,19.6,10.0,Light rain,r01n,500.0,4951257.0,Somerville,US,42.3876,-71.0995,MA,994971-99999,America/New_York
2024-01-09 21:15:00,,,,,0.5,290.1,100.0,3.9,0.0,0.0,-51.6,0.0,n,3.0,1008.0,2.1,88.0,1010.0,0.0,0.0,5.7,2024-01-09T21:15:00,2024-01-10T02:15:00,1704852900.0,0.0,10.0,124.0,19.9,10.2,Light rain,r01n,500.0,4951257.0,Somerville,US,42.3876,-71.0995,MA,994971-99999,America/New_York
2024-01-09 21:30:00,,,,,0.5,294.2,100.0,4.0,0.0,0.0,-54.1,0.0,n,3.0,1007.0,2.1,88.0,1009.0,0.0,0.0,5.8,2024-01-09T21:30:00,2024-01-10T02:30:00,1704853800.0,0.0,10.0,123.0,20.2,10.4,Light rain,r01n,500.0,4951257.0,Somerville,US,42.3876,-71.0995,MA,994971-99999,America/New_York
2024-01-09 21:45:00,,,,,0.6,298.3,100.0,4.1,0.0,0.0,-56.6,0.0,n,3.0,1006.0,2.1,88.0,1008.0,0.0,0.0,5.9,2024-01-09T21:45:00,2024-01-10T02:45:00,1704854700.0,0.0,10.0,122.0,20.5,10.6,Light rain,r01n,500.0,4951257.0,Somerville,US,42.3876,-71.0995,MA,994971-99999,America/New_York
2024-01-09 22:00:00,,,,,0.7,302.4,100.0,4.2,0.0,0.0,-59.2,0.0,n,2.0,1006.0,2.1,88.0,1008.0,0.0,0.0,6.0,2024-01-09T22:00:00,2024-01-10T03:00:00,1704855600.0,0.0,10.0,122.0,20.8,10.8,Light rain,r01n,500.0,4951257.0,Somerville,US,42.3876,-71.0995,MA,994971-99999,America/New_York
2024-01-09 22:15:00,,,,,0.7,308.8,100.0,4.2,0.0,0.0,-61.1,0.0,n,6.0,1005.0,2.1,88.0,1007.0,0.0,0.0,6.0,2024-01-09T22:15:00,2024-01-10T03:15:00,1704856500.0,0.0,10.0,122.0,20.8,10.9,Moderate rain,r02n,501.0,4951257.0,Somerville,US,42.3876,-71.0995,MA,994971-99999,America/New_York
2024-01-09 22:30:00,,,,,0.7,315.3,100.0,4.4,0.0,0.0,-63.1,0.0,n,3.0,1004.0,2.1,89.0,1006.0,0.0,0.0,6.0,2024-01-09T22:30:00,2024-01-10T03:30:00,1704857400.0,0.0,10.0,122.0,20.8,11.0,Light rain,r01n,500.0,4951257.0,Somerville,US,42.3876,-71.0995,MA,994971-99999,America/New_York
2024-01-09 22:45:00,,,,,0.7,321.7,100.0,4.6,0.0,0.0,-65.1,0.0,n,5.0,1004.0,2.1,90.0,1006.0,0.0,0.0,6.1,2024-01-09T22:45:00,2024-01-10T03:45:00,1704858300.0,0.0,10.0,122.0,20.8,11.1,Moderate rain,r02n,501.0,4951257.0,Somerville,US,42.3876,-71.0995,MA,994971-99999,America/New_York
2024-01-09 23:00:00,,,,,0.8,328.1,100.0,4.6,0.0,0.0,-67.0,0.0,n,6.0,1003.0,2.1,90.0,1005.0,0.0,0.0,6.1,2024-01-09T23:00:00,2024-01-10T04:00:00,1704859200.0,0.0,10.0,122.0,20.8,11.2,Moderate rain,r02n,501.0,4951257.0,Somerville,US,42.3876,-71.0995,MA,994971-99999,America/New_York
2024-01-09 23:15:00,,,,,1.0,247.5,100.0,4.7,0.0,0.0,-67.7,0.0,n,4.0,1002.0,2.1,90.0,1004.0,0.0,0.0,6.3,2024-01-09T23:15:00,2024-01-10T04:15:00,1704860100.0,0.0,10.0,124.0,13.9,11.2,Moderate rain,r02n,501.0,4951257.0,Somerville,US,42.3876,-71.0995,MA,994971-99999,America/New_York
2024-01-09 23:30:00,,,,,1.2,166.9,100.0,4.7,0.0,0.0,-68.3,0.0,n,8.0,1001.0,2.1,89.0,1003.0,0.0,0.0,6.4,2024-01-09T23:30:00,2024-01-10T04:30:00,1704861000.0,0.0,10.0,125.0,20.6,11.2,Moderate rain,r02n,501.0,4951257.0,Somerville,US,42.3876,-71.0995,MA,994971-99999,America/New_York
2024-01-09 23:45:00,,,,,1.4,86.3,100.0,4.7,0.0,0.0,-69.0,0.0,n,9.0,1000.0,2.1,88.0,1002.0,0.0,0.0,6.5,2024-01-09T23:45:00,2024-01-10T04:45:00,1704861900.0,0.0,10.0,126.0,20.5,11.2,Moderate rain,r02n,501.0,4951257.0,Somerville,US,42.3876,-71.0995,MA,994971-99999,America/New_York
2024-01-10 00:00:00,,,,,1.6,5.7,100.0,4.9,0.0,0.0,-69.6,0.0,n,7.0,999.0,2.1,88.0,1001.0,0.0,0.0,6.7,2024-01-10T00:00:00,2024-01-10T05:00:00,1704862800.0,0.0,10.0,128.0,20.4,11.2,Moderate rain,r02n,501.0,4951257.0,Somerville,US,42.3876,-71.0995,MA,994971-99999,America/New_York
2024-01-10 00:15:00,,,,,2.0,14.4,100.0,5.4,0.0,0.0,-68.5,0.0,n,8.0,998.0,2.1,89.0,1000.0,0.0,0.0,7.0,2024-01-10T00:15:00,2024-01-10T05:15:00,1704863700.0,0.0,10.0,130.0,13.4,11.4,Moderate rain,r02n,501.0,4951257.0,Somerville,US,42.3876,-71.0995,MA,994971-99999,America/New_York
2024-01-10 00:30:00,,,,,7.4,23.1,100.0,5.9,0.0,0.0,-67.4,0.0,n,8.0,997.0,2.1,90.0,999.0,0.0,0.0,7.4,2024-01-10T00:30:00,2024-01-10T05:30:00,1704864600.0,0.0,10.0,131.0,20.6,11.6,Moderate rain,r02n,501.0,4951257.0,Somerville,US,42.3876,-71.0995,MA,994971-99999,America/New_York
2024-01-10 00:45:00,,,,,7.8,31.8,100.0,6.5,0.0,0.0,-66.3,0.0,n,9.0,996.0,2.1,92.0,998.0,0.0,0.0,7.8,2024-01-10T00:45:00,2024-01-10T05:45:00,1704865500.0,0.0,10.0,132.0,20.7,11.8,Moderate rain,r02n,501.0,4951257.0,Somerville,US,42.3876,-71.0995,MA,994971-99999,America/New_York
2024-01-10 01:00:00,,,,,8.1,40.5,100.0,7.0,0.0,0.0,-65.1,0.0,n,7.0,995.0,2.1,93.0,997.0,0.0,0.0,8.1,2024-01-10T01:00:00,2024-01-10T06:00:00,1704866400.0,0.0,10.0,134.0,20.8,12.0,Moderate rain,r02n,501.0,4951257.0,Somerville,US,42.3876,-71.0995,MA,994971-99999,America/New_York
2024-01-10 01:15:00,,,,,8.3,46.1,100.0,7.1,0.0,0.0,-63.0,0.0,n,8.0,994.0,2.1,92.0,996.0,0.0,0.0,8.3,2024-01-10T01:15:00,2024-01-10T06:15:00,1704867300.0,0.0,10.0,134.0,21.2,12.0,Moderate rain,r02n,501.0,4951257.0,Somerville,US,42.3876,-71.0995,MA,994971-99999,America/New_York
2024-01-10 01:30:00,,,,,8.6,51.8,100.0,7.3,0.0,0.0,-60.8,0.0,n,6.0,993.0,2.1,92.0,995.0,0.0,0.0,8.6,2024-01-10T01:30:00,2024-01-10T06:30:00,1704868200.0,0.0,10.0,134.0,21.6,12.0,Moderate rain,r02n,501.0,4951257.0,Somerville,US,42.3876,-71.0995,MA,994971-99999,America/New_York
2024-01-10 01:45:00,,,,,8.8,57.4,100.0,7.4,0.0,0.0,-58.6,0.0,n,9.0,992.0,2.1,91.0,994.0,0.0,0.0,8.8,2024-01-10T01:45:00,2024-01-10T06:45:00,1704869100.0,0.0,10.0,134.0,22.0,12.0,Moderate rain,r02n,501.0,4951257.0,Somerville,US,42.3876,-71.0995,MA,994971-99999,America/New_York
2024-01-10 02:00:00,,,,,9.0,63.0,100.0,7.5,0.0,0.0,-56.4,0.0,n,5.0,991.0,2.1,90.0,993.0,0.0,0.0,9.0,2024-01-10T02:00:00,2024-01-10T07:00:00,1704870000.0,0.0,10.0,134.0,22.4,12.0,Moderate rain,r02n,501.0,4951257.0,Somerville,US,42.3876,-71.0995,MA,994971-99999,America/New_York
2024-01-10 02:15:00,,,,,9.3,66.7,100.0,7.9,0.0,0.0,-53.8,0.0,n,5.0,990.0,2.1,91.0,992.0,0.0,0.0,9.3,2024-01-10T02:15:00,2024-01-10T07:15:00,1704870900.0,0.0,10.0,135.0,22.7,12.0,Moderate rain,r02n,501.0,4951257.0,Somerville,US,42.3876,-71.0995,MA,994971-99999,America/New_York
2024-01-10 02:30:00,,,,,9.6,70.4,100.0,8.3,0.0,0.0,-51.2,0.0,n,4.0,989.0,2.1,92.0,991.0,0.0,0.0,9.6,2024-01-10T02:30:00,2024-01-10T07:30:00,1704871800.0,0.0,10.0,136.0,23.0,12.0,Moderate rain,r02n,501.0,4951257.0,Somerville,US,42.3876,-71.0995,MA,994971-99999,America/New_York
2024-01-10 02:45:00,,,,,9.8,74.0,100.0,8.6,0.0,0.0,-48.6,0.0,n,4.0,988.0,2.1,92.0,990.0,0.0,0.0,9.8,2024-01-10T02:45:00,2024-01-10T07:45:00,1704872700.0,0.0,10.0,137.0,23.3,12.0,Moderate rain,r02n,501.0,4951257.0,Somerville,US,42.3876,-71.0995,MA,994971-99999,America/New_York
2024-01-10 03:00:00,,,,,10.1,77.7,100.0,9.0,0.0,0.0,-45.9,0.0,n,6.0,987.0,2.1,93.0,989.0,0.0,0.0,10.1,2024-01-10T03:00:00,2024-01-10T08:00:00,1704873600.0,0.0,10.0,138.0,23.6,12.0,Moderate rain,r02n,501.0,4951257.0,Somerville,US,42.3876,-71.0995,MA,994971-99999,America/New_York
2024-01-10 03:15:00,,,,,10.0,80.5,100.0,8.9,0.0,0.0,-43.2,0.0,n,6.0,987.0,2.1,93.0,989.0,0.0,0.0,10.0,2024-01-10T03:15:00,2024-01-10T08:15:00,1704874500.0,0.0,10.0,140.0,21.6,11.5,Moderate rain,r02n,501.0,4951257.0,Somerville,US,42.3876,-71.0995,MA,994971-99999,America/New_York
2024-01-10 03:30:00,,,,,9.9,83.3,100.0,8.8,0.0,0.0,-40.4,0.0,n,6.0,987.0,2.1,93.0,989.0,0.0,0.0,9.9,2024-01-10T03:30:00,2024-01-10T08:30:00,1704875400.0,0.0,10.0,142.0,21.0,11.0,Moderate rain,r02n,501.0,4951257.0,Somerville,US,42.3876,-71.0995,MA,994971-99999,America/New_York
2024-01-10 03:45:00,,,,,9.8,86.2,100.0,8.7,0.0,0.0,-37.7,0.0,n,34.0,987.0,2.1,93.0,989.0,0.0,0.0,9.8,2024-01-10T03:45:00,2024-01-10T08:45:00,1704876300.0,0.0,10.0,144.0,19.7,10.5,Heavy rain,r03n,502.0,4951257.0,Somerville,US,42.3876,-71.0995,MA,994971-99999,America/New_York
2024-01-10 04:00:00,,,,,9.7,89.0,100.0,8.6,0.0,0.0,-34.9,0.0,n,2.0,987.0,2.1,93.0,989.0,0.0,0.0,9.7,2024-01-10T04:00:00,2024-01-10T09:00:00,1704877200.0,0.0,10.0,146.0,18.4,10.0,Light rain,r01n,500.0,4951257.0,Somerville,US,42.3876,-71.0995,MA,994971-99999,America/New_York
2024-01-10 04:15:00,,,,,9.8,91.4,100.0,8.7,0.0,0.0,-32.2,0.0,n,7.0,986.0,2.1,93.0,988.0,0.0,0.0,9.8,2024-01-10T04:15:00,2024-01-10T09:15:00,1704878100.0,0.0,10.0,147.0,12.9,9.1,Moderate rain,r02n,501.0,4951257.0,Somerville,US,42.3876,-71.0995,MA,994971-99999,America/New_York
2024-01-10 04:30:00,,,,,9.9,93.8,100.0,8.9,0.0,0.0,-29.4,0.0,n,7.0,985.0,2.1,93.0,987.0,0.0,0.0,9.9,2024-01-10T04:30:00,2024-01-10T09:30:00,1704879000.0,0.0,10.0,148.0,15.4,8.2,Moderate rain,r02n,501.0,4951257.0,Somerville,US,42.3876,-71.0995,MA,994971-99999,America/New_York
2024-01-10 04:45:00,,,,,10.1,96.2,100.0,9.0,0.0,0.0,-26.7,0.0,n,10.0,984.0,2.1,93.0,986.0,0.0,0.0,10.1,2024-01-10T04:45:00,2024-01-10T09:45:00,1704879900.0,0.0,10.0,149.0,13.9,7.3,Moderate rain,r02n,501.0,4951257.0,Somerville,US,42.3876,-71.0995,MA,994971-99999,America/New_York
2024-01-10 05:00:00,,,,,10.2,98.7,100.0,9.1,0.0,0.0,-23.9,0.0,n,11.0,983.0,2.1,93.0,985.0,0.0,0.0,10.2,2024-01-10T05:00:00,2024-01-10T10:00:00,1704880800.0,0.0,10.0,150.0,12.4,6.4,Moderate rain,r02n,501.0,4951257.0,Somerville,US,42.3876,-71.0995,MA,994971-99999,America/New_York
2024-01-10 05:15:00,,,,,10.6,101.0,100.0,9.7,0.0,0.0,-21.2,0.0,n,1.0,982.0,2.1,94.0,984.0,0.0,0.0,10.6,2024-01-10T05:15:00,2024-01-10T10:15:00,1704881700.0,0.0,10.0,153.0,12.2,6.5,Light rain,r01n,500.0,4951257.0,Somerville,US,42.3876,-71.0995,MA,994971-99999,America/New_York
2024-01-10 05:30:00,,,,,11.1,103.3,100.0,10.1,0.0,0.0,-18.5,0.0,n,0.0,981.0,2.1,94.0,983.0,0.0,0.0,11.1,2024-01-10T05:30:00,2024-01-10T10:30:00,1704882600.0,0.0,10.0,156.0,12.0,6.6,Overcast clouds,c04n,804.0,4951257.0,Somerville,US,42.3876,-71.0995,MA,994971-99999,America/New_York
2024-01-10 05:45:00,,,,,11.5,105.6,100.0,10.5,0.0,0.0,-15.8,0.0,n,1.0,980.0,2.1,94.0,982.0,0.0,0.0,11.5,2024-01-10T05:45:00,2024-01-10T10:45:00,1704883500.0,0.0,10.0,159.0,11.8,6.7,Light rain,r01n,500.0,4951257.0,Somerville,US,42.3876,-71.0995,MA,994971-99999,America/New_York
2024-01-10 06:00:00,,,,,11.9,107.9,100.0,11.1,0.0,0.0,-13.1,0.0,n,1.0,979.0,2.1,95.0,981.0,0.0,0.0,11.9,2024-01-10T06:00:00,2024-01-10T11:00:00,1704884400.0,0.0,10.0,162.0,11.6,6.8,Light rain,r01n,500.0,4951257.0,Somerville,US,42.3876,-71.0995,MA,994971-99999,America/New_York
2024-01-10 06:15:00,,,,,12.2,110.3,100.0,11.6,0.0,0.0,-10.6,0.0,n,1.0,978.0,2.1,96.0,980.0,0.0,0.0,12.2,2024-01-10T06:15:00,2024-01-10T11:15:00,1704885300.0,0.0,10.0,164.0,11.2,6.8,Light rain,r01n,500.0,4951257.0,Somerville,US,42.3876,-71.0995,MA,994971-99999,America/New_York
2024-01-10 06:30:00,,,,,12.4,112.7,100.0,11.8,0.0,0.0,-8.0,0.0,n,1.0,978.0,2.1,96.0,980.0,0.0,0.0,12.4,2024-01-10T06:30:00,2024-01-10T11:30:00,1704886200.0,0.0,10.0,165.0,10.8,6.8,Light rain,r01n,500.0,4951257.0,Somerville,US,42.3876,-71.0995,MA,994971-99999,America/New_York
2024-01-10 06:45:00,,,,,12.7,115.1,100.0,12.3,0.0,0.0,-5.5,0.0,n,0.0,978.0,2.1,97.0,980.0,0.0,0.0,12.7,2024-01-10T06:45:00,2024-01-10T11:45:00,1704887100.0,0.0,10.0,166.0,10.4,6.8,Fog,a05n,741.0,4951257.0,Somerville,US,42.3876,-71.0995,MA,994971-99999,America/New_York
2024-01-10 07:00:00,,,,,13.0,117.5,100.0,12.7,0.0,0.0,-2.9,0.0,n,0.0,977.0,2.1,98.0,979.0,0.0,0.0,13.0,2024-01-10T07:00:00,2024-01-10T12:00:00,1704888000.0,0.0,10.0,168.0,10.8,6.8,Fog,a05n,741.0,4951257.0,Somerville,US,42.3876,-71.0995,MA,994971-99999,America/New_York
2024-01-10 07:15:00,-0.13874273762429823,89.83165557578128,90.00018542422652,0.1387427376250248,13.0,120.0,98.0,12.5,11.0,92.0,-0.6,18.0,d,0.0,977.0,2.1,97.0,979.0,0.0,13.0,13.0,2024-01-10T07:15:00,2024-01-10T12:15:00,1704888900.0,0.0,10.0,177.0,10.8,6.9,Fog,a05n,741.0,4951257.0,Somerville,US,42.3876,-71.0995,MA,994971-99999,America/New_York
2024-01-10 07:30:00,-6.406158045397731,82.45130917087945,90.0,6.406158045397721,12.9,122.6,96.0,12.3,21.0,184.0,1.8,37.0,d,0.0,977.0,2.1,96.0,979.0,0.0,27.0,12.9,2024-01-10T07:30:00,2024-01-10T12:30:00,1704889800.0,0.4,16.0,186.0,12.0,7.0,Overcast clouds,c04n,804.0,4951257.0,Somerville,US,42.3876,-71.0995,MA,994971-99999,America/New_York
2024-01-10 07:45:00,-13.585632058610216,74.6098592982046,90.0000020913098,13.585632058610225,12.9,125.2,95.0,12.3,32.0,276.0,4.1,55.0,d,0.0,977.0,2.1,96.0,979.0,0.0,43.0,12.9,2024-01-10T07:45:00,2024-01-10T12:45:00,1704890700.0,0.4,16.0,195.0,13.0,7.1,Overcast clouds,c04d,804.0,4951257.0,Somerville,US,42.3876,-71.0995,MA,994971-99999,America/New_York
2024-01-10 08:00:00,-21.853088354789634,66.55231134539054,90.0,21.85308835478963,12.9,127.8,93.0,12.1,42.0,368.0,6.4,74.0,d,0.0,978.0,2.1,95.0,980.0,0.0,61.0,12.9,2024-01-10T08:00:00,2024-01-10T13:00:00,1704891600.0,0.5,16.0,204.0,14.0,7.2,Overcast clouds,c04d,804.0,4951257.0,Somerville,US,42.3876,-71.0995,MA,994971-99999,America/New_York
2024-01-10 08:15:00,-32.04934681843272,58.24287580770239,90.00000120741826,32.049346818432724,13.0,130.7,89.0,12.2,48.0,426.0,8.4,108.0,d,0.0,978.0,2.1,95.0,980.0,0.0,86.0,13.0,2024-01-10T08:15:00,2024-01-10T13:15:00,1704892500.0,0.5,16.0,208.0,13.4,7.2,Overcast clouds,c04d,804.0,4951257.0,Somerville,US,42.3876,-71.0995,MA,994971-99999,America/New_York
2024-01-10 08:30:00,-47.03791156712654,49.50637892503799,90.0,47.03791156712654,13.1,133.6,86.0,12.3,55.0,484.0,10.5,142.0,d,0.0,978.0,2.1,95.0,980.0,0.0,61.0,13.1,2024-01-10T08:30:00,2024-01-10T13:30:00,1704893400.0,0.5,16.0,213.0,14.0,7.2,Overcast clouds,c04d,804.0,4951257.0,Somerville,US,42.3876,-71.0995,MA,994971-99999,America/New_York
2024-01-10 08:45:00,-60.0,46.090121619844766,90.0,59.99999999999999,13.1,136.4,82.0,12.3,61.0,542.0,12.5,176.0,d,0.0,979.0,2.1,95.0,981.0,0.0,89.0,13.1,2024-01-10T08:45:00,2024-01-10T13:45:00,1704894300.0,0.6,16.0,218.0,14.0,7.2,Overcast clouds,c04d,804.0,4951257.0,Somerville,US,42.3876,-71.0995,MA,994971-99999,America/New_York
2024-01-10 09:00:00,-60.0,47.7797898273333,90.0,59.99999999999999,13.2,139.3,78.0,12.4,68.0,601.0,14.5,210.0,d,1.0,979.0,2.1,95.0,981.0,0.0,121.0,13.2,2024-01-10T09:00:00,2024-01-10T14:00:00,1704895200.0,0.7,16.0,222.0,8.2,7.2,Light rain,r01d,500.0,4951257.0,Somerville,US,42.3876,-71.0995,MA,994971-99999,America/New_York
2024-01-10 09:15:00,-60.0,49.68090517585471,90.0,59.99999999999999,12.8,142.6,65.0,11.7,71.0,627.0,16.0,238.0,d,0.0,979.0,2.1,93.0,981.0,0.0,180.0,12.8,2024-01-10T09:15:00,2024-01-10T14:15:00,1704896100.0,0.8,16.0,224.0,8.2,7.0,Broken clouds,c03d,803.0,4951257.0,Somerville,US,42.3876,-71.0995,MA,994971-99999,America/New_York
2024-01-10 09:30:00,-60.0,51.77054289248112,90.0,59.99999999999999,12.4,145.8,52.0,10.8,75.0,653.0,17.6,267.0,d,0.0,980.0,2.1,90.0,982.0,0.0,232.0,12.4,2024-01-10T09:30:00,2024-01-10T14:30:00,1704897000.0,1.0,10.0,227.0,13.2,6.8,Broken clouds,c03d,803.0,4951257.0,Somerville,US,42.3876,-71.0995,MA,994971-99999,America/New_York
2024-01-10 09:45:00,-55.75071762121068,53.91229168608762,90.00000085377364,55.75071762121069,12.0,149.1,40.0,10.1,78.0,679.0,19.2,295.0,d,0.0,980.0,2.1,88.0,982.0,0.0,274.0,12.0,2024-01-10T09:45:00,2024-01-10T14:45:00,1704897900.0,1.2,16.0,230.0,12.8,6.6,Scattered clouds,c02d,802.0,4951257.0,Somerville,US,42.3876,-71.0995,MA,994971-99999,America/New_York
2024-01-10 10:00:00,-50.83451585503577,55.937196760126845,90.0,50.83451585503577,11.6,152.4,27.0,9.3,82.0,706.0,20.7,324.0,d,0.0,981.0,2.1,86.0,983.0,0.0,321.0,11.6,2024-01-10T10:00:00,2024-01-10T15:00:00,1704898800.0,1.5,16.0,232.0,8.7,6.4,Scattered clouds,c02d,802.0,4951257.0,Somerville,US,42.3876,-71.0995,MA,994971-99999,America/New_York
2024-01-10 10:15:00,-45.485033440336004,57.81896220990583,90.0,45.485033440336004,11.6,156.0,33.0,9.0,83.0,718.0,21.7,342.0,d,0.0,981.0,2.1,84.0,983.0,0.0,335.0,11.6,2024-01-10T10:15:00,2024-01-10T15:15:00,1704899700.0,1.5,16.0,235.0,8.7,6.4,Scattered clouds,c02d,802.0,4951257.0,Somerville,US,42.3876,-71.0995,MA,994971-99999,America/New_York
2024-01-10 10:30:00,-39.66104740224561,59.52780294889819,90.0,39.66104740224561,11.6,159.6,38.0,8.8,85.0,730.0,22.7,360.0,d,0.0,981.0,2.1,83.0,983.0,0.0,348.0,11.6,2024-01-10T10:30:00,2024-01-10T15:30:00,1704900600.0,1.5,16.0,238.0,12.4,6.4,Scattered clouds,c02d,802.0,4951257.0,Somerville,US,42.3876,-71.0995,MA,994971-99999,America/New_York
2024-01-10 10:45:00,-33.33562784518954,61.03020985692952,90.0,33.335627845189535,11.6,163.2,44.0,8.6,87.0,742.0,23.6,378.0,d,0.0,981.0,2.1,82.0,983.0,0.0,357.0,11.6,2024-01-10T10:45:00,2024-01-10T15:45:00,1704901500.0,1.4,16.0,241.0,12.4,6.4,Broken clouds,c03d,803.0,4951257.0,Somerville,US,42.3876,-71.0995,MA,994971-99999,America/New_York
2024-01-10 11:00:00,-26.50730354550859,62.29009786072149,90.0,26.507303545508588,11.6,166.8,50.0,8.3,89.0,754.0,24.6,396.0,d,0.0,981.0,2.1,80.0,983.0,0.0,362.0,11.6,2024-01-10T11:00:00,2024-01-10T16:00:00,1704902400.0,1.4,16.0,244.0,12.4,6.4,Broken clouds,c03d,803.0,4951257.0,Somerville,US,42.3876,-71.0995,MA,994971-99999,America/New_York
2024-01-10 11:15:00,-19.212406803824987,63.27111140937398,90.0,19.212406803824976,11.5,170.7,62.0,7.8,89.0,757.0,24.9,401.0,d,0.0,981.0,2.1,78.0,983.0,0.0,330.0,11.5,2024-01-10T11:15:00,2024-01-10T16:15:00,1704903300.0,1.3,16.0,244.0,12.7,6.5,Broken clouds,c03d,803.0,4951257.0,Somerville,US,42.3876,-71.0995,MA,994971-99999,America/New_York
2024-01-10 11:30:00,-11.534669600626751,63.940183052473955,90.0,11.534669600626744,11.5,174.5,74.0,7.2,90.0,760.0,25.1,406.0,d,0.0,981.0,2.1,75.0,983.0,0.0,275.0,11.5,2024-01-10T11:30:00,2024-01-10T16:30:00,1704904200.0,1.1,16.0,244.0,13.0,6.6,Overcast clouds,c04d,804.0,4951257.0,Somerville,US,42.3876,-71.0995,MA,994971-99999,America/New_York
2024-01-10 11:45:00,-3.606412440365023,64.27192465930727,90.00000526301422,3.606412440365038,11.4,178.3,86.0,6.5,90.0,763.0,25.4,410.0,d,0.0,982.0,2.1,72.0,984.0,0.0,189.0,11.4,2024-01-10T11:45:00,2024-01-10T16:45:00,1704905100.0,0.9,16.0,244.0,13.3,6.7,Overcast clouds,c04d,804.0,4951257.0,Somerville,US,42.3876,-71.0995,MA,994971-99999,America/New_York
2024-01-10 12:00:00,4.4032029979679495,64.25278189026737,269.99999355415036,4.403202997967977,11.3,182.2,98.0,6.1,91.0,766.0,25.7,415.0,d,0.0,982.0,2.1,70.0,984.0,0.0,157.0,11.3,2024-01-10T12:00:00,2024-01-10T17:00:00,1704906000.0,0.7,16.0,244.0,13.6,6.8,Overcast clouds,c04d,804.0,4951257.0,Somerville,US,42.3876,-71.0995,MA,994971-99999,America/New_York
2024-01-10 12:15:00,12.312155482467736,63.883536671008144,270.0,12.312155482467736,11.3,186.0,92.0,5.8,90.0,761.0,25.2,407.0,d,0.0,982.0,2.1,69.0,984.0,0.0,131.0,11.3,2024-01-10T12:15:00,2024-01-10T17:15:00,1704906900.0,0.8,16.0,245.0,8.2,7.0,Overcast clouds,c04d,804.0,4951257.0,Somerville,US,42.3876,-71.0995,MA,994971-99999,America/New_York
2024-01-10 12:30:00,19.954261493554775,63.17915449096911,270.0,19.954261493554768,11.2,189.8,85.0,5.5,89.0,755.0,24.7,398.0,d,0.0,982.0,2.1,68.0,984.0,0.0,192.0,11.2,2024-01-10T12:30:00,2024-01-10T17:30:00,1704907800.0,0.9,16.0,246.0,13.6,7.2,Overcast clouds,c04d,804.0,4951257.0,Somerville,US,42.3876,-71.0995,MA,994971-99999,America/New_York
2024-01-10 12:45:00,27.20209703315028,62.16604590488651,270.0,27.202097033150277,11.2,193.5,78.0,5.5,88.0,750.0,24.3,389.0,d,0.0,983.0,2.1,68.0,985.0,0.0,239.0,11.2,2024-01-10T12:45:00,2024-01-10T17:45:00,1704908700.0,1.0,16.0,247.0,13.6,7.4,Overcast clouds,c04d,804.0,4951257.0,Somerville,US,42.3876,-71.0995,MA,994971-99999,America/New_York
2024-01-10 13:00:00,33.97726838653757,60.8778193066461,270.0,33.97726838653757,11.1,197.3,72.0,5.2,87.0,745.0,23.8,381.0,d,0.0,983.0,2.1,67.0,985.0,0.0,269.0,11.1,2024-01-10T13:00:00,2024-01-10T18:00:00,1704909600.0,1.1,16.0,248.0,10.8,7.6,Overcast clouds,c04d,804.0,4951257.0,Somerville,US,42.3876,-71.0995,MA,994971-99999,America/New_York
2024-01-10 13:15:00,40.248050209695315,59.350938145643134,269.9999987925817,40.24805020969532,10.8,200.9,66.0,4.7,85.0,730.0,22.6,360.0,d,0.0,983.0,2.1,66.0,985.0,0.0,281.0,10.8,2024-01-10T13:15:00,2024-01-10T18:15:00,1704910500.0,1.1,16.0,248.0,10.8,7.4,Broken clouds,c03d,803.0,4951257.0,Somerville,US,42.3876,-71.0995,MA,994971-99999,America/New_York
2024-01-10 13:30:00,46.019239322164665,57.62129162635934,270.0,46.019239322164665,10.4,204.4,61.0,4.4,83.0,714.0,21.5,338.0,d,1.0,984.0,2.1,66.0,986.0,0.0,281.0,10.4,2024-01-10T13:30:00,2024-01-10T18:30:00,1704911400.0,1.1,16.0,249.0,13.2,7.2,Light rain,r01d,500.0,4951257.0,Somerville,US,42.3876,-71.0995,MA,994971-99999,America/New_York
2024-01-10 13:45:00,51.31979083102315,55.72201628828351,270.0,51.31979083102315,10.1,207.9,56.0,4.1,81.0,699.0,20.3,317.0,d,0.0,984.0,2.1,66.0,986.0,0.0,277.0,10.1,2024-01-10T13:45:00,2024-01-10T18:45:00,1704912300.0,1.1,16.0,250.0,13.0,7.0,Broken clouds,c03d,803.0,4951257.0,Somerville,US,42.3876,-71.0995,MA,994971-99999,America/New_York
2024-01-10 14:00:00,56.191912195859615,53.682462741965466,270.0,56.191912195859615,9.8,211.5,50.0,3.5,78.0,684.0,19.2,296.0,d,0.0,984.0,2.1,65.0,986.0,0.0,271.0,9.8,2024-01-10T14:00:00,2024-01-10T19:00:00,1704913200.0,1.1,10.0,250.0,12.8,6.8,Broken clouds,c03d,803.0,4951257.0,Somerville,US,42.3876,-71.0995,MA,994971-99999,America/New_York
2024-01-10 14:15:00,60.0,51.531184469871505,270.0,59.99999999999999,9.9,214.6,38.0,3.4,74.0,652.0,17.5,265.0,d,0.0,985.0,2.1,64.0,987.0,0.0,256.0,9.9,2024-01-10T14:15:00,2024-01-10T19:15:00,1704914100.0,1.2,16.0,250.0,12.9,6.6,Scattered clouds,c02d,802.0,4951257.0,Somerville,US,42.3876,-71.0995,MA,994971-99999,America/New_York
2024-01-10 14:30:00,60.0,49.455660784912936,270.0,59.99999999999999,10.0,217.8,25.0,3.1,70.0,619.0,15.8,235.0,d,0.0,985.0,2.1,62.0,987.0,0.0,233.0,10.0,2024-01-10T14:30:00,2024-01-10T19:30:00,1704915000.0,1.3,16.0,250.0,12.0,6.4,Scattered clouds,c02d,802.0,4951257.0,Somerville,US,42.3876,-71.0995,MA,994971-99999,America/New_York
2024-01-10 14:45:00,60.0,47.57070151494858,270.0,59.99999999999999,10.1,220.9,12.0,2.9,66.0,587.0,14.1,204.0,d,0.0,986.0,2.1,61.0,988.0,0.0,204.0,10.1,2024-01-10T14:45:00,2024-01-10T19:45:00,1704915900.0,1.3,16.0,250.0,11.6,6.2,Few clouds,c02d,801.0,4951257.0,Somerville,US,42.3876,-71.0995,MA,994971-99999,America/New_York
2024-01-10 15:00:00,60.0,45.89936369594867,270.0,59.99999999999999,10.2,224.1,0.0,2.8,62.0,555.0,12.4,173.0,d,0.0,986.0,2.1,60.0,988.0,0.0,173.0,10.2,2024-01-10T15:00:00,2024-01-10T20:00:00,1704916800.0,1.4,16.0,250.0,11.2,6.0,Clear Sky,c01d,800.0,4951257.0,Somerville,US,42.3876,-71.0995,MA,994971-99999,America/New_York
2024-01-10 15:15:00,45.31686118259671,50.252884373310124,270.0,45.31686118259671,10.2,226.9,0.0,2.8,54.0,479.0,10.3,139.0,d,0.0,987.0,2.1,60.0,989.0,0.0,139.0,10.2,2024-01-10T15:15:00,2024-01-10T20:15:00,1704917700.0,1.3,16.0,248.0,9.3,6.1,Clear Sky,c01d,800.0,4951257.0,Somerville,US,42.3876,-71.0995,MA,994971-99999,America/New_York
2024-01-10 15:30:00,31.04773697150722,58.943418904214255,270.0,31.04773697150722,10.1,229.7,0.0,2.7,46.0,403.0,8.2,106.0,d,0.0,987.0,2.1,60.0,989.0,0.0,106.0,10.1,2024-01-10T15:30:00,2024-01-10T20:30:00,1704918600.0,1.3,16.0,247.0,11.4,6.2,Clear Sky,c01d,800.0,4951257.0,Somerville,US,42.3876,-71.0995,MA,994971-99999,America/New_York
2024-01-10 15:45:00,21.089687393449537,67.22663658622055,269.99999914622634,21.08968739344954,10.1,232.5,1.0,2.9,39.0,327.0,6.1,72.0,d,0.0,988.0,2.1,61.0,990.0,0.0,72.0,10.1,2024-01-10T15:45:00,2024-01-10T20:45:00,1704919500.0,1.3,16.0,246.0,11.5,6.3,Clear Sky,c01d,800.0,4951257.0,Somerville,US,42.3876,-71.0995,MA,994971-99999,America/New_York
2024-01-10 16:00:00,12.944457560615191,75.26672032263487,269.9999987925817,12.944457560615195,10.1,235.3,1.0,2.9,31.0,250.0,4.0,39.0,d,0.0,988.0,2.1,61.0,990.0,0.0,39.0,10.1,2024-01-10T16:00:00,2024-01-10T21:00:00,1704920400.0,1.2,16.0,244.0,11.6,6.4,Clear Sky,c01n,800.0,4951257.0,Somerville,US,42.3876,-71.0995,MA,994971-99999,America/New_York
2024-01-10 16:15:00,5.847518058673373,83.08440443756881,269.99999414682276,5.847518058673403,9.8,237.8,1.0,2.7,23.0,188.0,1.6,29.0,d,0.0,989.0,2.1,61.0,991.0,0.0,29.0,9.8,2024-01-10T16:15:00,2024-01-10T21:15:00,1704921300.0,1.2,16.0,244.0,11.7,6.5,Clear Sky,c01n,800.0,4951257.0,Somerville,US,42.3876,-71.0995,MA,994971-99999,America/New_York
2024-01-10 16:30:00,,,,,9.6,240.3,2.0,2.4,15.0,125.0,-0.8,19.0,d,0.0,989.0,2.1,61.0,991.0,0.0,19.0,9.6,2024-01-10T16:30:00,2024-01-10T21:30:00,1704922200.0,0.0,16.0,243.0,11.8,6.6,Few clouds,c02n,801.0,4951257.0,Somerville,US,42.3876,-71.0995,MA,994971-99999,America/New_York
2024-01-10 16:45:00,,,,,9.3,242.8,2.0,2.1,8.0,63.0,-3.2,10.0,d,0.0,990.0,2.1,61.0,992.0,0.0,10.0,9.3,2024-01-10T16:45:00,2024-01-10T21:45:00,1704923100.0,0.0,16.0,242.0,11.9,6.7,Few clouds,c02n,801.0,4951257.0,Somerville,US,42.3876,-71.0995,MA,994971-99999,America/New_York
2024-01-10 17:00:00,,,,,9.0,245.3,2.0,1.9,0.0,0.0,-5.6,0.0,n,0.0,990.0,2.1,61.0,992.0,0.0,0.0,9.0,2024-01-10T17:00:00,2024-01-10T22:00:00,1704924000.0,0.0,16.0,242.0,12.0,6.8,Few clouds,c02n,801.0,4951257.0,Somerville,US,42.3876,-71.0995,MA,994971-99999,America/New_York
2024-01-10 17:15:00,,,,,8.9,247.7,2.0,1.6,0.0,0.0,-8.2,0.0,n,0.0,990.0,2.1,60.0,992.0,0.0,0.0,8.9,2024-01-10T17:15:00,2024-01-10T22:15:00,1704924900.0,0.0,16.0,242.0,12.0,6.9,Few clouds,c02n,801.0,4951257.0,Somerville,US,42.3876,-71.0995,MA,994971-99999,America/New_York
2024-01-10 17:30:00,,,,,8.8,250.0,1.0,1.1,0.0,0.0,-10.8,0.0,n,0.0,991.0,2.1,58.0,993.0,0.0,0.0,8.8,2024-01-10T17:30:00,2024-01-10T22:30:00,1704925800.0,0.0,16.0,242.0,12.0,7.0,Clear Sky,c01n,800.0,4951257.0,Somerville,US,42.3876,-71.0995,MA,994971-99999,America/New_York
2024-01-10 17:45:00,,,,,8.8,252.4,0.0,0.7,0.0,0.0,-13.4,0.0,n,0.0,991.0,2.1,57.0,993.0,0.0,0.0,8.8,2024-01-10T17:45:00,2024-01-10T22:45:00,1704926700.0,0.0,16.0,242.0,12.0,7.1,Clear Sky,c01n,800.0,4951257.0,Somerville,US,42.3876,-71.0995,MA,994971-99999,America/New_York
2024-01-10 18:00:00,,,,,8.7,254.7,0.0,0.4,0.0,0.0,-16.1,0.0,n,0.0,992.0,2.1,56.0,994.0,0.0,0.0,8.7,2024-01-10T18:00:00,2024-01-10T23:00:00,1704927600.0,0.0,16.0,242.0,12.0,7.2,Clear Sky,c01n,800.0,4951257.0,Somerville,US,42.3876,-71.0995,MA,994971-99999,America/New_York
2024-01-10 18:15:00,,,,,8.6,257.1,0.0,0.3,0.0,0.0,-18.8,0.0,n,0.0,992.0,2.1,56.0,994.0,0.0,0.0,8.6,2024-01-10T18:15:00,2024-01-10T23:15:00,1704928500.0,0.0,16.0,242.0,11.9,7.1,Clear Sky,c01n,800.0,4951257.0,Somerville,US,42.3876,-71.0995,MA,994971-99999,America/New_York
2024-01-10 18:30:00,,,,,8.5,259.4,0.0,0.5,0.0,0.0,-21.5,0.0,n,0.0,992.0,2.1,57.0,994.0,0.0,0.0,8.5,2024-01-10T18:30:00,2024-01-10T23:30:00,1704929400.0,0.0,16.0,241.0,11.8,7.0,Clear Sky,c01n,800.0,4951257.0,Somerville,US,42.3876,-71.0995,MA,994971-99999,America/New_York
2024-01-10 18:45:00,,,,,8.4,261.7,0.0,0.6,0.0,0.0,-24.2,0.0,n,0.0,993.0,2.1,58.0,995.0,0.0,0.0,8.4,2024-01-10T18:45:00,2024-01-10T23:45:00,1704930300.0,0.0,16.0,240.0,11.7,6.9,Clear Sky,c01n,800.0,4951257.0,Somerville,US,42.3876,-71.0995,MA,994971-99999,America/New_York
2024-01-10 19:00:00,,,,,8.3,264.1,0.0,0.5,0.0,0.0,-26.9,0.0,n,0.0,993.0,2.1,58.0,995.0,0.0,0.0,8.3,2024-01-10T19:00:00,2024-01-11T00:00:00,1704931200.0,0.0,16.0,240.0,11.6,6.8,Clear Sky,c01n,800.0,4951257.0,Somerville,US,42.3876,-71.0995,MA,994971-99999,America/New_York
2024-01-10 19:15:00,,,,,8.2,266.6,0.0,0.4,0.0,0.0,-29.7,0.0,n,0.0,993.0,2.1,58.0,995.0,0.0,0.0,8.2,2024-01-10T19:15:00,2024-01-11T00:15:00,1704932100.0,0.0,16.0,240.0,11.6,6.7,Clear Sky,c01n,800.0,4951257.0,Somerville,US,42.3876,-71.0995,MA,994971-99999,America/New_York
2024-01-10 19:30:00,,,,,8.0,269.1,0.0,0.3,0.0,0.0,-32.5,0.0,n,0.0,993.0,2.1,58.0,995.0,0.0,0.0,8.0,2024-01-10T19:30:00,2024-01-11T00:30:00,1704933000.0,0.0,16.0,240.0,11.6,6.6,Clear Sky,c01n,800.0,4951257.0,Somerville,US,42.3876,-71.0995,MA,994971-99999,America/New_York
2024-01-10 19:45:00,,,,,7.8,271.6,0.0,0.3,0.0,0.0,-35.2,0.0,n,0.0,994.0,2.1,59.0,996.0,0.0,0.0,7.8,2024-01-10T19:45:00,2024-01-11T00:45:00,1704933900.0,0.0,16.0,240.0,11.6,6.5,Clear Sky,c01n,800.0,4951257.0,Somerville,US,42.3876,-71.0995,MA,994971-99999,America/New_York
2024-01-10 20:00:00,,,,,7.7,274.1,0.0,0.2,0.0,0.0,-38.0,0.0,n,0.0,994.0,2.1,59.0,996.0,0.0,0.0,7.7,2024-01-10T20:00:00,2024-01-11T01:00:00,1704934800.0,0.0,16.0,240.0,11.6,6.4,Clear Sky,c01n,800.0,4951257.0,Somerville,US,42.3876,-71.0995,MA,994971-99999,America/New_York
2024-01-10 20:15:00,,,,,7.7,277.1,0.0,0.5,0.0,0.0,-40.7,0.0,n,0.0,994.0,2.1,60.0,996.0,0.0,0.0,7.7,2024-01-10T20:15:00,2024-01-11T01:15:00,1704935700.0,0.0,16.0,240.0,7.7,6.4,Clear Sky,c01n,800.0,4951257.0,Somerville,US,42.3876,-71.0995,MA,994971-99999,America/New_York
2024-01-10 20:30:00,,,,,7.8,280.1,0.0,0.5,0.0,0.0,-43.4,0.0,n,0.0,994.0,2.1,60.0,996.0,0.0,0.0,7.8,2024-01-10T20:30:00,2024-01-11T01:30:00,1704936600.0,0.0,16.0,241.0,11.0,6.4,Clear Sky,c01n,800.0,4951257.0,Somerville,US,42.3876,-71.0995,MA,994971-99999,America/New_York
2024-01-10 20:45:00,,,,,7.8,283.1,0.0,0.7,0.0,0.0,-46.2,0.0,n,0.0,995.0,2.1,61.0,997.0,0.0,0.0,7.8,2024-01-10T20:45:00,2024-01-11T01:45:00,1704937500.0,0.0,16.0,242.0,10.7,6.4,Clear Sky,c01n,800.0,4951257.0,Somerville,US,42.3876,-71.0995,MA,994971-99999,America/New_York
2024-01-10 21:00:00,,,,,7.8,286.1,0.0,1.0,0.0,0.0,-48.9,0.0,n,0.0,995.0,2.1,62.0,997.0,0.0,0.0,7.8,2024-01-10T21:00:00,2024-01-11T02:00:00,1704938400.0,0.0,16.0,242.0,10.4,6.4,Clear Sky,c01n,800.0,4951257.0,Somerville,US,42.3876,-71.0995,MA,994971-99999,America/New_York
2024-01-10 21:15:00,,,,,7.8,290.2,0.0,0.9,0.0,0.0,-51.4,0.0,n,0.0,995.0,2.1,62.0,997.0,0.0,0.0,7.8,2024-01-10T21:15:00,2024-01-11T02:15:00,1704939300.0,0.0,16.0,242.0,10.3,6.2,Clear Sky,c01n,800.0,4951257.0,Somerville,US,42.3876,-71.0995,MA,994971-99999,America/New_York
2024-01-10 21:30:00,,,,,7.7,294.3,0.0,1.1,0.0,0.0,-53.9,0.0,n,0.0,995.0,2.1,63.0,997.0,0.0,0.0,7.7,2024-01-10T21:30:00,2024-01-11T02:30:00,1704940200.0,0.0,16.0,243.0,10.2,6.0,Clear Sky,c01n,800.0,4951257.0,Somerville,US,42.3876,-71.0995,MA,994971-99999,America/New_York
2024-01-10 21:45:00,,,,,7.7,298.4,0.0,1.3,0.0,0.0,-56.5,0.0,n,0.0,995.0,2.1,64.0,997.0,0.0,0.0,7.7,2024-01-10T21:45:00,2024-01-11T02:45:00,1704941100.0,0.0,16.0,244.0,10.1,5.8,Clear Sky,c01n,800.0,4951257.0,Somerville,US,42.3876,-71.0995,MA,994971-99999,America/New_York
2024-01-10 22:00:00,,,,,7.6,302.5,0.0,1.2,0.0,0.0,-59.0,0.0,n,0.0,996.0,2.1,64.0,998.0,0.0,0.0,7.6,2024-01-10T22:00:00,2024-01-11T03:00:00,1704942000.0,0.0,16.0,244.0,10.0,5.6,Clear Sky,c01n,800.0,4951257.0,Somerville,US,42.3876,-71.0995,MA,994971-99999,America/New_York
2024-01-10 22:15:00,,,,,7.6,308.9,0.0,1.2,0.0,0.0,-61.0,0.0,n,0.0,996.0,2.1,64.0,998.0,0.0,0.0,7.6,2024-01-10T22:15:00,2024-01-11T03:15:00,1704942900.0,0.0,16.0,246.0,9.9,5.5,Clear Sky,c01n,800.0,4951257.0,Somerville,US,42.3876,-71.0995,MA,994971-99999,America/New_York
2024-01-10 22:30:00,,,,,7.5,315.3,0.0,1.2,0.0,0.0,-62.9,0.0,n,0.0,996.0,2.1,64.0,998.0,0.0,0.0,7.5,2024-01-10T22:30:00,2024-01-11T03:30:00,1704943800.0,0.0,16.0,247.0,9.8,5.4,Clear Sky,c01n,800.0,4951257.0,Somerville,US,42.3876,-71.0995,MA,994971-99999,America/New_York
2024-01-10 22:45:00,,,,,7.5,321.7,1.0,1.2,0.0,0.0,-64.9,0.0,n,0.0,996.0,2.1,64.0,998.0,0.0,0.0,7.5,2024-01-10T22:45:00,2024-01-11T03:45:00,1704944700.0,0.0,16.0,248.0,9.7,5.3,Clear Sky,c01n,800.0,4951257.0,Somerville,US,42.3876,-71.0995,MA,994971-99999,America/New_York
2024-01-10 23:00:00,,,,,7.5,328.1,1.0,1.1,0.0,0.0,-66.9,0.0,n,0.0,997.0,2.1,64.0,999.0,0.0,0.0,7.5,2024-01-10T23:00:00,2024-01-11T04:00:00,1704945600.0,0.0,16.0,250.0,9.6,5.2,Clear Sky,c01n,800.0,4951257.0,Somerville,US,42.3876,-71.0995,MA,994971-99999,America/New_York
2024-01-10 23:15:00,,,,,7.5,247.4,1.0,1.1,0.0,0.0,-67.5,0.0,n,0.0,997.0,2.1,64.0,999.0,0.0,0.0,7.5,2024-01-10T23:15:00,2024-01-11T04:15:00,1704946500.0,0.0,16.0,251.0,9.6,5.2,Clear Sky,c01n,800.0,4951257.0,Somerville,US,42.3876,-71.0995,MA,994971-99999,America/New_York
2024-01-10 23:30:00,,,,,7.4,166.8,0.0,0.8,0.0,0.0,-68.2,0.0,n,0.0,997.0,2.1,63.0,999.0,0.0,0.0,7.4,2024-01-10T23:30:00,2024-01-11T04:30:00,1704947400.0,0.0,16.0,252.0,9.6,5.2,Clear Sky,c01n,800.0,4951257.0,Somerville,US,42.3876,-71.0995,MA,994971-99999,America/New_York
2024-01-10 23:45:00,,,,,7.3,86.1,0.0,0.6,0.0,0.0,-68.8,0.0,n,0.0,997.0,2.1,62.0,999.0,0.0,0.0,7.3,2024-01-10T23:45:00,2024-01-11T04:45:00,1704948300.0,0.0,16.0,253.0,9.6,5.2,Clear Sky,c01n,800.0,4951257.0,Somerville,US,42.3876,-71.0995,MA,994971-99999,America/New_York
2024-01-11 00:00:00,,,,,7.3,5.4,0.0,0.5,0.0,0.0,-69.5,0.0,n,0.0,997.0,2.1,62.0,999.0,0.0,0.0,7.3,2024-01-11T00:00:00,2024-01-11T05:00:00,1704949200.0,0.0,16.0,254.0,9.6,5.2,Clear Sky,c01n,800.0,4951257.0,Somerville,US,42.3876,-71.0995,MA,994971-99999,America/New_York
2024-01-11 00:15:00,,,,,4.0,14.1,0.0,0.2,0.0,0.0,-68.4,0.0,n,0.0,998.0,2.1,61.0,1000.0,0.0,0.0,7.2,2024-01-11T00:15:00,2024-01-11T05:15:00,1704950100.0,0.0,16.0,254.0,9.6,5.3,Clear Sky,c01n,800.0,4951257.0,Somerville,US,42.3876,-71.0995,MA,994971-99999,America/New_York
2024-01-11 00:30:00,,,,,3.8,22.8,0.0,-0.1,0.0,0.0,-67.3,0.0,n,0.0,998.0,2.1,60.0,1000.0,0.0,0.0,7.1,2024-01-11T00:30:00,2024-01-11T05:30:00,1704951000.0,0.0,16.0,255.0,9.6,5.4,Clear Sky,c01n,800.0,4951257.0,Somerville,US,42.3876,-71.0995,MA,994971-99999,America/New_York
2024-01-11 00:45:00,,,,,3.6,31.5,0.0,-0.2,0.0,0.0,-66.2,0.0,n,0.0,998.0,2.1,60.0,1000.0,0.0,0.0,7.0,2024-01-11T00:45:00,2024-01-11T05:45:00,1704951900.0,0.0,16.0,256.0,9.6,5.5,Clear Sky,c01n,800.0,4951257.0,Somerville,US,42.3876,-71.0995,MA,994971-99999,America/New_York
2024-01-11 01:00:00,,,,,3.5,40.2,0.0,-0.5,0.0,0.0,-65.1,0.0,n,0.0,998.0,2.1,59.0,1000.0,0.0,0.0,6.9,2024-01-11T01:00:00,2024-01-11T06:00:00,1704952800.0,0.0,16.0,256.0,9.6,5.6,Clear Sky,c01n,800.0,4951257.0,Somerville,US,42.3876,-71.0995,MA,994971-99999,America/New_York
2024-01-11 01:15:00,,,,,3.3,45.8,0.0,-0.7,0.0,0.0,-62.9,0.0,n,0.0,999.0,2.1,59.0,1001.0,0.0,0.0,6.8,2024-01-11T01:15:00,2024-01-11T06:15:00,1704953700.0,0.0,16.0,258.0,9.5,5.5,Clear Sky,c01n,800.0,4951257.0,Somerville,US,42.3876,-71.0995,MA,994971-99999,America/New_York
2024-01-11 01:30:00,,,,,3.2,51.4,1.0,-0.8,0.0,0.0,-60.7,0.0,n,0.0,999.0,2.1,59.0,1001.0,0.0,0.0,6.6,2024-01-11T01:30:00,2024-01-11T06:30:00,1704954600.0,0.0,16.0,259.0,9.4,5.4,Clear Sky,c01n,800.0,4951257.0,Somerville,US,42.3876,-71.0995,MA,994971-99999,America/New_York
2024-01-11 01:45:00,,,,,3.0,57.0,2.0,-1.0,0.0,0.0,-58.5,0.0,n,0.0,999.0,2.1,59.0,1001.0,0.0,0.0,6.5,2024-01-11T01:45:00,2024-01-11T06:45:00,1704955500.0,0.0,16.0,260.0,9.3,5.3,Few clouds,c02n,801.0,4951257.0,Somerville,US,42.3876,-71.0995,MA,994971-99999,America/New_York
2024-01-11 02:00:00,,,,,2.9,62.7,2.0,-1.1,0.0,0.0,-56.3,0.0,n,0.0,1000.0,2.1,59.0,1002.0,0.0,0.0,6.3,2024-01-11T02:00:00,2024-01-11T07:00:00,1704956400.0,0.0,16.0,262.0,11.3,5.2,Few clouds,c02n,801.0,4951257.0,Somerville,US,42.3876,-71.0995,MA,994971-99999,America/New_York
2024-01-11 02:15:00,,,,,2.7,66.4,2.0,-1.2,0.0,0.0,-53.7,0.0,n,0.0,1000.0,2.1,59.0,1002.0,0.0,0.0,6.2,2024-01-11T02:15:00,2024-01-11T07:15:00,1704957300.0,0.0,16.0,262.0,9.1,5.2,Few clouds,c02n,801.0,4951257.0,Somerville,US,42.3876,-71.0995,MA,994971-99999,America/New_York
2024-01-11 02:30:00,,,,,2.6,70.1,2.0,-1.1,0.0,0.0,-51.1,0.0,n,0.0,1000.0,2.1,60.0,1002.0,0.0,0.0,6.0,2024-01-11T02:30:00,2024-01-11T07:30:00,1704958200.0,0.0,16.0,262.0,9.0,5.2,Few clouds,c02n,801.0,4951257.0,Somerville,US,42.3876,-71.0995,MA,994971-99999,America/New_York
2024-01-11 02:45:00,,,,,2.4,73.8,1.0,-1.2,0.0,0.0,-48.5,0.0,n,0.0,1000.0,2.1,60.0,1002.0,0.0,0.0,5.9,2024-01-11T02:45:00,2024-01-11T07:45:00,1704959100.0,0.0,16.0,262.0,8.9,5.2,Clear Sky,c01n,800.0,4951257.0,Somerville,US,42.3876,-71.0995,MA,994971-99999,America/New_York
2024-01-11 03:00:00,,,,,2.2,77.5,1.0,-1.4,0.0,0.0,-45.9,0.0,n,0.0,1000.0,2.1,60.0,1002.0,0.0,0.0,5.8,2024-01-11T03:00:00,2024-01-11T08:00:00,1704960000.0,0.0,16.0,262.0,9.3,5.2,Clear Sky,c01n,800.0,4951257.0,Somerville,US,42.3876,-71.0995,MA,994971-99999,America/New_York
2024-01-11 03:15:00,,,,,2.1,80.3,1.0,-1.5,0.0,0.0,-43.2,0.0,n,0.0,1001.0,2.1,60.0,1003.0,0.0,0.0,5.7,2024-01-11T03:15:00,2024-01-11T08:15:00,1704960900.0,0.0,16.0,262.0,11.8,5.2,Clear Sky,c01n,800.0,4951257.0,Somerville,US,42.3876,-71.0995,MA,994971-99999,America/New_York
2024-01-11 03:30:00,,,,,1.9,83.1,1.0,-1.6,0.0,0.0,-40.4,0.0,n,0.0,1001.0,2.1,60.0,1003.0,0.0,0.0,5.5,2024-01-11T03:30:00,2024-01-11T08:30:00,1704961800.0,0.0,16.0,262.0,8.8,5.2,Clear Sky,c01n,800.0,4951257.0,Somerville,US,42.3876,-71.0995,MA,994971-99999,America/New_York
2024-01-11 03:45:00,,,,,1.8,85.9,1.0,-1.7,0.0,0.0,-37.7,0.0,n,0.0,1001.0,2.1,60.0,1003.0,0.0,0.0,5.4,2024-01-11T03:45:00,2024-01-11T08:45:00,1704962700.0,0.0,16.0,262.0,8.8,5.2,Clear Sky,c01n,800.0,4951257.0,Somerville,US,42.3876,-71.0995,MA,994971-99999,America/New_York
2024-01-11 04:00:00,,,,,1.6,88.7,1.0,-1.8,0.0,0.0,-34.9,0.0,n,0.0,1001.0,2.1,60.0,1003.0,0.0,0.0,5.3,2024-01-11T04:00:00,2024-01-11T09:00:00,1704963600.0,0.0,16.0,262.0,8.8,5.2,Clear Sky,c01n,800.0,4951257.0,Somerville,US,42.3876,-71.0995,MA,994971-99999,America/New_York
2024-01-11 04:15:00,,,,,1.6,91.2,7.0,-1.9,0.0,0.0,-32.2,0.0,n,0.0,1002.0,2.1,60.0,1004.0,0.0,0.0,5.2,2024-01-11T04:15:00,2024-01-11T09:15:00,1704964500.0,0.0,16.0,264.0,8.7,5.1,Few clouds,c02n,801.0,4951257.0,Somerville,US,42.3876,-71.0995,MA,994971-99999,America/New_York
2024-01-11 04:30:00,,,,,1.5,93.6,13.0,-2.2,0.0,0.0,-29.4,0.0,n,0.0,1002.0,2.1,59.0,1004.0,0.0,0.0,5.2,2024-01-11T04:30:00,2024-01-11T09:30:00,1704965400.0,0.0,16.0,266.0,8.6,5.0,Few clouds,c02n,801.0,4951257.0,Somerville,US,42.3876,-71.0995,MA,994971-99999,America/New_York
2024-01-11 04:45:00,,,,,1.5,96.0,19.0,-2.5,0.0,0.0,-26.6,0.0,n,0.0,1002.0,2.1,58.0,1004.0,0.0,0.0,5.1,2024-01-11T04:45:00,2024-01-11T09:45:00,1704966300.0,0.0,16.0,268.0,8.5,4.9,Few clouds,c02n,801.0,4951257.0,Somerville,US,42.3876,-71.0995,MA,994971-99999,America/New_York
2024-01-11 05:00:00,,,,,1.4,98.5,25.0,-2.6,0.0,0.0,-23.9,0.0,n,0.0,1002.0,2.1,58.0,1004.0,0.0,0.0,5.0,2024-01-11T05:00:00,2024-01-11T10:00:00,1704967200.0,0.0,16.0,270.0,8.4,4.8,Scattered clouds,c02n,802.0,4951257.0,Somerville,US,42.3876,-71.0995,MA,994971-99999,America/New_York
2024-01-11 05:15:00,,,,,1.4,100.8,19.0,-2.6,0.0,0.0,-21.2,0.0,n,0.0,1003.0,2.1,58.0,1005.0,0.0,0.0,4.9,2024-01-11T05:15:00,2024-01-11T10:15:00,1704968100.0,0.0,16.0,266.0,8.3,4.6,Few clouds,c02n,801.0,4951257.0,Somerville,US,42.3876,-71.0995,MA,994971-99999,America/New_York
2024-01-11 05:30:00,,,,,1.5,103.1,14.0,-2.5,0.0,0.0,-18.5,0.0,n,0.0,1003.0,2.1,59.0,1005.0,0.0,0.0,4.9,2024-01-11T05:30:00,2024-01-11T10:30:00,1704969000.0,0.0,16.0,262.0,8.2,4.4,Few clouds,c02n,801.0,4951257.0,Somerville,US,42.3876,-71.0995,MA,994971-99999,America/New_York
2024-01-11 05:45:00,,,,,1.5,105.4,8.0,-2.3,0.0,0.0,-15.8,0.0,n,0.0,1003.0,2.1,60.0,1005.0,0.0,0.0,4.8,2024-01-11T05:45:00,2024-01-11T10:45:00,1704969900.0,0.0,16.0,258.0,8.1,4.2,Few clouds,c02n,801.0,4951257.0,Somerville,US,42.3876,-71.0995,MA,994971-99999,America/New_York
2024-01-11 06:00:00,,,,,1.6,107.8,2.0,-2.3,0.0,0.0,-13.1,0.0,n,0.0,1003.0,2.1,60.0,1005.0,0.0,0.0,4.8,2024-01-11T06:00:00,2024-01-11T11:00:00,1704970800.0,0.0,16.0,254.0,8.0,4.0,Few clouds,c02n,801.0,4951257.0,Somerville,US,42.3876,-71.0995,MA,994971-99999,America/New_York
2024-01-11 06:15:00,,,,,1.4,110.1,2.0,-2.4,0.0,0.0,-10.5,0.0,n,0.0,1004.0,2.1,60.0,1006.0,0.0,0.0,4.7,2024-01-11T06:15:00,2024-01-11T11:15:00,1704971700.0,0.0,16.0,253.0,7.9,4.1,Few clouds,c02n,801.0,4951257.0,Somerville,US,42.3876,-71.0995,MA,994971-99999,America/New_York
2024-01-11 06:30:00,,,,,1.3,112.5,2.0,-2.5,0.0,0.0,-8.0,0.0,n,0.0,1004.0,2.1,60.0,1006.0,0.0,0.0,4.6,2024-01-11T06:30:00,2024-01-11T11:30:00,1704972600.0,0.0,16.0,252.0,7.8,4.2,Few clouds,c02n,801.0,4951257.0,Somerville,US,42.3876,-71.0995,MA,994971-99999,America/New_York
2024-01-11 06:45:00,,,,,1.1,114.9,3.0,-2.5,0.0,0.0,-5.4,0.0,n,0.0,1004.0,2.1,60.0,1006.0,0.0,0.0,4.6,2024-01-11T06:45:00,2024-01-11T11:45:00,1704973500.0,0.0,16.0,251.0,7.7,4.3,Few clouds,c02n,801.0,4951257.0,Somerville,US,42.3876,-71.0995,MA,994971-99999,America/New_York
2024-01-11 07:00:00,,,,,1.0,117.3,3.0,-2.6,0.0,0.0,-2.9,0.0,n,0.0,1004.0,2.1,60.0,1006.0,0.0,0.0,4.5,2024-01-11T07:00:00,2024-01-11T12:00:00,1704974400.0,0.0,16.0,250.0,7.6,4.4,Few clouds,c02n,801.0,4951257.0,Somerville,US,42.3876,-71.0995,MA,994971-99999,America/New_York
2024-01-11 07:15:00,-0.24600837695771816,89.7009901480316,90.0,0.2460083769574618,0.9,119.9,3.0,-2.6,11.0,93.0,-0.5,19.0,d,0.0,1005.0,2.1,60.0,1007.0,0.0,19.0,4.5,2024-01-11T07:15:00,2024-01-11T12:15:00,1704975300.0,0.0,16.0,250.0,7.6,4.5,Few clouds,c02n,801.0,4951257.0,Somerville,US,42.3876,-71.0995,MA,994971-99999,America/New_York
2024-01-11 07:30:00,-6.531223763403631,82.29000375610772,90.00000269986933,6.531223763403638,0.9,122.5,3.0,-2.6,21.0,185.0,1.8,37.0,d,0.0,1005.0,2.1,60.0,1007.0,0.0,37.0,4.5,2024-01-11T07:30:00,2024-01-11T12:30:00,1704976200.0,1.2,16.0,251.0,7.6,4.6,Few clouds,c02n,801.0,4951257.0,Somerville,US,42.3876,-71.0995,MA,994971-99999,America/New_York
2024-01-11 07:45:00,-13.726081509509442,74.42145228579685,90.00000085377364,13.726081509509443,0.8,125.0,3.0,-2.7,32.0,278.0,4.2,56.0,d,0.0,1005.0,2.1,60.0,1007.0,0.0,56.0,4.4,2024-01-11T07:45:00,2024-01-11T12:45:00,1704977100.0,1.2,16.0,252.0,7.6,4.7,Few clouds,c02d,801.0,4951257.0,Somerville,US,42.3876,-71.0995,MA,994971-99999,America/New_York
2024-01-11 08:00:00,-22.014386438300754,66.33381668089663,90.0,22.014386438300754,0.7,127.6,3.0,-2.7,42.0,370.0,6.5,75.0,d,0.0,1005.0,2.1,60.0,1007.0,0.0,75.0,4.4,2024-01-11T08:00:00,2024-01-11T13:00:00,1704978000.0,1.2,16.0,252.0,7.6,4.8,Few clouds,c02d,801.0,4951257.0,Somerville,US,42.3876,-71.0995,MA,994971-99999,America/New_York
2024-01-11 08:15:00,-32.25054418543931,57.98571397581195,90.0,32.25054418543931,0.8,130.5,3.0,-2.6,49.0,428.0,8.5,109.0,d,0.0,1005.0,2.1,60.0,1007.0,0.0,109.0,4.5,2024-01-11T08:15:00,2024-01-11T13:15:00,1704978900.0,1.3,16.0,252.0,8.7,4.7,Few clouds,c02d,801.0,4951257.0,Somerville,US,42.3876,-71.0995,MA,994971-99999,America/New_York
2024-01-11 08:30:00,-47.36648461323757,49.19476899178008,90.0,47.36648461323757,0.9,133.4,3.0,-2.8,55.0,486.0,10.5,143.0,d,0.0,1006.0,2.1,59.0,1008.0,0.0,143.0,4.5,2024-01-11T08:30:00,2024-01-11T13:30:00,1704979800.0,1.3,16.0,252.0,7.6,4.6,Few clouds,c02d,801.0,4951257.0,Somerville,US,42.3876,-71.0995,MA,994971-99999,America/New_York
2024-01-11 08:45:00,-60.0,45.91278697237801,90.0,59.99999999999999,1.0,136.3,3.0,-3.0,61.0,544.0,12.5,177.0,d,0.0,1006.0,2.1,58.0,1008.0,0.0,177.0,4.5,2024-01-11T08:45:00,2024-01-11T13:45:00,1704980700.0,1.4,16.0,252.0,7.6,4.5,Few clouds,c02d,801.0,4951257.0,Somerville,US,42.3876,-71.0995,MA,994971-99999,America/New_York
2024-01-11 09:00:00,-60.0,47.60174559223606,90.0,59.99999999999999,1.1,139.2,3.0,-2.9,68.0,602.0,14.6,211.0,d,0.0,1006.0,2.1,58.0,1008.0,0.0,211.0,4.6,2024-01-11T09:00:00,2024-01-11T14:00:00,1704981600.0,1.4,16.0,252.0,7.6,4.4,Few clouds,c02d,801.0,4951257.0,Somerville,US,42.3876,-71.0995,MA,994971-99999,America/New_York
2024-01-11 09:15:00,-60.0,49.50309532485519,90.0,59.99999999999999,1.1,142.4,3.0,-2.9,71.0,628.0,16.1,240.0,d,0.0,1006.0,2.1,58.0,1008.0,0.0,240.0,4.6,2024-01-11T09:15:00,2024-01-11T14:15:00,1704982500.0,1.5,16.0,252.0,8.7,4.6,Few clouds,c02d,801.0,4951257.0,Somerville,US,42.3876,-71.0995,MA,994971-99999,America/New_York
2024-01-11 09:30:00,-60.0,51.59372204209282,90.0,59.99999999999999,1.0,145.7,3.0,-2.9,75.0,655.0,17.7,269.0,d,0.0,1006.0,2.1,58.0,1008.0,0.0,269.0,4.7,2024-01-11T09:30:00,2024-01-11T14:30:00,1704983400.0,1.6,16.0,252.0,8.2,4.8,Few clouds,c02d,801.0,4951257.0,Somerville,US,42.3876,-71.0995,MA,994971-99999,America/New_York
2024-01-11 09:45:00,-55.72323559233909,53.73480078322906,90.00000085377364,55.723235592339094,0.9,149.0,3.0,-3.1,78.0,681.0,19.3,297.0,d,0.0,1006.0,2.1,57.0,1008.0,0.0,297.0,4.7,2024-01-11T09:45:00,2024-01-11T14:45:00,1704984300.0,1.7,16.0,252.0,8.5,5.0,Few clouds,c02d,801.0,4951257.0,Somerville,US,42.3876,-71.0995,MA,994971-99999,America/New_York
2024-01-11 10:00:00,-50.819956651750296,55.75910019242816,90.0,50.819956651750296,0.9,152.2,3.0,-3.1,82.0,707.0,20.8,326.0,d,0.0,1006.0,2.1,57.0,1008.0,0.0,326.0,4.7,2024-01-11T10:00:00,2024-01-11T15:00:00,1704985200.0,1.8,16.0,252.0,8.8,5.2,Few clouds,c02d,801.0,4951257.0,Somerville,US,42.3876,-71.0995,MA,994971-99999,America/New_York
2024-01-11 10:15:00,-45.4874995952869,57.64063141565957,90.0,45.4874995952869,1.0,155.8,4.0,-3.2,84.0,719.0,21.8,344.0,d,0.0,1006.0,2.1,56.0,1008.0,0.0,344.0,4.8,2024-01-11T10:15:00,2024-01-11T15:15:00,1704986100.0,1.9,16.0,254.0,9.0,5.2,Few clouds,c02d,801.0,4951257.0,Somerville,US,42.3876,-71.0995,MA,994971-99999,America/New_York
2024-01-11 10:30:00,-39.68531968793555,59.349844563963224,90.0,39.68531968793555,1.2,159.5,4.0,-3.1,85.0,731.0,22.8,362.0,d,0.0,1006.0,2.1,56.0,1008.0,0.0,362.0,5.0,2024-01-11T10:30:00,2024-01-11T15:30:00,1704987000.0,1.9,16.0,255.0,9.2,5.2,Few clouds,c02d,801.0,4951257.0,Somerville,US,42.3876,-71.0995,MA,994971-99999,America/New_York
2024-01-11 10:45:00,-33.38693377735772,60.8535238427682,90.0,33.38693377735771,1.3,163.1,5.0,-3.2,87.0,743.0,23.7,380.0,d,0.0,1006.0,2.1,55.0,1008.0,0.0,380.0,5.1,2024-01-11T10:45:00,2024-01-11T15:45:00,1704987900.0,2.0,16.0,256.0,9.4,5.2,Few clouds,c02d,801.0,4951257.0,Somerville,US,42.3876,-71.0995,MA,994971-99999,America/New_York
2024-01-11 11:00:00,-26.590814915167268,62.115916440894814,90.0,26.590814915167265,1.5,166.7,6.0,-3.3,89.0,756.0,24.7,398.0,d,0.0,1006.0,2.1,54.0,1008.0,0.0,398.0,5.2,2024-01-11T11:00:00,2024-01-11T16:00:00,1704988800.0,2.1,16.0,258.0,9.6,5.2,Few clouds,c02d,801.0,4951257.0,Somerville,US,42.3876,-71.0995,MA,994971-99999,America/New_York
2024-01-11 11:15:00,-19.332432558430607,63.10099077403877,90.00000147877934,19.33243255843061,1.8,170.5,14.0,-3.3,89.0,759.0,25.0,403.0,d,0.0,1006.0,2.1,53.0,1008.0,0.0,403.0,5.5,2024-01-11T11:15:00,2024-01-11T16:15:00,1704989700.0,2.0,16.0,259.0,9.6,5.2,Few clouds,c02d,801.0,4951257.0,Somerville,US,42.3876,-71.0995,MA,994971-99999,America/New_York
2024-01-11 11:30:00,-11.693650534498614,63.77592172714843,90.0,11.693650534498607,2.2,174.4,23.0,-3.3,90.0,762.0,25.3,408.0,d,0.0,1005.0,2.1,52.0,1007.0,0.0,406.0,5.8,2024-01-11T11:30:00,2024-01-11T16:30:00,1704990600.0,1.9,16.0,260.0,9.6,5.2,Scattered clouds,c02d,802.0,4951257.0,Somerville,US,42.3876,-71.0995,MA,994971-99999,America/New_York
2024-01-11 11:45:00,-3.8040199842897766,64.11538925626728,90.0,3.8040199842897695,2.5,178.2,32.0,-3.1,90.0,765.0,25.5,413.0,d,0.0,1005.0,2.1,52.0,1007.0,0.0,405.0,6.0,2024-01-11T11:45:00,2024-01-11T16:45:00,1704991500.0,1.8,16.0,261.0,9.6,5.2,Scattered clouds,c02d,802.0,4951257.0,Somerville,US,42.3876,-71.0995,MA,994971-99999,America/New_York
2024-01-11 12:00:00,4.170449546257618,64.10567337308642,269.99999730013064,4.170449546257623,2.9,182.1,40.0,-3.1,91.0,768.0,25.8,418.0,d,0.0,1005.0,2.1,51.0,1007.0,0.0,401.0,6.3,2024-01-11T12:00:00,2024-01-11T17:00:00,1704992400.0,1.7,16.0,262.0,9.6,5.2,Scattered clouds,c02d,802.0,4951257.0,Somerville,US,42.3876,-71.0995,MA,994971-99999,America/New_York
2024-01-11 12:15:00,12.05047817038968,63.74715772369691,270.0,12.050478170389676,2.9,185.9,46.0,-3.0,90.0,762.0,25.3,410.0,d,0.0,1005.0,2.1,51.0,1007.0,0.0,384.0,6.3,2024-01-11T12:15:00,2024-01-11T17:15:00,1704993300.0,1.5,16.0,262.0,9.3,5.2,Broken clouds,c03d,803.0,4951257.0,Somerville,US,42.3876,-71.0995,MA,994971-99999,America/New_York
2024-01-11 12:30:00,19.6715200912646,63.05425382529965,269.99999914622634,19.671520091264604,3.0,189.7,52.0,-3.2,89.0,757.0,24.9,401.0,d,0.0,1005.0,2.1,50.0,1007.0,0.0,362.0,6.4,2024-01-11T12:30:00,2024-01-11T17:30:00,1704994200.0,1.4,16.0,262.0,9.6,5.2,Broken clouds,c03d,803.0,4951257.0,Somerville,US,42.3876,-71.0995,MA,994971-99999,America/New_York
2024-01-11 12:45:00,26.90643530319286,62.0527823662596,270.0,26.906435303192858,3.1,193.5,59.0,-3.2,88.0,752.0,24.4,393.0,d,0.0,1005.0,2.1,50.0,1007.0,0.0,334.0,6.5,2024-01-11T12:45:00,2024-01-11T17:45:00,1704995100.0,1.3,16.0,262.0,9.6,5.2,Broken clouds,c03d,803.0,4951257.0,Somerville,US,42.3876,-71.0995,MA,994971-99999,America/New_York
2024-01-11 13:00:00,33.675996608055826,60.77583350752551,270.0,33.675996608055826,3.1,197.3,65.0,-3.2,88.0,747.0,24.0,384.0,d,0.0,1005.0,2.1,50.0,1007.0,0.0,304.0,6.5,2024-01-11T13:00:00,2024-01-11T18:00:00,1704996000.0,1.2,16.0,262.0,9.6,5.2,Broken clouds,c03d,803.0,4951257.0,Somerville,US,42.3876,-71.0995,MA,994971-99999,America/New_York
2024-01-11 13:15:00,39.94701938102197,59.25948986575241,270.0,39.94701938102196,3.3,200.8,65.0,-3.1,85.0,732.0,22.8,363.0,d,0.0,1005.0,2.1,50.0,1007.0,0.0,287.0,6.6,2024-01-11T13:15:00,2024-01-11T18:15:00,1704996900.0,1.1,16.0,261.0,9.3,5.2,Broken clouds,c03d,803.0,4951257.0,Somerville,US,42.3876,-71.0995,MA,994971-99999,America/New_York
2024-01-11 13:30:00,45.72268888664373,57.53940346934296,270.0,45.72268888664373,3.4,204.4,64.0,-3.0,83.0,717.0,21.7,342.0,d,0.0,1005.0,2.1,50.0,1007.0,0.0,275.0,6.7,2024-01-11T13:30:00,2024-01-11T18:30:00,1704997800.0,1.1,16.0,260.0,9.8,5.2,Broken clouds,c03d,803.0,4951257.0,Somerville,US,42.3876,-71.0995,MA,994971-99999,America/New_York
2024-01-11 13:45:00,51.030506006155356,55.64860360860693,270.0,51.030506006155356,3.5,207.9,64.0,-2.9,81.0,701.0,20.5,320.0,d,0.0,1005.0,2.1,50.0,1007.0,0.0,257.0,6.8,2024-01-11T13:45:00,2024-01-11T18:45:00,1704998700.0,1.0,16.0,259.0,9.9,5.2,Broken clouds,c03d,803.0,4951257.0,Somerville,US,42.3876,-71.0995,MA,994971-99999,America/New_York
2024-01-11 14:00:00,55.91151736928681,53.61642123339984,270.0,55.911517369286805,3.6,211.4,64.0,-2.8,79.0,686.0,19.4,299.0,d,0.0,1005.0,2.1,50.0,1007.0,0.0,240.0,6.9,2024-01-11T14:00:00,2024-01-11T19:00:00,1704999600.0,1.0,16.0,258.0,8.8,5.2,Broken clouds,c03d,803.0,4951257.0,Somerville,US,42.3876,-71.0995,MA,994971-99999,America/New_York
2024-01-11 14:15:00,60.0,51.4693945222302,270.0,59.99999999999999,3.6,214.6,70.0,-2.8,75.0,655.0,17.7,269.0,d,0.0,1005.0,2.1,50.0,1007.0,0.0,197.0,6.9,2024-01-11T14:15:00,2024-01-11T19:15:00,1705000500.0,0.8,16.0,258.0,8.8,5.1,Broken clouds,c03d,803.0,4951257.0,Somerville,US,42.3876,-71.0995,MA,994971-99999,America/New_York
2024-01-11 14:30:00,60.0,49.38314286967104,270.0,59.99999999999999,3.7,217.8,77.0,-2.8,71.0,623.0,16.0,238.0,d,0.0,1005.0,2.1,50.0,1007.0,0.0,150.0,6.8,2024-01-11T14:30:00,2024-01-11T19:30:00,1705001400.0,0.7,16.0,258.0,9.2,5.0,Overcast clouds,c04d,804.0,4951257.0,Somerville,US,42.3876,-71.0995,MA,994971-99999,America/New_York
2024-01-11 14:45:00,60.0,47.486998635949305,270.0,59.99999999999999,3.7,220.9,84.0,-2.9,67.0,591.0,14.3,207.0,d,0.0,1005.0,2.1,50.0,1007.0,0.0,104.0,6.8,2024-01-11T14:45:00,2024-01-11T19:45:00,1705002300.0,0.6,16.0,258.0,8.8,4.9,Overcast clouds,c04d,804.0,4951257.0,Somerville,US,42.3876,-71.0995,MA,994971-99999,America/New_York
2024-01-11 15:00:00,60.0,45.80416930163093,270.0,59.99999999999999,3.7,224.1,90.0,-2.9,63.0,559.0,12.6,176.0,d,0.0,1005.0,2.1,50.0,1007.0,0.0,65.0,6.8,2024-01-11T15:00:00,2024-01-11T20:00:00,1705003200.0,0.5,16.0,258.0,8.4,4.8,Overcast clouds,c04d,804.0,4951257.0,Somerville,US,42.3876,-71.0995,MA,994971-99999,America/New_York
2024-01-11 15:15:00,46.681917135435704,49.453215148821435,270.0,46.681917135435704,3.8,226.9,82.0,-2.9,55.0,484.0,10.5,142.0,d,0.0,1005.0,2.1,50.0,1007.0,0.0,77.0,6.8,2024-01-11T15:15:00,2024-01-11T20:15:00,1705004100.0,0.6,16.0,258.0,7.9,4.5,Overcast clouds,c04d,804.0,4951257.0,Somerville,US,42.3876,-71.0995,MA,994971-99999,America/New_York
2024-01-11 15:30:00,31.87042785223872,58.227219351498476,270.0,31.870427852238723,3.9,229.7,74.0,-2.9,47.0,410.0,8.4,109.0,d,0.0,1006.0,2.1,50.0,1008.0,0.0,74.0,6.8,2024-01-11T15:30:00,2024-01-11T20:30:00,1705005000.0,0.6,16.0,257.0,7.4,4.2,Overcast clouds,c04d,804.0,4951257.0,Somerville,US,42.3876,-71.0995,MA,994971-99999,America/New_York
2024-01-11 15:45:00,21.733354599266796,66.56552922207324,269.9999985212207,21.733354599266804,4.0,232.5,65.0,-2.7,39.0,335.0,6.3,75.0,d,0.0,1006.0,2.1,51.0,1008.0,0.0,59.0,6.7,2024-01-11T15:45:00,2024-01-11T20:45:00,1705005900.0,0.7,16.0,256.0,6.9,3.9,Broken clouds,c03d,803.0,4951257.0,Somerville,US,42.3876,-71.0995,MA,994971-99999,America/New_York
2024-01-11 16:00:00,13.496298937482564,74.64658610476134,269.9999979086902,13.496298937482573,4.2,235.3,57.0,-2.7,32.0,260.0,4.2,41.0,d,0.0,1006.0,2.1,51.0,1008.0,0.0,36.0,6.7,2024-01-11T16:00:00,2024-01-11T21:00:00,1705006800.0,0.8,16.0,256.0,6.4,3.6,Broken clouds,c03n,803.0,4951257.0,Somerville,US,42.3876,-71.0995,MA,994971-99999,America/New_York
2024-01-11 16:15:00,6.335668811052102,82.50677494686987,270.0,6.3356688110521,4.2,237.8,43.0,-2.5,24.0,195.0,1.7,31.0,d,0.0,1006.0,2.1,52.0,1008.0,0.0,29.0,6.7,2024-01-11T16:15:00,2024-01-11T21:15:00,1705007700.0,0.9,16.0,256.0,6.0,3.5,Broken clouds,c03n,803.0,4951257.0,Somerville,US,42.3876,-71.0995,MA,994971-99999,America/New_York
2024-01-11 16:30:00,0.08363728014515459,89.89818375633988,270.0,0.08363728014405633,4.2,240.3,29.0,-2.0,16.0,130.0,-0.7,20.0,d,0.0,1006.0,2.1,54.0,1008.0,0.0,20.0,6.7,2024-01-11T16:30:00,2024-01-11T21:30:00,1705008600.0,0.0,16.0,255.0,5.6,3.4,Scattered clouds,c02n,802.0,4951257.0,Somerville,US,42.3876,-71.0995,MA,994971-99999,America/New_York
2024-01-11 16:45:00,,,,,4.3,242.8,15.0,-1.5,8.0,65.0,-3.1,10.0,d,0.0,1007.0,2.1,56.0,1009.0,0.0,10.0,6.6,2024-01-11T16:45:00,2024-01-11T21:45:00,1705009500.0,0.0,16.0,254.0,5.2,3.3,Few clouds,c02n,801.0,4951257.0,Somerville,US,42.3876,-71.0995,MA,994971-99999,America/New_York
2024-01-11 17:00:00,,,,,4.3,245.4,1.0,-1.3,0.0,0.0,-5.5,0.0,n,0.0,1007.0,2.1,57.0,1009.0,0.0,0.0,6.6,2024-01-11T17:00:00,2024-01-11T22:00:00,1705010400.0,0.0,16.0,254.0,4.8,3.2,Clear Sky,c01n,800.0,4951257.0,Somerville,US,42.3876,-71.0995,MA,994971-99999,America/New_York
2024-01-11 17:15:00,,,,,4.2,247.7,1.0,-1.1,0.0,0.0,-8.1,0.0,n,0.0,1007.0,2.1,58.0,1009.0,0.0,0.0,6.5,2024-01-11T17:15:00,2024-01-11T22:15:00,1705011300.0,0.0,16.0,251.0,4.6,3.2,Clear Sky,c01n,800.0,4951257.0,Somerville,US,42.3876,-71.0995,MA,994971-99999,America/New_York
2024-01-11 17:30:00,,,,,4.1,250.1,0.0,-0.7,0.0,0.0,-10.7,0.0,n,0.0,1007.0,2.1,60.0,1009.0,0.0,0.0,6.4,2024-01-11T17:30:00,2024-01-11T22:30:00,1705012200.0,0.0,16.0,248.0,4.4,3.2,Clear Sky,c01n,800.0,4951257.0,Somerville,US,42.3876,-71.0995,MA,994971-99999,America/New_York
2024-01-11 17:45:00,,,,,4.0,252.4,0.0,-0.6,0.0,0.0,-13.3,0.0,n,0.0,1007.0,2.1,61.0,1009.0,0.0,0.0,6.4,2024-01-11T17:45:00,2024-01-11T22:45:00,1705013100.0,0.0,16.0,245.0,4.2,3.2,Clear Sky,c01n,800.0,4951257.0,Somerville,US,42.3876,-71.0995,MA,994971-99999,America/New_York
2024-01-11 18:00:00,,,,,3.9,254.8,0.0,-0.4,0.0,0.0,-15.9,0.0,n,0.0,1007.0,2.1,62.0,1009.0,0.0,0.0,6.3,2024-01-11T18:00:00,2024-01-11T23:00:00,1705014000.0,0.0,16.0,242.0,4.0,3.2,Clear Sky,c01n,800.0,4951257.0,Somerville,US,42.3876,-71.0995,MA,994971-99999,America/New_York
2024-01-11 18:15:00,,,,,3.8,257.1,0.0,-0.3,0.0,0.0,-18.6,0.0,n,0.0,1008.0,2.1,63.0,1010.0,0.0,0.0,6.2,2024-01-11T18:15:00,2024-01-11T23:15:00,1705014900.0,0.0,16.0,241.0,4.2,3.3,Clear Sky,c01n,800.0,4951257.0,Somerville,US,42.3876,-71.0995,MA,994971-99999,America/New_York
2024-01-11 18:30:00,,,,,3.6,259.5,0.0,-0.1,0.0,0.0,-21.3,0.0,n,0.0,1008.0,2.1,64.0,1010.0,0.0,0.0,6.2,2024-01-11T18:30:00,2024-01-11T23:30:00,1705015800.0,0.0,16.0,240.0,4.4,3.4,Clear Sky,c01n,800.0,4951257.0,Somerville,US,42.3876,-71.0995,MA,994971-99999,America/New_York
2024-01-11 18:45:00,,,,,3.5,261.8,0.0,-0.2,0.0,0.0,-24.0,0.0,n,0.0,1008.0,2.1,64.0,1010.0,0.0,0.0,6.1,2024-01-11T18:45:00,2024-01-11T23:45:00,1705016700.0,0.0,16.0,239.0,4.6,3.5,Clear Sky,c01n,800.0,4951257.0,Somerville,US,42.3876,-71.0995,MA,994971-99999,America/New_York
2024-01-11 19:00:00,,,,,3.3,264.1,0.0,-0.1,0.0,0.0,-26.8,0.0,n,0.0,1008.0,2.1,65.0,1010.0,0.0,0.0,6.0,2024-01-11T19:00:00,2024-01-12T00:00:00,1705017600.0,0.0,16.0,238.0,4.8,3.6,Clear Sky,c01n,800.0,4951257.0,Somerville,US,42.3876,-71.0995,MA,994971-99999,America/New_York
2024-01-11 19:15:00,,,,,3.2,266.6,0.0,0.0,0.0,0.0,-29.5,0.0,n,0.0,1008.0,2.1,66.0,1010.0,0.0,0.0,5.9,2024-01-11T19:15:00,2024-01-12T00:15:00,1705018500.0,0.0,16.0,238.0,4.9,3.6,Clear Sky,c01n,800.0,4951257.0,Somerville,US,42.3876,-71.0995,MA,994971-99999,America/New_York
2024-01-11 19:30:00,,,,,3.1,269.1,0.0,0.2,0.0,0.0,-32.3,0.0,n,0.0,1008.0,2.1,67.0,1010.0,0.0,0.0,5.8,2024-01-11T19:30:00,2024-01-12T00:30:00,1705019400.0,0.0,16.0,237.0,5.0,3.6,Clear Sky,c01n,800.0,4951257.0,Somerville,US,42.3876,-71.0995,MA,994971-99999,America/New_York
2024-01-11 19:45:00,,,,,2.9,271.7,0.0,0.3,0.0,0.0,-35.1,0.0,n,0.0,1008.0,2.1,68.0,1010.0,0.0,0.0,5.7,2024-01-11T19:45:00,2024-01-12T00:45:00,1705020300.0,0.0,16.0,236.0,5.1,3.6,Clear Sky,c01n,800.0,4951257.0,Somerville,US,42.3876,-71.0995,MA,994971-99999,America/New_York
2024-01-11 20:00:00,,,,,2.8,274.2,0.0,0.4,0.0,0.0,-37.8,0.0,n,0.0,1009.0,2.1,69.0,1011.0,0.0,0.0,5.6,2024-01-11T20:00:00,2024-01-12T01:00:00,1705021200.0,0.0,16.0,236.0,5.2,3.6,Clear Sky,c01n,800.0,4951257.0,Somerville,US,42.3876,-71.0995,MA,994971-99999,America/New_York
2024-01-11 20:15:00,,,,,2.6,277.2,2.0,0.4,0.0,0.0,-40.5,0.0,n,0.0,1009.0,2.1,70.0,1011.0,0.0,0.0,5.5,2024-01-11T20:15:00,2024-01-12T01:15:00,1705022100.0,0.0,16.0,235.0,5.4,3.8,Few clouds,c02n,801.0,4951257.0,Somerville,US,42.3876,-71.0995,MA,994971-99999,America/New_York
2024-01-11 20:30:00,,,,,2.3,280.2,3.0,0.3,0.0,0.0,-43.3,0.0,n,0.0,1009.0,2.1,70.0,1011.0,0.0,0.0,5.3,2024-01-11T20:30:00,2024-01-12T01:30:00,1705023000.0,0.0,16.0,234.0,5.6,4.0,Few clouds,c02n,801.0,4951257.0,Somerville,US,42.3876,-71.0995,MA,994971-99999,America/New_York
2024-01-11 20:45:00,,,,,2.0,283.1,4.0,0.4,0.0,0.0,-46.0,0.0,n,0.0,1009.0,2.1,71.0,1011.0,0.0,0.0,5.2,2024-01-11T20:45:00,2024-01-12T01:45:00,1705023900.0,0.0,16.0,233.0,5.8,4.2,Few clouds,c02n,801.0,4951257.0,Somerville,US,42.3876,-71.0995,MA,994971-99999,America/New_York
2024-01-11 21:00:00,,,,,1.7,286.1,6.0,0.5,0.0,0.0,-48.7,0.0,n,0.0,1009.0,2.1,72.0,1011.0,0.0,0.0,5.1,2024-01-11T21:00:00,2024-01-12T02:00:00,1705024800.0,0.0,16.0,232.0,6.0,4.4,Few clouds,c02n,801.0,4951257.0,Somerville,US,42.3876,-71.0995,MA,994971-99999,America/New_York
2024-01-11 21:15:00,,,,,1.7,290.2,5.0,0.4,0.0,0.0,-51.2,0.0,n,0.0,1010.0,2.1,72.0,1012.0,0.0,0.0,5.0,2024-01-11T21:15:00,2024-01-12T02:15:00,1705025700.0,0.0,16.0,234.0,6.2,4.4,Few clouds,c02n,801.0,4951257.0,Somerville,US,42.3876,-71.0995,MA,994971-99999,America/New_York
2024-01-11 21:30:00,,,,,1.6,294.3,4.0,0.4,0.0,0.0,-53.8,0.0,n,0.0,1010.0,2.1,72.0,1012.0,0.0,0.0,5.0,2024-01-11T21:30:00,2024-01-12T02:30:00,1705026600.0,0.0,16.0,235.0,6.4,4.4,Few clouds,c02n,801.0,4951257.0,Somerville,US,42.3876,-71.0995,MA,994971-99999,America/New_York
2024-01-11 21:45:00,,,,,1.6,298.4,3.0,0.1,0.0,0.0,-56.3,0.0,n,0.0,1010.0,2.1,71.0,1012.0,0.0,0.0,5.0,2024-01-11T21:45:00,2024-01-12T02:45:00,1705027500.0,0.0,16.0,236.0,6.6,4.4,Few clouds,c02n,801.0,4951257.0,Somerville,US,42.3876,-71.0995,MA,994971-99999,America/New_York
2024-01-11 22:00:00,,,,,1.5,302.5,2.0,0.1,0.0,0.0,-58.8,0.0,n,0.0,1010.0,2.1,71.0,1012.0,0.0,0.0,4.9,2024-01-11T22:00:00,2024-01-12T03:00:00,1705028400.0,0.0,16.0,238.0,6.8,4.4,Few clouds,c02n,801.0,4951257.0,Somerville,US,42.3876,-71.0995,MA,994971-99999,America/New_York
2024-01-11 22:15:00,,,,,1.5,308.9,2.0,0.1,0.0,0.0,-60.8,0.0,n,0.0,1010.0,2.1,71.0,1012.0,0.0,0.0,4.9,2024-01-11T22:15:00,2024-01-12T03:15:00,1705029300.0,0.0,16.0,240.0,6.8,4.4,Few clouds,c02n,801.0,4951257.0,Somerville,US,42.3876,-71.0995,MA,994971-99999,America/New_York
2024-01-11 22:30:00,,,,,1.5,315.3,1.0,-0.1,0.0,0.0,-62.7,0.0,n,0.0,1010.0,2.1,70.0,1012.0,0.0,0.0,4.9,2024-01-11T22:30:00,2024-01-12T03:30:00,1705030200.0,0.0,16.0,242.0,6.8,4.4,Clear Sky,c01n,800.0,4951257.0,Somerville,US,42.3876,-71.0995,MA,994971-99999,America/New_York
2024-01-11 22:45:00,,,,,1.5,321.7,0.0,-0.1,0.0,0.0,-64.7,0.0,n,0.0,1010.0,2.1,70.0,1012.0,0.0,0.0,4.9,2024-01-11T22:45:00,2024-01-12T03:45:00,1705031100.0,0.0,16.0,244.0,6.8,4.4,Clear Sky,c01n,800.0,4951257.0,Somerville,US,42.3876,-71.0995,MA,994971-99999,America/New_York
2024-01-11 23:00:00,,,,,1.5,328.0,0.0,-0.1,0.0,0.0,-66.7,0.0,n,0.0,1011.0,2.1,70.0,1013.0,0.0,0.0,4.9,2024-01-11T23:00:00,2024-01-12T04:00:00,1705032000.0,0.0,16.0,246.0,6.8,4.4,Clear Sky,c01n,800.0,4951257.0,Somerville,US,42.3876,-71.0995,MA,994971-99999,America/New_York
2024-01-11 23:15:00,,,,,1.5,247.3,0.0,-0.1,0.0,0.0,-67.3,0.0,n,0.0,1011.0,2.1,70.0,1013.0,0.0,0.0,4.8,2024-01-11T23:15:00,2024-01-12T04:15:00,1705032900.0,0.0,16.0,247.0,6.8,4.3,Clear Sky,c01n,800.0,4951257.0,Somerville,US,42.3876,-71.0995,MA,994971-99999,America/New_York
2024-01-11 23:30:00,,,,,1.5,166.6,0.0,-0.2,0.0,0.0,-68.0,0.0,n,0.0,1011.0,2.1,70.0,1013.0,0.0,0.0,4.8,2024-01-11T23:30:00,2024-01-12T04:30:00,1705033800.0,0.0,16.0,248.0,6.8,4.2,Clear Sky,c01n,800.0,4951257.0,Somerville,US,42.3876,-71.0995,MA,994971-99999,America/New_York
2024-01-11 23:45:00,,,,,1.5,85.9,0.0,-0.2,0.0,0.0,-68.7,0.0,n,0.0,1011.0,2.1,70.0,1013.0,0.0,0.0,4.8,2024-01-11T23:45:00,2024-01-12T04:45:00,1705034700.0,0.0,16.0,249.0,6.8,4.1,Clear Sky,c01n,800.0,4951257.0,Somerville,US,42.3876,-71.0995,MA,994971-99999,America/New_York
2024-01-12 00:00:00,,,,,1.5,5.1,0.0,-0.3,0.0,0.0,-69.3,0.0,n,0.0,1011.0,2.1,70.0,1013.0,0.0,0.0,4.7,2024-01-12T00:00:00,2024-01-12T05:00:00,1705035600.0,0.0,16.0,250.0,6.8,4.0,Clear Sky,c01n,800.0,4951257.0,Somerville,US,42.3876,-71.0995,MA,994971-99999,America/New_York
2024-01-12 00:15:00,,,,,1.4,13.8,0.0,-0.3,0.0,0.0,-68.2,0.0,n,0.0,1011.0,2.1,70.0,1013.0,0.0,0.0,4.7,2024-01-12T00:15:00,2024-01-12T05:15:00,1705036500.0,0.0,16.0,250.0,6.8,4.0,Clear Sky,c01n,800.0,4951257.0,Somerville,US,42.3876,-71.0995,MA,994971-99999,America/New_York
2024-01-12 00:30:00,,,,,1.4,22.5,0.0,-0.2,0.0,0.0,-67.1,0.0,n,0.0,1011.0,2.1,71.0,1013.0,0.0,0.0,4.6,2024-01-12T00:30:00,2024-01-12T05:30:00,1705037400.0,0.0,16.0,251.0,6.8,4.0,Clear Sky,c01n,800.0,4951257.0,Somerville,US,42.3876,-71.0995,MA,994971-99999,America/New_York
2024-01-12 00:45:00,,,,,1.3,31.1,0.0,0.0,0.0,0.0,-66.1,0.0,n,0.0,1012.0,2.1,72.0,1014.0,0.0,0.0,4.5,2024-01-12T00:45:00,2024-01-12T05:45:00,1705038300.0,0.0,16.0,252.0,6.8,4.0,Clear Sky,c01n,800.0,4951257.0,Somerville,US,42.3876,-71.0995,MA,994971-99999,America/New_York
2024-01-12 01:00:00,,,,,1.2,39.8,0.0,-0.1,0.0,0.0,-65.0,0.0,n,0.0,1012.0,2.1,72.0,1014.0,0.0,0.0,4.5,2024-01-12T01:00:00,2024-01-12T06:00:00,1705039200.0,0.0,16.0,252.0,6.8,4.0,Clear Sky,c01n,800.0,4951257.0,Somerville,US,42.3876,-71.0995,MA,994971-99999,America/New_York
2024-01-12 01:15:00,,,,,1.2,45.4,0.0,-0.1,0.0,0.0,-62.8,0.0,n,0.0,1012.0,2.1,72.0,1014.0,0.0,0.0,4.5,2024-01-12T01:15:00,2024-01-12T06:15:00,1705040100.0,0.0,16.0,254.0,6.7,4.0,Clear Sky,c01n,800.0,4951257.0,Somerville,US,42.3876,-71.0995,MA,994971-99999,America/New_York
2024-01-12 01:30:00,,,,,1.1,51.1,0.0,0.0,0.0,0.0,-60.6,0.0,n,0.0,1012.0,2.1,73.0,1014.0,0.0,0.0,4.4,2024-01-12T01:30:00,2024-01-12T06:30:00,1705041000.0,0.0,16.0,255.0,6.6,4.0,Clear Sky,c01n,800.0,4951257.0,Somerville,US,42.3876,-71.0995,MA,994971-99999,America/New_York
2024-01-12 01:45:00,,,,,1.0,56.7,0.0,0.1,0.0,0.0,-58.5,0.0,n,0.0,1013.0,2.1,74.0,1015.0,0.0,0.0,4.3,2024-01-12T01:45:00,2024-01-12T06:45:00,1705041900.0,0.0,16.0,256.0,6.5,4.0,Clear Sky,c01n,800.0,4951257.0,Somerville,US,42.3876,-71.0995,MA,994971-99999,America/New_York
2024-01-12 02:00:00,,,,,1.0,62.3,0.0,0.1,0.0,0.0,-56.3,0.0,n,0.0,1013.0,2.1,74.0,1015.0,0.0,0.0,4.3,2024-01-12T02:00:00,2024-01-12T07:00:00,1705042800.0,0.0,16.0,258.0,6.4,4.0,Clear Sky,c01n,800.0,4951257.0,Somerville,US,42.3876,-71.0995,MA,994971-99999,America/New_York
2024-01-12 02:15:00,,,,,0.8,66.1,0.0,-0.1,0.0,0.0,-53.7,0.0,n,0.0,1013.0,2.1,74.0,1015.0,0.0,0.0,4.2,2024-01-12T02:15:00,2024-01-12T07:15:00,1705043700.0,0.0,16.0,260.0,6.3,4.0,Clear Sky,c01n,800.0,4951257.0,Somerville,US,42.3876,-71.0995,MA,994971-99999,America/New_York
2024-01-12 02:30:00,,,,,0.6,69.8,0.0,0.0,0.0,0.0,-51.1,0.0,n,0.0,1013.0,2.1,75.0,1015.0,0.0,0.0,4.0,2024-01-12T02:30:00,2024-01-12T07:30:00,1705044600.0,0.0,16.0,262.0,6.2,4.0,Clear Sky,c01n,800.0,4951257.0,Somerville,US,42.3876,-71.0995,MA,994971-99999,America/New_York
2024-01-12 02:45:00,,,,,0.4,73.5,0.0,0.0,0.0,0.0,-48.5,0.0,n,0.0,1013.0,2.1,76.0,1015.0,0.0,0.0,3.9,2024-01-12T02:45:00,2024-01-12T07:45:00,1705045500.0,0.0,16.0,264.0,6.1,4.0,Clear Sky,c01n,800.0,4951257.0,Somerville,US,42.3876,-71.0995,MA,994971-99999,America/New_York
2024-01-12 03:00:00,,,,,0.3,77.2,0.0,-0.1,0.0,0.0,-45.9,0.0,n,0.0,1014.0,2.1,76.0,1016.0,0.0,0.0,3.7,2024-01-12T03:00:00,2024-01-12T08:00:00,1705046400.0,0.0,16.0,266.0,6.0,4.0,Clear Sky,c01n,800.0,4951257.0,Somerville,US,42.3876,-71.0995,MA,994971-99999,America/New_York
2024-01-12 03:15:00,,,,,0.5,80.0,0.0,0.1,0.0,0.0,-43.1,0.0,n,0.0,1014.0,2.1,76.0,1016.0,0.0,0.0,3.9,2024-01-12T03:15:00,2024-01-12T08:15:00,1705047300.0,0.0,16.0,266.0,6.0,4.0,Clear Sky,c01n,800.0,4951257.0,Somerville,US,42.3876,-71.0995,MA,994971-99999,America/New_York
2024-01-12 03:30:00,,,,,0.7,82.9,0.0,0.2,0.0,0.0,-40.4,0.0,n,0.0,1014.0,2.1,76.0,1016.0,0.0,0.0,4.1,2024-01-12T03:30:00,2024-01-12T08:30:00,1705048200.0,0.0,16.0,266.0,6.0,4.0,Clear Sky,c01n,800.0,4951257.0,Somerville,US,42.3876,-71.0995,MA,994971-99999,America/New_York
2024-01-12 03:45:00,,,,,1.0,85.7,0.0,0.5,0.0,0.0,-37.7,0.0,n,0.0,1014.0,2.1,76.0,1016.0,0.0,0.0,4.3,2024-01-12T03:45:00,2024-01-12T08:45:00,1705049100.0,0.0,16.0,266.0,6.0,4.0,Clear Sky,c01n,800.0,4951257.0,Somerville,US,42.3876,-71.0995,MA,994971-99999,America/New_York
2024-01-12 04:00:00,,,,,1.2,88.5,0.0,0.6,0.0,0.0,-34.9,0.0,n,0.0,1015.0,2.1,76.0,1017.0,0.0,0.0,4.5,2024-01-12T04:00:00,2024-01-12T09:00:00,1705050000.0,0.0,16.0,266.0,6.0,4.0,Clear Sky,c01n,800.0,4951257.0,Somerville,US,42.3876,-71.0995,MA,994971-99999,America/New_York
2024-01-12 04:15:00,,,,,1.3,91.0,0.0,0.8,0.0,0.0,-32.1,0.0,n,0.0,1015.0,2.1,77.0,1017.0,0.0,0.0,4.5,2024-01-12T04:15:00,2024-01-12T09:15:00,1705050900.0,0.0,16.0,264.0,6.1,3.9,Clear Sky,c01n,800.0,4951257.0,Somerville,US,42.3876,-71.0995,MA,994971-99999,America/New_York
2024-01-12 04:30:00,,,,,1.4,93.4,0.0,1.0,0.0,0.0,-29.4,0.0,n,0.0,1015.0,2.1,78.0,1017.0,0.0,0.0,4.5,2024-01-12T04:30:00,2024-01-12T09:30:00,1705051800.0,0.0,16.0,263.0,6.2,3.8,Clear Sky,c01n,800.0,4951257.0,Somerville,US,42.3876,-71.0995,MA,994971-99999,America/New_York
2024-01-12 04:45:00,,,,,1.4,95.8,0.0,1.4,0.0,0.0,-26.6,0.0,n,0.0,1015.0,2.1,80.0,1017.0,0.0,0.0,4.5,2024-01-12T04:45:00,2024-01-12T09:45:00,1705052700.0,0.0,16.0,262.0,6.3,3.7,Clear Sky,c01n,800.0,4951257.0,Somerville,US,42.3876,-71.0995,MA,994971-99999,America/New_York
2024-01-12 05:00:00,,,,,1.5,98.3,0.0,1.5,0.0,0.0,-23.9,0.0,n,0.0,1015.0,2.1,81.0,1017.0,0.0,0.0,4.5,2024-01-12T05:00:00,2024-01-12T10:00:00,1705053600.0,0.0,16.0,260.0,6.4,3.6,Clear Sky,c01n,800.0,4951257.0,Somerville,US,42.3876,-71.0995,MA,994971-99999,America/New_York
2024-01-12 05:15:00,,,,,1.6,100.6,0.0,1.6,0.0,0.0,-21.2,0.0,n,0.0,1016.0,2.1,81.0,1018.0,0.0,0.0,4.5,2024-01-12T05:15:00,2024-01-12T10:15:00,1705054500.0,0.0,16.0,260.0,6.4,3.5,Clear Sky,c01n,800.0,4951257.0,Somerville,US,42.3876,-71.0995,MA,994971-99999,America/New_York
2024-01-12 05:30:00,,,,,1.7,102.9,0.0,1.6,0.0,0.0,-18.5,0.0,n,0.0,1016.0,2.1,81.0,1018.0,0.0,0.0,4.6,2024-01-12T05:30:00,2024-01-12T10:30:00,1705055400.0,0.0,16.0,261.0,6.4,3.4,Clear Sky,c01n,800.0,4951257.0,Somerville,US,42.3876,-71.0995,MA,994971-99999,America/New_York
2024-01-12 05:45:00,,,,,1.9,105.3,0.0,1.7,0.0,0.0,-15.8,0.0,n,0.0,1016.0,2.1,81.0,1018.0,0.0,0.0,4.7,2024-01-12T05:45:00,2024-01-12T10:45:00,1705056300.0,0.0,16.0,262.0,6.4,3.3,Clear Sky,c01n,800.0,4951257.0,Somerville,US,42.3876,-71.0995,MA,994971-99999,America/New_York
2024-01-12 06:00:00,,,,,2.0,107.6,0.0,1.7,0.0,0.0,-13.1,0.0,n,0.0,1016.0,2.1,81.0,1018.0,0.0,0.0,4.7,2024-01-12T06:00:00,2024-01-12T11:00:00,1705057200.0,0.0,16.0,262.0,6.4,3.2,Clear Sky,c01n,800.0,4951257.0,Somerville,US,42.3876,-71.0995,MA,994971-99999,America/New_York
2024-01-12 06:15:00,,,,,1.9,110.0,5.0,1.9,0.0,0.0,-10.5,0.0,n,0.0,1016.0,2.1,82.0,1018.0,0.0,0.0,4.7,2024-01-12T06:15:00,2024-01-12T11:15:00,1705058100.0,0.0,16.0,264.0,6.3,3.3,Few clouds,c02n,801.0,4951257.0,Somerville,US,42.3876,-71.0995,MA,994971-99999,America/New_York
2024-01-12 06:30:00,,,,,1.8,112.4,10.0,1.8,0.0,0.0,-7.9,0.0,n,0.0,1016.0,2.1,82.0,1018.0,0.0,0.0,4.7,2024-01-12T06:30:00,2024-01-12T11:30:00,1705059000.0,0.0,16.0,265.0,6.2,3.4,Few clouds,c02n,801.0,4951257.0,Somerville,US,42.3876,-71.0995,MA,994971-99999,America/New_York
2024-01-12 06:45:00,,,,,1.7,114.7,15.0,1.8,0.0,0.0,-5.4,0.0,n,0.0,1017.0,2.1,82.0,1019.0,0.0,0.0,4.6,2024-01-12T06:45:00,2024-01-12T11:45:00,1705059900.0,0.0,16.0,266.0,6.1,3.5,Few clouds,c02n,801.0,4951257.0,Somerville,US,42.3876,-71.0995,MA,994971-99999,America/New_York
2024-01-12 07:00:00,,,,,1.6,117.1,20.0,2.0,0.0,0.0,-2.8,0.0,n,0.0,1017.0,2.1,83.0,1019.0,0.0,0.0,4.6,2024-01-12T07:00:00,2024-01-12T12:00:00,1705060800.0,0.0,16.0,268.0,6.0,3.6,Few clouds,c02n,801.0,4951257.0,Somerville,US,42.3876,-71.0995,MA,994971-99999,America/New_York
2024-01-12 07:15:00,-0.3687768405106624,89.55099061925652,90.0,0.36877684051020637,1.6,119.7,22.0,2.0,11.0,93.0,-0.5,19.0,d,0.0,1017.0,2.1,83.0,1019.0,0.0,19.0,4.6,2024-01-12T07:15:00,2024-01-12T12:15:00,1705061700.0,0.0,16.0,270.0,6.1,3.6,Scattered clouds,c02n,802.0,4951257.0,Somerville,US,42.3876,-71.0995,MA,994971-99999,America/New_York
2024-01-12 07:30:00,-6.674329365588193,82.10674299667842,90.0,6.6743293655881715,1.7,122.3,25.0,2.0,21.0,187.0,1.9,38.0,d,0.0,1017.0,2.1,83.0,1019.0,0.0,38.0,4.7,2024-01-12T07:30:00,2024-01-12T12:30:00,1705062600.0,1.0,16.0,271.0,6.2,3.6,Scattered clouds,c02n,802.0,4951257.0,Somerville,US,42.3876,-71.0995,MA,994971-99999,America/New_York
2024-01-12 07:45:00,-13.886850260399385,74.20945379521203,90.00000241483653,13.886850260399397,1.7,124.9,28.0,2.0,32.0,280.0,4.2,57.0,d,0.0,1018.0,2.1,83.0,1020.0,0.0,56.0,4.7,2024-01-12T07:45:00,2024-01-12T12:45:00,1705063500.0,1.0,16.0,272.0,6.3,3.6,Scattered clouds,c02d,802.0,4951257.0,Somerville,US,42.3876,-71.0995,MA,994971-99999,America/New_York
2024-01-12 08:00:00,-22.19956044319823,66.08988278083983,90.00000147877934,22.199560443198237,1.7,127.4,30.0,2.1,42.0,373.0,6.6,76.0,d,0.0,1018.0,2.1,83.0,1020.0,0.0,75.0,4.7,2024-01-12T08:00:00,2024-01-12T13:00:00,1705064400.0,1.0,16.0,274.0,6.4,3.6,Scattered clouds,c02d,802.0,4951257.0,Somerville,US,42.3876,-71.0995,MA,994971-99999,America/New_York
2024-01-12 08:15:00,-32.48292408409067,57.70045468651487,90.0,32.48292408409067,2.4,130.3,22.0,2.2,49.0,431.0,8.6,110.0,d,0.0,1018.0,2.1,81.0,1020.0,0.0,109.0,5.2,2024-01-12T08:15:00,2024-01-12T13:15:00,1705065300.0,1.1,16.0,276.0,6.4,3.4,Scattered clouds,c02d,802.0,4951257.0,Somerville,US,42.3876,-71.0995,MA,994971-99999,America/New_York
2024-01-12 08:30:00,-47.75196620952501,48.85079158399703,90.0,47.75196620952501,3.1,133.2,15.0,2.3,55.0,488.0,10.6,144.0,d,0.0,1018.0,2.1,79.0,1020.0,0.0,144.0,5.6,2024-01-12T08:30:00,2024-01-12T13:30:00,1705066200.0,1.2,16.0,279.0,6.4,3.2,Few clouds,c02d,801.0,4951257.0,Somerville,US,42.3876,-71.0995,MA,994971-99999,America/New_York
2024-01-12 08:45:00,-60.0,45.730137179826855,90.0,59.99999999999999,3.8,136.1,8.0,2.3,62.0,546.0,12.6,178.0,d,0.0,1019.0,2.1,77.0,1021.0,0.0,178.0,6.0,2024-01-12T08:45:00,2024-01-12T13:45:00,1705067100.0,1.3,16.0,282.0,6.4,3.0,Few clouds,c02d,801.0,4951257.0,Somerville,US,42.3876,-71.0995,MA,994971-99999,America/New_York
2024-01-12 09:00:00,-60.0,47.41876659659056,90.0,59.99999999999999,4.4,139.0,0.0,2.4,68.0,604.0,14.6,213.0,d,0.0,1019.0,2.1,75.0,1021.0,0.0,213.0,6.5,2024-01-12T09:00:00,2024-01-12T14:00:00,1705068000.0,1.5,16.0,284.0,6.4,2.8,Clear Sky,c01d,800.0,4951257.0,Somerville,US,42.3876,-71.0995,MA,994971-99999,America/New_York
2024-01-12 09:15:00,-60.0,49.32073662336325,90.0,59.99999999999999,4.6,142.3,0.0,2.1,71.0,630.0,16.2,242.0,d,0.0,1019.0,2.1,73.0,1021.0,0.0,242.0,6.6,2024-01-12T09:15:00,2024-01-12T14:15:00,1705068900.0,1.5,16.0,286.0,6.7,2.7,Clear Sky,c01d,800.0,4951257.0,Somerville,US,42.3876,-71.0995,MA,994971-99999,America/New_York
2024-01-12 09:30:00,-60.0,51.41273458220539,90.0,59.99999999999999,4.8,145.5,0.0,1.6,75.0,656.0,17.8,270.0,d,0.0,1019.0,2.1,70.0,1021.0,0.0,270.0,6.7,2024-01-12T09:30:00,2024-01-12T14:30:00,1705069800.0,1.6,16.0,289.0,7.0,2.6,Clear Sky,c01d,800.0,4951257.0,Somerville,US,42.3876,-71.0995,MA,994971-99999,America/New_York
2024-01-12 09:45:00,-55.68613494612316,53.552931421615,90.0,55.68613494612316,4.9,148.8,0.0,1.2,78.0,682.0,19.4,299.0,d,0.0,1019.0,2.1,68.0,1021.0,0.0,299.0,6.7,2024-01-12T09:45:00,2024-01-12T14:45:00,1705070700.0,1.7,16.0,292.0,7.3,2.5,Clear Sky,c01d,800.0,4951257.0,Somerville,US,42.3876,-71.0995,MA,994971-99999,America/New_York
2024-01-12 10:00:00,-50.79553677809245,55.57636840331484,90.0,50.79553677809245,5.1,152.1,0.0,0.9,82.0,708.0,20.9,328.0,d,0.0,1019.0,2.1,66.0,1021.0,0.0,328.0,6.8,2024-01-12T10:00:00,2024-01-12T15:00:00,1705071600.0,1.8,16.0,294.0,7.6,2.4,Clear Sky,c01d,800.0,4951257.0,Somerville,US,42.3876,-71.0995,MA,994971-99999,America/New_York
2024-01-12 10:15:00,-45.4799099395088,57.45737353767518,90.0,45.4799099395088,5.4,155.7,0.0,0.6,84.0,721.0,21.9,346.0,d,0.0,1019.0,2.1,64.0,1021.0,0.0,346.0,7.0,2024-01-12T10:15:00,2024-01-12T15:15:00,1705072500.0,1.9,16.0,298.0,7.4,2.3,Clear Sky,c01d,800.0,4951257.0,Somerville,US,42.3876,-71.0995,MA,994971-99999,America/New_York
2024-01-12 10:30:00,-39.69942029662087,59.1666317987424,90.0,39.69942029662087,5.6,159.3,1.0,0.3,86.0,733.0,22.9,364.0,d,0.0,1019.0,2.1,62.0,1021.0,0.0,364.0,7.1,2024-01-12T10:30:00,2024-01-12T15:30:00,1705073400.0,2.0,16.0,301.0,7.2,2.2,Clear Sky,c01d,800.0,4951257.0,Somerville,US,42.3876,-71.0995,MA,994971-99999,America/New_York
2024-01-12 10:45:00,-33.42807568587689,60.67122368791922,90.0,33.42807568587689,7.3,163.0,2.0,0.2,87.0,745.0,23.9,382.0,d,0.0,1019.0,2.1,61.0,1021.0,0.0,382.0,7.3,2024-01-12T10:45:00,2024-01-12T15:45:00,1705074300.0,2.1,16.0,304.0,7.0,2.1,Few clouds,c02d,801.0,4951257.0,Somerville,US,42.3876,-71.0995,MA,994971-99999,America/New_York
2024-01-12 11:00:00,-26.66434974577179,61.93573503999009,90.00000120741826,26.664349745771798,7.4,166.6,2.0,-0.1,89.0,757.0,24.9,401.0,d,0.0,1020.0,2.1,59.0,1022.0,0.0,401.0,7.4,2024-01-12T11:00:00,2024-01-12T16:00:00,1705075200.0,2.2,16.0,308.0,6.8,2.0,Few clouds,c02d,801.0,4951257.0,Somerville,US,42.3876,-71.0995,MA,994971-99999,America/New_York
2024-01-12 11:15:00,-19.442912554512592,62.92447312279587,90.0,19.44291255451259,7.4,170.4,2.0,-0.3,90.0,760.0,25.1,406.0,d,0.0,1019.0,2.1,58.0,1021.0,0.0,406.0,7.4,2024-01-12T11:15:00,2024-01-12T16:15:00,1705076100.0,2.2,16.0,302.0,8.7,1.9,Few clouds,c02d,801.0,4951257.0,Somerville,US,42.3876,-71.0995,MA,994971-99999,America/New_York
2024-01-12 11:30:00,-11.843816708642496,63.60486837930631,90.00000283164684,11.84381670864251,7.5,174.3,1.0,-0.7,90.0,763.0,25.4,411.0,d,0.0,1019.0,2.1,56.0,1021.0,0.0,411.0,7.5,2024-01-12T11:30:00,2024-01-12T16:30:00,1705077000.0,2.2,16.0,297.0,6.0,1.8,Clear Sky,c01d,800.0,4951257.0,Somerville,US,42.3876,-71.0995,MA,994971-99999,America/New_York
2024-01-12 11:45:00,-3.9938714534004323,63.95169673930517,90.00000591511733,3.9938714534004536,7.5,178.1,0.0,-1.2,91.0,766.0,25.7,416.0,d,0.0,1019.0,2.1,54.0,1021.0,0.0,416.0,7.5,2024-01-12T11:45:00,2024-01-12T16:45:00,1705077900.0,2.3,16.0,292.0,5.6,1.7,Clear Sky,c01d,800.0,4951257.0,Somerville,US,42.3876,-71.0995,MA,994971-99999,America/New_York
2024-01-12 12:00:00,3.944091673714916,63.95109639854176,269.9999948773581,3.9440916737149316,7.5,182.0,0.0,-1.4,91.0,769.0,26.0,421.0,d,0.0,1019.0,2.1,53.0,1021.0,0.0,421.0,7.5,2024-01-12T12:00:00,2024-01-12T17:00:00,1705078800.0,2.3,16.0,286.0,5.2,1.6,Clear Sky,c01d,800.0,4951257.0,Somerville,US,42.3876,-71.0995,MA,994971-99999,America/New_York
2024-01-12 12:15:00,11.793621982110439,63.603072431379815,269.99999774112723,11.79362198211045,7.7,185.8,0.0,-1.6,90.0,764.0,25.5,413.0,d,0.0,1019.0,2.1,52.0,1021.0,0.0,413.0,7.7,2024-01-12T12:15:00,2024-01-12T17:15:00,1705079700.0,2.3,16.0,276.0,4.7,1.4,Clear Sky,c01d,800.0,4951257.0,Somerville,US,42.3876,-71.0995,MA,994971-99999,America/New_York
2024-01-12 12:30:00,19.391943152533788,62.92149405957148,269.9999985212207,19.39194315253379,7.8,189.6,0.0,-1.4,89.0,759.0,25.1,404.0,d,0.0,1019.0,2.1,52.0,1021.0,0.0,404.0,7.8,2024-01-12T12:30:00,2024-01-12T17:30:00,1705080600.0,2.2,16.0,265.0,4.2,1.2,Clear Sky,c01d,800.0,4951257.0,Somerville,US,42.3876,-71.0995,MA,994971-99999,America/New_York
2024-01-12 12:45:00,26.61233711268037,61.931589987565246,270.0,26.61233711268037,7.9,193.4,0.0,-1.6,89.0,754.0,24.6,396.0,d,0.0,1019.0,2.1,51.0,1021.0,0.0,396.0,7.9,2024-01-12T12:45:00,2024-01-12T17:45:00,1705081500.0,2.2,16.0,254.0,3.7,1.0,Clear Sky,c01d,800.0,4951257.0,Somerville,US,42.3876,-71.0995,MA,994971-99999,America/New_York
2024-01-12 13:00:00,33.37485136024903,60.66592201326327,270.0,33.374851360249025,8.1,197.2,0.0,-1.7,88.0,749.0,24.1,387.0,d,0.0,1019.0,2.1,50.0,1021.0,0.0,387.0,8.1,2024-01-12T13:00:00,2024-01-12T18:00:00,1705082400.0,2.1,16.0,244.0,3.2,0.8,Clear Sky,c01d,800.0,4951257.0,Somerville,US,42.3876,-71.0995,MA,994971-99999,America/New_York
2024-01-12 13:15:00,39.644903104953045,59.160174606121366,270.0,39.644903104953045,8.1,200.8,0.0,-1.7,86.0,734.0,23.0,366.0,d,0.0,1019.0,2.1,50.0,1021.0,0.0,366.0,8.1,2024-01-12T13:15:00,2024-01-12T18:15:00,1705083300.0,2.0,16.0,216.0,3.1,0.8,Clear Sky,c01d,800.0,4951257.0,Somerville,US,42.3876,-71.0995,MA,994971-99999,America/New_York
2024-01-12 13:30:00,45.42408273765508,57.449747306475345,270.0,45.42408273765507,8.1,204.3,0.0,-1.7,84.0,719.0,21.8,345.0,d,0.0,1019.0,2.1,50.0,1021.0,0.0,345.0,8.1,2024-01-12T13:30:00,2024-01-12T18:30:00,1705084200.0,1.9,16.0,188.0,3.0,0.8,Clear Sky,c01d,800.0,4951257.0,Somerville,US,42.3876,-71.0995,MA,994971-99999,America/New_York
2024-01-12 13:45:00,50.738422587267465,55.56754398929941,270.0,50.738422587267465,8.1,207.9,0.0,-2.0,81.0,704.0,20.7,324.0,d,0.0,1018.0,2.1,49.0,1020.0,0.0,324.0,8.1,2024-01-12T13:45:00,2024-01-12T18:45:00,1705085100.0,1.8,16.0,160.0,2.9,0.8,Clear Sky,c01d,800.0,4951257.0,Somerville,US,42.3876,-71.0995,MA,994971-99999,America/New_York
2024-01-12 14:00:00,55.627777867774896,53.5428641143885,270.0,55.627777867774896,8.1,211.4,0.0,-2.0,79.0,689.0,19.6,303.0,d,0.0,1018.0,2.1,49.0,1020.0,0.0,303.0,8.1,2024-01-12T14:00:00,2024-01-12T19:00:00,1705086000.0,1.7,16.0,132.0,2.8,0.8,Clear Sky,c01d,800.0,4951257.0,Somerville,US,42.3876,-71.0995,MA,994971-99999,America/New_York
2024-01-12 14:15:00,60.0,51.40122612582661,270.0,59.99999999999999,7.9,214.6,0.0,-1.8,75.0,658.0,17.9,272.0,d,0.0,1018.0,2.1,50.0,1020.0,0.0,272.0,7.9,2024-01-12T14:15:00,2024-01-12T19:15:00,1705086900.0,1.6,16.0,131.0,3.2,1.2,Clear Sky,c01d,800.0,4951257.0,Somerville,US,42.3876,-71.0995,MA,994971-99999,America/New_York
2024-01-12 14:30:00,60.0,49.304091721183966,270.0,59.99999999999999,7.8,217.8,0.0,-1.7,71.0,626.0,16.2,241.0,d,0.0,1018.0,2.1,51.0,1020.0,0.0,241.0,7.8,2024-01-12T14:30:00,2024-01-12T19:30:00,1705087800.0,1.5,16.0,130.0,3.6,1.6,Clear Sky,c01d,800.0,4951257.0,Somerville,US,42.3876,-71.0995,MA,994971-99999,America/New_York
2024-01-12 14:45:00,60.0,47.396617797057914,270.0,59.99999999999999,7.7,220.9,0.0,-1.6,67.0,595.0,14.5,210.0,d,0.0,1018.0,2.1,52.0,1020.0,0.0,210.0,7.7,2024-01-12T14:45:00,2024-01-12T19:45:00,1705088700.0,1.5,16.0,129.0,4.0,2.0,Clear Sky,c01d,800.0,4951257.0,Somerville,US,42.3876,-71.0995,MA,994971-99999,America/New_York
2024-01-12 15:00:00,60.0,45.70216815577229,270.0,59.99999999999999,7.5,224.1,0.0,-1.4,63.0,563.0,12.8,179.0,d,0.0,1018.0,2.1,53.0,1020.0,0.0,179.0,7.5,2024-01-12T15:00:00,2024-01-12T20:00:00,1705089600.0,1.4,16.0,128.0,4.4,2.4,Clear Sky,c01d,800.0,4951257.0,Somerville,US,42.3876,-71.0995,MA,994971-99999,America/New_York
2024-01-12 15:15:00,48.15811947884265,48.62381654890989,270.0,48.15811947884265,7.3,226.9,0.0,-1.4,55.0,490.0,10.7,145.0,d,0.0,1018.0,2.1,54.0,1020.0,0.0,145.0,7.3,2024-01-12T15:15:00,2024-01-12T20:15:00,1705090500.0,1.3,16.0,124.0,4.6,2.6,Clear Sky,c01d,800.0,4951257.0,Somerville,US,42.3876,-71.0995,MA,994971-99999,America/New_York
2024-01-12 15:30:00,32.72675910815947,57.48810340821261,270.0,32.72675910815948,5.0,229.7,0.0,-1.2,48.0,417.0,8.6,111.0,d,0.0,1018.0,2.1,56.0,1020.0,0.0,111.0,7.0,2024-01-12T15:30:00,2024-01-12T20:30:00,1705091400.0,1.3,16.0,120.0,4.8,2.8,Clear Sky,c01d,800.0,4951257.0,Somerville,US,42.3876,-71.0995,MA,994971-99999,America/New_York
2024-01-12 15:45:00,22.39706256869639,65.88547991709406,270.0,22.39706256869639,4.6,232.5,1.0,-0.9,40.0,343.0,6.4,77.0,d,0.0,1018.0,2.1,58.0,1020.0,0.0,77.0,6.8,2024-01-12T15:45:00,2024-01-12T20:45:00,1705092300.0,1.3,16.0,116.0,5.0,3.0,Clear Sky,c01d,800.0,4951257.0,Somerville,US,42.3876,-71.0995,MA,994971-99999,America/New_York
2024-01-12 16:00:00,14.063117863772547,74.00984914211442,270.0,14.06311786377254,4.2,235.3,1.0,-0.9,33.0,270.0,4.3,43.0,d,0.0,1019.0,2.1,59.0,1021.0,0.0,43.0,6.5,2024-01-12T16:00:00,2024-01-12T21:00:00,1705093200.0,1.2,16.0,112.0,5.2,3.2,Clear Sky,c01n,800.0,4951257.0,Somerville,US,42.3876,-71.0995,MA,994971-99999,America/New_York
2024-01-12 16:15:00,6.837181309834406,81.91304217557023,269.9999950954438,6.83718130983443,3.9,237.8,1.0,-0.4,25.0,202.0,1.9,33.0,d,0.0,1018.0,2.1,62.0,1020.0,0.0,33.0,6.3,2024-01-12T16:15:00,2024-01-12T21:15:00,1705094100.0,1.2,16.0,112.0,5.5,3.3,Clear Sky,c01n,800.0,4951257.0,Somerville,US,42.3876,-71.0995,MA,994971-99999,America/New_York
2024-01-12 16:30:00,0.5146017805521836,89.37327151783313,270.0,0.5146017805521264,3.7,240.4,0.0,0.3,16.0,135.0,-0.5,22.0,d,0.0,1018.0,2.1,66.0,1020.0,0.0,22.0,6.2,2024-01-12T16:30:00,2024-01-12T21:30:00,1705095000.0,0.0,16.0,113.0,5.8,3.4,Clear Sky,c01n,800.0,4951257.0,Somerville,US,42.3876,-71.0995,MA,994971-99999,America/New_York
2024-01-12 16:45:00,,,,,3.4,242.9,0.0,1.0,8.0,67.0,-2.9,11.0,d,0.0,1018.0,2.1,70.0,1020.0,0.0,11.0,6.0,2024-01-12T16:45:00,2024-01-12T21:45:00,1705095900.0,0.0,16.0,114.0,6.1,3.5,Clear Sky,c01n,800.0,4951257.0,Somerville,US,42.3876,-71.0995,MA,994971-99999,America/New_York
2024-01-12 17:00:00,,,,,3.2,245.4,0.0,1.4,0.0,0.0,-5.3,0.0,n,0.0,1018.0,2.1,73.0,1020.0,0.0,0.0,5.9,2024-01-12T17:00:00,2024-01-12T22:00:00,1705096800.0,0.0,16.0,114.0,6.4,3.6,Clear Sky,c01n,800.0,4951257.0,Somerville,US,42.3876,-71.0995,MA,994971-99999,America/New_York
2024-01-12 17:15:00,,,,,2.8,247.8,25.0,1.4,0.0,0.0,-7.9,0.0,n,0.0,1018.0,2.1,74.0,1020.0,0.0,0.0,5.7,2024-01-12T17:15:00,2024-01-12T22:15:00,1705097700.0,0.0,16.0,116.0,8.7,3.8,Scattered clouds,c02n,802.0,4951257.0,Somerville,US,42.3876,-71.0995,MA,994971-99999,America/New_York
2024-01-12 17:30:00,,,,,2.5,250.1,50.0,1.4,0.0,0.0,-10.5,0.0,n,0.0,1018.0,2.1,75.0,1020.0,0.0,0.0,5.5,2024-01-12T17:30:00,2024-01-12T22:30:00,1705098600.0,0.0,16.0,117.0,6.8,4.0,Broken clouds,c03n,803.0,4951257.0,Somerville,US,42.3876,-71.0995,MA,994971-99999,America/New_York
2024-01-12 17:45:00,,,,,2.1,252.5,75.0,1.4,0.0,0.0,-13.1,0.0,n,0.0,1018.0,2.1,76.0,1020.0,0.0,0.0,5.3,2024-01-12T17:45:00,2024-01-12T22:45:00,1705099500.0,0.0,16.0,118.0,7.0,4.2,Overcast clouds,c04n,804.0,4951257.0,Somerville,US,42.3876,-71.0995,MA,994971-99999,America/New_York
2024-01-12 18:00:00,,,,,1.7,254.9,100.0,1.4,0.0,0.0,-15.7,0.0,n,0.0,1017.0,2.1,77.0,1019.0,0.0,0.0,5.1,2024-01-12T18:00:00,2024-01-12T23:00:00,1705100400.0,0.0,16.0,120.0,7.2,4.4,Overcast clouds,c04n,804.0,4951257.0,Somerville,US,42.3876,-71.0995,MA,994971-99999,America/New_York
2024-01-12 18:15:00,,,,,1.6,257.2,100.0,1.4,0.0,0.0,-18.4,0.0,n,0.0,1017.0,2.1,77.0,1019.0,0.0,0.0,5.0,2024-01-12T18:15:00,2024-01-12T23:15:00,1705101300.0,0.0,16.0,120.0,7.3,4.6,Overcast clouds,c04n,804.0,4951257.0,Somerville,US,42.3876,-71.0995,MA,994971-99999,America/New_York
2024-01-12 18:30:00,,,,,1.4,259.5,100.0,1.3,0.0,0.0,-21.1,0.0,n,0.0,1017.0,2.1,77.0,1019.0,0.0,0.0,5.0,2024-01-12T18:30:00,2024-01-12T23:30:00,1705102200.0,0.0,16.0,121.0,7.4,4.8,Overcast clouds,c04n,804.0,4951257.0,Somerville,US,42.3876,-71.0995,MA,994971-99999,America/New_York
2024-01-12 18:45:00,,,,,1.3,261.9,100.0,1.3,0.0,0.0,-23.9,0.0,n,0.0,1017.0,2.1,77.0,1019.0,0.0,0.0,5.0,2024-01-12T18:45:00,2024-01-12T23:45:00,1705103100.0,0.0,16.0,122.0,7.5,5.0,Overcast clouds,c04n,804.0,4951257.0,Somerville,US,42.3876,-71.0995,MA,994971-99999,America/New_York
2024-01-12 19:00:00,,,,,1.1,264.2,100.0,1.2,0.0,0.0,-26.6,0.0,n,0.0,1017.0,2.1,77.0,1019.0,0.0,0.0,4.9,2024-01-12T19:00:00,2024-01-13T00:00:00,1705104000.0,0.0,16.0,122.0,7.6,5.2,Overcast clouds,c04n,804.0,4951257.0,Somerville,US,42.3876,-71.0995,MA,994971-99999,America/New_York
2024-01-12 19:15:00,,,,,1.1,266.7,100.0,1.0,0.0,0.0,-29.3,0.0,n,0.0,1017.0,2.1,76.0,1019.0,0.0,0.0,4.8,2024-01-12T19:15:00,2024-01-13T00:15:00,1705104900.0,0.0,16.0,124.0,7.9,5.0,Overcast clouds,c04n,804.0,4951257.0,Somerville,US,42.3876,-71.0995,MA,994971-99999,America/New_York
2024-01-12 19:30:00,,,,,1.2,269.2,100.0,0.9,0.0,0.0,-32.1,0.0,n,0.0,1017.0,2.1,76.0,1019.0,0.0,0.0,4.8,2024-01-12T19:30:00,2024-01-13T00:30:00,1705105800.0,0.0,16.0,125.0,8.2,4.8,Overcast clouds,c04n,804.0,4951257.0,Somerville,US,42.3876,-71.0995,MA,994971-99999,America/New_York
2024-01-12 19:45:00,,,,,1.2,271.7,100.0,0.9,0.0,0.0,-34.9,0.0,n,0.0,1017.0,2.1,76.0,1019.0,0.0,0.0,4.8,2024-01-12T19:45:00,2024-01-13T00:45:00,1705106700.0,0.0,16.0,126.0,8.5,4.6,Overcast clouds,c04n,804.0,4951257.0,Somerville,US,42.3876,-71.0995,MA,994971-99999,America/New_York
2024-01-12 20:00:00,,,,,1.3,274.3,100.0,0.7,0.0,0.0,-37.7,0.0,n,0.0,1016.0,2.1,75.0,1018.0,0.0,0.0,4.7,2024-01-12T20:00:00,2024-01-13T01:00:00,1705107600.0,0.0,16.0,128.0,8.8,4.4,Overcast clouds,c04n,804.0,4951257.0,Somerville,US,42.3876,-71.0995,MA,994971-99999,America/New_York
2024-01-12 20:15:00,,,,,1.3,277.2,100.0,0.9,0.0,0.0,-40.4,0.0,n,0.0,1016.0,2.1,76.0,1018.0,0.0,0.0,4.8,2024-01-12T20:15:00,2024-01-13T01:15:00,1705108500.0,0.0,16.0,129.0,9.1,4.5,Overcast clouds,c04n,804.0,4951257.0,Somerville,US,42.3876,-71.0995,MA,994971-99999,America/New_York
2024-01-12 20:30:00,,,,,1.3,280.2,100.0,0.9,0.0,0.0,-43.1,0.0,n,0.0,1016.0,2.1,76.0,1018.0,0.0,0.0,4.8,2024-01-12T20:30:00,2024-01-13T01:30:00,1705109400.0,0.0,16.0,130.0,9.4,4.6,Overcast clouds,c04n,804.0,4951257.0,Somerville,US,42.3876,-71.0995,MA,994971-99999,America/New_York
2024-01-12 20:45:00,,,,,1.3,283.2,100.0,1.0,0.0,0.0,-45.8,0.0,n,0.0,1016.0,2.1,76.0,1018.0,0.0,0.0,4.8,2024-01-12T20:45:00,2024-01-13T01:45:00,1705110300.0,0.0,16.0,131.0,9.7,4.7,Overcast clouds,c04n,804.0,4951257.0,Somerville,US,42.3876,-71.0995,MA,994971-99999,America/New_York
2024-01-12 21:00:00,,,,,1.3,286.2,100.0,1.2,0.0,0.0,-48.5,0.0,n,0.0,1016.0,2.1,77.0,1018.0,0.0,0.0,4.9,2024-01-12T21:00:00,2024-01-13T02:00:00,1705111200.0,0.0,16.0,132.0,10.0,4.8,Overcast clouds,c04n,804.0,4951257.0,Somerville,US,42.3876,-71.0995,MA,994971-99999,America/New_York
2024-01-12 21:15:00,,,,,1.3,290.3,100.0,1.3,0.0,0.0,-51.1,0.0,n,0.0,1016.0,2.1,77.0,1018.0,0.0,0.0,5.0,2024-01-12T21:15:00,2024-01-13T02:15:00,1705112100.0,0.0,16.0,131.0,10.0,5.1,Overcast clouds,c04n,804.0,4951257.0,Somerville,US,42.3876,-71.0995,MA,994971-99999,America/New_York
2024-01-12 21:30:00,,,,,1.3,294.4,100.0,1.4,0.0,0.0,-53.6,0.0,n,0.0,1017.0,2.1,77.0,1019.0,0.0,0.0,5.1,2024-01-12T21:30:00,2024-01-13T02:30:00,1705113000.0,0.0,16.0,130.0,10.0,5.4,Overcast clouds,c04n,804.0,4951257.0,Somerville,US,42.3876,-71.0995,MA,994971-99999,America/New_York
2024-01-12 21:45:00,,,,,1.3,298.5,100.0,1.5,0.0,0.0,-56.1,0.0,n,0.0,1017.0,2.1,77.0,1019.0,0.0,0.0,5.2,2024-01-12T21:45:00,2024-01-13T02:45:00,1705113900.0,0.0,16.0,129.0,10.0,5.7,Overcast clouds,c04n,804.0,4951257.0,Somerville,US,42.3876,-71.0995,MA,994971-99999,America/New_York
2024-01-12 22:00:00,,,,,1.3,302.6,100.0,1.6,0.0,0.0,-58.6,0.0,n,0.0,1018.0,2.1,77.0,1020.0,0.0,0.0,5.3,2024-01-12T22:00:00,2024-01-13T03:00:00,1705114800.0,0.0,16.0,128.0,10.0,6.0,Overcast clouds,c04n,804.0,4951257.0,Somerville,US,42.3876,-71.0995,MA,994971-99999,America/New_York
2024-01-12 22:15:00,,,,,1.3,309.0,100.0,1.6,0.0,0.0,-60.6,0.0,n,0.0,1017.0,2.1,77.0,1019.0,0.0,0.0,5.3,2024-01-12T22:15:00,2024-01-13T03:15:00,1705115700.0,0.0,16.0,127.0,9.9,6.0,Overcast clouds,c04n,804.0,4951257.0,Somerville,US,42.3876,-71.0995,MA,994971-99999,America/New_York
2024-01-12 22:30:00,,,,,1.3,315.3,100.0,1.6,0.0,0.0,-62.6,0.0,n,0.0,1016.0,2.1,77.0,1018.0,0.0,0.0,5.3,2024-01-12T22:30:00,2024-01-13T03:30:00,1705116600.0,0.0,16.0,126.0,9.8,6.0,Overcast clouds,c04n,804.0,4951257.0,Somerville,US,42.3876,-71.0995,MA,994971-99999,America/New_York
2024-01-12 22:45:00,,,,,1.3,321.6,100.0,1.6,0.0,0.0,-64.5,0.0,n,0.0,1016.0,2.1,77.0,1018.0,0.0,0.0,5.3,2024-01-12T22:45:00,2024-01-13T03:45:00,1705117500.0,0.0,16.0,125.0,9.7,6.0,Overcast clouds,c04n,804.0,4951257.0,Somerville,US,42.3876,-71.0995,MA,994971-99999,America/New_York
2024-01-12 23:00:00,,,,,1.3,328.0,100.0,1.6,0.0,0.0,-66.5,0.0,n,0.0,1015.0,2.1,77.0,1017.0,0.0,0.0,5.3,2024-01-12T23:00:00,2024-01-13T04:00:00,1705118400.0,0.0,16.0,124.0,9.6,6.0,Overcast clouds,c04n,804.0,4951257.0,Somerville,US,42.3876,-71.0995,MA,994971-99999,America/New_York
2024-01-12 23:15:00,,,,,1.3,247.2,100.0,1.5,0.0,0.0,-67.2,0.0,n,0.0,1015.0,2.1,76.0,1017.0,0.0,0.0,5.4,2024-01-12T23:15:00,2024-01-13T04:15:00,1705119300.0,0.0,16.0,124.0,9.9,6.1,Overcast clouds,c04n,804.0,4951257.0,Somerville,US,42.3876,-71.0995,MA,994971-99999,America/New_York
2024-01-12 23:30:00,,,,,1.4,166.4,100.0,1.6,0.0,0.0,-67.8,0.0,n,0.0,1015.0,2.1,76.0,1017.0,0.0,0.0,5.4,2024-01-12T23:30:00,2024-01-13T04:30:00,1705120200.0,0.0,16.0,123.0,10.2,6.2,Overcast clouds,c04n,804.0,4951257.0,Somerville,US,42.3876,-71.0995,MA,994971-99999,America/New_York
2024-01-12 23:45:00,,,,,1.4,85.6,100.0,1.6,0.0,0.0,-68.5,0.0,n,0.0,1014.0,2.1,76.0,1016.0,0.0,0.0,5.5,2024-01-12T23:45:00,2024-01-13T04:45:00,1705121100.0,0.0,16.0,122.0,10.5,6.3,Overcast clouds,c04n,804.0,4951257.0,Somerville,US,42.3876,-71.0995,MA,994971-99999,America/New_York
2024-01-13 00:00:00,,,,,1.5,4.9,100.0,1.5,0.0,0.0,-69.2,0.0,n,0.0,1014.0,2.1,75.0,1016.0,0.0,0.0,5.6,2024-01-13T00:00:00,2024-01-13T05:00:00,1705122000.0,0.0,16.0,122.0,10.8,6.4,Overcast clouds,c04n,804.0,4951257.0,Somerville,US,42.3876,-71.0995,MA,994971-99999,America/New_York
2024-01-13 00:15:00,,,,,1.5,13.5,100.0,1.8,0.0,0.0,-68.1,0.0,n,0.0,1013.0,2.1,76.0,1015.0,0.0,0.0,5.7,2024-01-13T00:15:00,2024-01-13T05:15:00,1705122900.0,0.0,16.0,120.0,11.7,6.7,Overcast clouds,c04n,804.0,4951257.0,Somerville,US,42.3876,-71.0995,MA,994971-99999,America/New_York
2024-01-13 00:30:00,,,,,1.5,22.1,100.0,2.2,0.0,0.0,-67.0,0.0,n,0.0,1013.0,2.1,78.0,1015.0,0.0,0.0,5.8,2024-01-13T00:30:00,2024-01-13T05:30:00,1705123800.0,0.0,16.0,119.0,12.6,7.0,Overcast clouds,c04n,804.0,4951257.0,Somerville,US,42.3876,-71.0995,MA,994971-99999,America/New_York
2024-01-13 00:45:00,,,,,1.5,30.8,100.0,2.6,0.0,0.0,-66.0,0.0,n,0.0,1013.0,2.1,80.0,1015.0,0.0,0.0,5.8,2024-01-13T00:45:00,2024-01-13T05:45:00,1705124700.0,0.0,16.0,118.0,13.5,7.3,Overcast clouds,c04n,804.0,4951257.0,Somerville,US,42.3876,-71.0995,MA,994971-99999,America/New_York
2024-01-13 01:00:00,,,,,1.5,39.4,100.0,2.9,0.0,0.0,-64.9,0.0,n,0.0,1012.0,2.1,81.0,1014.0,0.0,0.0,5.9,2024-01-13T01:00:00,2024-01-13T06:00:00,1705125600.0,0.0,16.0,116.0,14.4,7.6,Overcast clouds,c04n,804.0,4951257.0,Somerville,US,42.3876,-71.0995,MA,994971-99999,America/New_York
2024-01-13 01:15:00,,,,,1.5,45.1,100.0,3.1,0.0,0.0,-62.7,0.0,n,0.0,1012.0,2.1,82.0,1014.0,0.0,0.0,6.0,2024-01-13T01:15:00,2024-01-13T06:15:00,1705126500.0,0.0,16.0,114.0,14.7,7.8,Overcast clouds,c04n,804.0,4951257.0,Somerville,US,42.3876,-71.0995,MA,994971-99999,America/New_York
2024-01-13 01:30:00,,,,,1.5,50.7,100.0,3.6,0.0,0.0,-60.6,0.0,n,0.0,1011.0,2.1,84.0,1013.0,0.0,0.0,6.0,2024-01-13T01:30:00,2024-01-13T06:30:00,1705127400.0,0.0,16.0,111.0,15.0,8.0,Overcast clouds,c04n,804.0,4951257.0,Somerville,US,42.3876,-71.0995,MA,994971-99999,America/New_York
2024-01-13 01:45:00,,,,,1.6,56.4,100.0,3.8,0.0,0.0,-58.4,0.0,n,0.0,1011.0,2.1,85.0,1013.0,0.0,0.0,6.1,2024-01-13T01:45:00,2024-01-13T06:45:00,1705128300.0,0.0,16.0,108.0,15.3,8.2,Overcast clouds,c04n,804.0,4951257.0,Somerville,US,42.3876,-71.0995,MA,994971-99999,America/New_York
2024-01-13 02:00:00,,,,,1.6,62.0,100.0,4.0,0.0,0.0,-56.2,0.0,n,0.0,1010.0,2.1,86.0,1012.0,0.0,0.0,6.2,2024-01-13T02:00:00,2024-01-13T07:00:00,1705129200.0,0.0,16.0,106.0,12.9,8.4,Overcast clouds,c04n,804.0,4951257.0,Somerville,US,42.3876,-71.0995,MA,994971-99999,America/New_York
2024-01-13 02:15:00,,,,,1.5,65.8,100.0,4.0,0.0,0.0,-53.6,0.0,n,2.0,1009.0,2.1,86.0,1011.0,0.0,0.0,6.2,2024-01-13T02:15:00,2024-01-13T07:15:00,1705130100.0,0.0,16.0,105.0,12.9,8.7,Light rain,r01n,500.0,4951257.0,Somerville,US,42.3876,-71.0995,MA,994971-99999,America/New_York
2024-01-13 02:30:00,,,,,1.3,69.5,100.0,4.1,0.0,0.0,-51.1,0.0,n,1.0,1008.0,2.1,87.0,1010.0,0.0,0.0,6.1,2024-01-13T02:30:00,2024-01-13T07:30:00,1705131000.0,0.0,10.0,104.0,16.8,9.0,Light rain,r01n,500.0,4951257.0,Somerville,US,42.3876,-71.0995,MA,994971-99999,America/New_York
2024-01-13 02:45:00,,,,,1.2,73.2,100.0,4.2,0.0,0.0,-48.5,0.0,n,2.0,1008.0,2.1,88.0,1010.0,0.0,0.0,6.0,2024-01-13T02:45:00,2024-01-13T07:45:00,1705131900.0,0.0,10.0,103.0,17.4,9.3,Light rain,r01n,500.0,4951257.0,Somerville,US,42.3876,-71.0995,MA,994971-99999,America/New_York
2024-01-13 03:00:00,,,,,1.0,77.0,100.0,4.2,0.0,0.0,-45.9,0.0,n,4.0,1007.0,2.1,88.0,1009.0,0.0,0.0,6.0,2024-01-13T03:00:00,2024-01-13T08:00:00,1705132800.0,0.0,10.0,102.0,18.0,9.6,Moderate rain,r02n,501.0,4951257.0,Somerville,US,42.3876,-71.0995,MA,994971-99999,America/New_York
2024-01-13 03:15:00,,,,,1.0,79.8,100.0,4.2,0.0,0.0,-43.1,0.0,n,4.0,1006.0,2.1,88.0,1008.0,0.0,0.0,6.0,2024-01-13T03:15:00,2024-01-13T08:15:00,1705133700.0,0.0,10.0,102.0,18.3,9.8,Moderate rain,r02n,501.0,4951257.0,Somerville,US,42.3876,-71.0995,MA,994971-99999,America/New_York
2024-01-13 03:30:00,,,,,0.9,82.6,100.0,4.3,0.0,0.0,-40.4,0.0,n,7.0,1006.0,2.1,89.0,1008.0,0.0,0.0,6.0,2024-01-13T03:30:00,2024-01-13T08:30:00,1705134600.0,0.0,10.0,102.0,18.6,10.0,Moderate rain,r02n,501.0,4951257.0,Somerville,US,42.3876,-71.0995,MA,994971-99999,America/New_York
2024-01-13 03:45:00,,,,,0.9,85.5,100.0,4.5,0.0,0.0,-37.6,0.0,n,3.0,1005.0,2.1,90.0,1007.0,0.0,0.0,6.0,2024-01-13T03:45:00,2024-01-13T08:45:00,1705135500.0,0.0,10.0,102.0,18.9,10.2,Light rain,r01n,500.0,4951257.0,Somerville,US,42.3876,-71.0995,MA,994971-99999,America/New_York
2024-01-13 04:00:00,,,,,0.8,88.3,100.0,4.5,0.0,0.0,-34.9,0.0,n,2.0,1005.0,2.1,90.0,1007.0,0.0,0.0,6.0,2024-01-13T04:00:00,2024-01-13T09:00:00,1705136400.0,0.0,10.0,102.0,19.2,10.4,Light rain,r01n,500.0,4951257.0,Somerville,US,42.3876,-71.0995,MA,994971-99999,America/New_York
2024-01-13 04:15:00,,,,,0.8,90.7,100.0,4.5,0.0,0.0,-32.1,0.0,n,8.0,1004.0,2.1,90.0,1006.0,0.0,0.0,6.0,2024-01-13T04:15:00,2024-01-13T09:15:00,1705137300.0,0.0,10.0,106.0,19.4,10.6,Moderate rain,r02n,501.0,4951257.0,Somerville,US,42.3876,-71.0995,MA,994971-99999,America/New_York
2024-01-13 04:30:00,,,,,0.7,93.2,100.0,4.5,0.0,0.0,-29.4,0.0,n,13.0,1003.0,2.1,90.0,1005.0,0.0,0.0,6.0,2024-01-13T04:30:00,2024-01-13T09:30:00,1705138200.0,0.0,10.0,111.0,19.6,10.8,Heavy rain,r03n,502.0,4951257.0,Somerville,US,42.3876,-71.0995,MA,994971-99999,America/New_York
2024-01-13 04:45:00,,,,,0.7,95.6,100.0,4.5,0.0,0.0,-26.6,0.0,n,9.0,1002.0,2.1,90.0,1004.0,0.0,0.0,6.0,2024-01-13T04:45:00,2024-01-13T09:45:00,1705139100.0,0.0,10.0,116.0,19.8,11.0,Moderate rain,r02n,501.0,4951257.0,Somerville,US,42.3876,-71.0995,MA,994971-99999,America/New_York
2024-01-13 05:00:00,,,,,0.6,98.1,100.0,4.5,0.0,0.0,-23.8,0.0,n,6.0,1002.0,2.1,90.0,1004.0,0.0,0.0,6.0,2024-01-13T05:00:00,2024-01-13T10:00:00,1705140000.0,0.0,10.0,120.0,20.0,11.2,Moderate rain,r02n,501.0,4951257.0,Somerville,US,42.3876,-71.0995,MA,994971-99999,America/New_York
2024-01-13 05:15:00,,,,,0.9,100.4,100.0,4.7,0.0,0.0,-21.1,0.0,n,5.0,1001.0,2.1,90.0,1003.0,0.0,0.0,6.2,2024-01-13T05:15:00,2024-01-13T10:15:00,1705140900.0,0.0,10.0,120.0,14.4,11.1,Moderate rain,r02n,501.0,4951257.0,Somerville,US,42.3876,-71.0995,MA,994971-99999,America/New_York
2024-01-13 05:30:00,,,,,1.1,102.7,100.0,4.8,0.0,0.0,-18.4,0.0,n,3.0,1001.0,2.1,90.0,1003.0,0.0,0.0,6.4,2024-01-13T05:30:00,2024-01-13T10:30:00,1705141800.0,0.0,10.0,119.0,20.4,11.0,Light rain,r01n,500.0,4951257.0,Somerville,US,42.3876,-71.0995,MA,994971-99999,America/New_York
2024-01-13 05:45:00,,,,,1.4,105.1,100.0,5.0,0.0,0.0,-15.7,0.0,n,3.0,1000.0,2.1,90.0,1002.0,0.0,0.0,6.5,2024-01-13T05:45:00,2024-01-13T10:45:00,1705142700.0,0.0,10.0,118.0,20.6,10.9,Light rain,r01n,500.0,4951257.0,Somerville,US,42.3876,-71.0995,MA,994971-99999,America/New_York
2024-01-13 06:00:00,,,,,1.7,107.4,100.0,5.2,0.0,0.0,-13.0,0.0,n,6.0,1000.0,2.1,90.0,1002.0,0.0,0.0,6.7,2024-01-13T06:00:00,2024-01-13T11:00:00,1705143600.0,0.0,10.0,118.0,20.8,10.8,Moderate rain,r02n,501.0,4951257.0,Somerville,US,42.3876,-71.0995,MA,994971-99999,America/New_York
2024-01-13 06:15:00,,,,,2.0,109.8,100.0,5.5,0.0,0.0,-10.5,0.0,n,3.0,999.0,2.1,91.0,1001.0,0.0,0.0,6.9,2024-01-13T06:15:00,2024-01-13T11:15:00,1705144500.0,0.0,10.0,117.0,16.5,10.5,Light rain,r01n,500.0,4951257.0,Somerville,US,42.3876,-71.0995,MA,994971-99999,America/New_York
2024-01-13 06:30:00,,,,,2.3,112.2,100.0,5.9,0.0,0.0,-7.9,0.0,n,2.0,998.0,2.1,92.0,1000.0,0.0,0.0,7.1,2024-01-13T06:30:00,2024-01-13T11:30:00,1705145400.0,0.0,10.0,116.0,20.8,10.2,Light rain,r01n,500.0,4951257.0,Somerville,US,42.3876,-71.0995,MA,994971-99999,America/New_York
2024-01-13 06:45:00,,,,,7.3,114.6,100.0,6.1,0.0,0.0,-5.3,0.0,n,2.0,998.0,2.1,92.0,1000.0,0.0,0.0,7.3,2024-01-13T06:45:00,2024-01-13T11:45:00,1705146300.0,0.0,10.0,115.0,20.8,9.9,Light rain,r01n,500.0,4951257.0,Somerville,US,42.3876,-71.0995,MA,994971-99999,America/New_York
2024-01-13 07:00:00,,,,,7.5,116.9,100.0,6.4,0.0,0.0,-2.8,0.0,n,14.0,997.0,2.1,93.0,999.0,0.0,0.0,7.5,2024-01-13T07:00:00,2024-01-13T12:00:00,1705147200.0,0.0,10.0,114.0,20.8,9.6,Heavy rain,r03n,502.0,4951257.0,Somerville,US,42.3876,-71.0995,MA,994971-99999,America/New_York
2024-01-13 07:15:00,-0.5071321147894707,89.3814474986143,90.00004171276268,0.5071321147896051,7.7,119.5,100.0,6.6,11.0,94.0,-0.4,19.0,d,5.0,996.0,2.1,93.0,998.0,0.0,8.0,7.7,2024-01-13T07:15:00,2024-01-13T12:15:00,1705148100.0,0.0,10.0,114.0,13.4,8.8,Moderate rain,r02n,501.0,4951257.0,Somerville,US,42.3876,-71.0995,MA,994971-99999,America/New_York
2024-01-13 07:30:00,-6.835531922979257,81.90135863400211,90.00000482967307,6.835531922979281,7.8,122.1,100.0,6.8,21.0,188.0,1.9,38.0,d,18.0,995.0,2.1,93.0,997.0,0.0,11.0,7.8,2024-01-13T07:30:00,2024-01-13T12:30:00,1705149000.0,0.4,10.0,113.0,20.6,8.0,Heavy rain,r03n,502.0,4951257.0,Somerville,US,42.3876,-71.0995,MA,994971-99999,America/New_York
2024-01-13 07:45:00,-14.067995016896091,73.97372354497053,90.0,14.067995016896086,8.0,124.7,100.0,6.9,32.0,282.0,4.3,58.0,d,8.0,995.0,2.1,93.0,997.0,0.0,19.0,8.0,2024-01-13T07:45:00,2024-01-13T12:45:00,1705149900.0,0.4,10.0,112.0,20.5,7.2,Moderate rain,r02d,501.0,4951257.0,Somerville,US,42.3876,-71.0995,MA,994971-99999,America/New_York
2024-01-13 08:00:00,-22.40874842851182,65.82033499185086,90.0,22.408748428511824,8.2,127.3,100.0,7.1,43.0,376.0,6.6,77.0,d,5.0,994.0,2.1,93.0,996.0,0.0,32.0,8.2,2024-01-13T08:00:00,2024-01-13T13:00:00,1705150800.0,0.4,10.0,112.0,20.4,6.4,Moderate rain,r02d,501.0,4951257.0,Somerville,US,42.3876,-71.0995,MA,994971-99999,America/New_York
2024-01-13 08:15:00,-32.74690585357422,57.38682812411693,90.0,32.74690585357422,8.3,130.2,100.0,7.4,49.0,433.0,8.7,111.0,d,5.0,993.0,2.1,94.0,995.0,0.0,37.0,8.3,2024-01-13T08:15:00,2024-01-13T13:15:00,1705151700.0,0.4,10.0,110.0,19.7,5.7,Moderate rain,r02d,501.0,4951257.0,Somerville,US,42.3876,-71.0995,MA,994971-99999,America/New_York
2024-01-13 08:30:00,-48.197005319607,48.473957505197575,90.0,48.197005319607,8.5,133.1,100.0,7.6,55.0,491.0,10.7,146.0,d,0.0,992.0,2.1,94.0,994.0,0.0,70.0,8.5,2024-01-13T08:30:00,2024-01-13T13:30:00,1705152600.0,0.4,10.0,109.0,19.0,5.0,Overcast clouds,c04d,804.0,4951257.0,Somerville,US,42.3876,-71.0995,MA,994971-99999,America/New_York
2024-01-13 08:45:00,-60.0,45.542280784676834,90.0,59.99999999999999,8.6,135.9,100.0,7.7,62.0,548.0,12.7,180.0,d,1.0,991.0,2.1,94.0,993.0,0.0,80.0,8.6,2024-01-13T08:45:00,2024-01-13T13:45:00,1705153500.0,0.4,10.0,108.0,18.3,4.3,Light rain,r01d,500.0,4951257.0,Somerville,US,42.3876,-71.0995,MA,994971-99999,America/New_York
2024-01-13 09:00:00,-60.0,47.23096914259196,90.0,59.99999999999999,8.8,138.8,100.0,8.0,68.0,606.0,14.7,214.0,d,0.0,991.0,2.1,95.0,993.0,0.0,89.0,8.8,2024-01-13T09:00:00,2024-01-13T14:00:00,1705154400.0,0.5,10.0,106.0,17.6,3.6,Overcast clouds,c04d,804.0,4951257.0,Somerville,US,42.3876,-71.0995,MA,994971-99999,America/New_York
2024-01-13 09:15:00,-60.0,49.13395203398914,90.0,59.99999999999999,8.9,142.1,100.0,8.2,72.0,632.0,16.3,243.0,d,1.0,990.0,2.1,95.0,992.0,0.0,96.0,8.9,2024-01-13T09:15:00,2024-01-13T14:15:00,1705155300.0,0.5,10.0,116.0,16.5,4.4,Light rain,r01d,500.0,4951257.0,Somerville,US,42.3876,-71.0995,MA,994971-99999,America/New_York
2024-01-13 09:30:00,-60.0,51.22770894848034,90.0,59.99999999999999,9.1,145.4,100.0,8.3,75.0,658.0,17.9,272.0,d,0.0,990.0,2.1,95.0,992.0,0.0,102.0,9.1,2024-01-13T09:30:00,2024-01-13T14:30:00,1705156200.0,0.5,10.0,126.0,15.4,5.2,Overcast clouds,c04d,804.0,4951257.0,Somerville,US,42.3876,-71.0995,MA,994971-99999,America/New_York
2024-01-13 09:45:00,-55.63948386002774,53.36679323848748,90.0,55.63948386002774,9.3,148.6,100.0,8.5,79.0,684.0,19.5,301.0,d,0.0,989.0,2.1,95.0,991.0,0.0,109.0,9.3,2024-01-13T09:45:00,2024-01-13T14:45:00,1705157100.0,0.5,10.0,136.0,14.3,6.0,Overcast clouds,c04d,804.0,4951257.0,Somerville,US,42.3876,-71.0995,MA,994971-99999,America/New_York
2024-01-13 10:00:00,-50.76132267325113,55.389113634038814,90.0,50.76132267325113,9.4,151.9,100.0,8.6,82.0,710.0,21.1,330.0,d,0.0,988.0,2.1,95.0,990.0,0.0,115.0,9.4,2024-01-13T10:00:00,2024-01-13T15:00:00,1705158000.0,0.6,10.0,146.0,13.2,6.8,Overcast clouds,c04d,804.0,4951257.0,Somerville,US,42.3876,-71.0995,MA,994971-99999,America/New_York
2024-01-13 10:15:00,-45.46232382306512,57.269302370091786,90.0,45.46232382306512,9.6,155.5,100.0,8.9,84.0,722.0,22.0,348.0,d,0.0,988.0,2.1,96.0,990.0,0.0,119.0,9.6,2024-01-13T10:15:00,2024-01-13T15:15:00,1705158900.0,0.6,16.0,149.0,12.4,7.3,Overcast clouds,c04d,804.0,4951257.0,Somerville,US,42.3876,-71.0995,MA,994971-99999,America/New_York
2024-01-13 10:30:00,-39.70339356786816,58.97827939557557,90.00000120741826,39.70339356786817,9.7,159.2,100.0,9.1,86.0,734.0,23.0,367.0,d,0.0,987.0,2.1,96.0,989.0,0.0,123.0,9.7,2024-01-13T10:30:00,2024-01-13T15:30:00,1705159800.0,0.6,16.0,152.0,12.2,7.8,Overcast clouds,c04d,804.0,4951257.0,Somerville,US,42.3876,-71.0995,MA,994971-99999,America/New_York
2024-01-13 10:45:00,-33.45907190760159,60.48342573286472,90.00000120741826,33.4590719076016,9.8,162.8,100.0,9.4,88.0,747.0,24.0,385.0,d,0.0,987.0,2.1,97.0,989.0,0.0,127.0,9.8,2024-01-13T10:45:00,2024-01-13T15:45:00,1705160700.0,0.7,10.0,155.0,11.7,8.3,Fog,a05d,741.0,4951257.0,Somerville,US,42.3876,-71.0995,MA,994971-99999,America/New_York
2024-01-13 11:00:00,-26.727886349889534,61.749672360312616,90.00000120741826,26.72788634988954,10.0,166.5,100.0,9.7,89.0,759.0,25.0,403.0,d,0.0,986.0,2.1,98.0,988.0,0.0,129.0,10.0,2024-01-13T11:00:00,2024-01-13T16:00:00,1705161600.0,0.7,10.0,158.0,9.3,8.8,Fog,a05d,741.0,4951257.0,Somerville,US,42.3876,-71.0995,MA,994971-99999,America/New_York
2024-01-13 11:15:00,-19.543769243084064,62.741673136700335,90.00000085377364,19.543769243084068,10.7,170.3,100.0,10.2,90.0,762.0,25.3,409.0,d,0.0,985.0,2.1,97.0,987.0,0.0,117.0,10.7,2024-01-13T11:15:00,2024-01-13T16:15:00,1705162500.0,0.7,10.0,162.0,9.3,8.4,Fog,a05d,741.0,4951257.0,Somerville,US,42.3876,-71.0995,MA,994971-99999,America/New_York
2024-01-13 11:30:00,-11.98501991312591,63.42713664142611,90.00000241483653,11.985019913125923,11.3,174.2,99.0,10.7,90.0,765.0,25.6,414.0,d,0.0,985.0,2.1,96.0,987.0,0.0,130.0,11.3,2024-01-13T11:30:00,2024-01-13T16:30:00,1705163400.0,0.7,10.0,166.0,11.4,8.0,Overcast clouds,c04d,804.0,4951257.0,Somerville,US,42.3876,-71.0995,MA,994971-99999,America/New_York
2024-01-13 11:45:00,-4.175738441198325,63.78095264838267,90.00000823349487,4.175738441198368,12.0,178.0,98.0,11.4,91.0,768.0,25.9,419.0,d,0.0,984.0,2.1,96.0,986.0,0.0,143.0,12.0,2024-01-13T11:45:00,2024-01-13T16:45:00,1705164300.0,0.7,10.0,170.0,11.5,7.6,Overcast clouds,c04d,804.0,4951257.0,Somerville,US,42.3876,-71.0995,MA,994971-99999,America/New_York
2024-01-13 12:00:00,3.724438184437707,63.78914454012524,270.0,3.724438184437664,12.7,181.9,98.0,11.9,91.0,771.0,26.1,424.0,d,0.0,983.0,2.1,95.0,985.0,0.0,143.0,12.7,2024-01-13T12:00:00,2024-01-13T17:00:00,1705165200.0,0.8,10.0,174.0,11.6,7.2,Overcast clouds,c04d,804.0,4951257.0,Somerville,US,42.3876,-71.0995,MA,994971-99999,America/New_York
2024-01-13 12:15:00,11.541965425719342,63.45135862750494,269.9999974386791,11.541965425719352,13.3,185.7,89.0,12.4,91.0,766.0,25.7,416.0,d,0.0,983.0,2.1,94.0,985.0,0.0,149.0,13.3,2024-01-13T12:15:00,2024-01-13T17:15:00,1705166100.0,0.9,10.0,179.0,12.2,7.4,Overcast clouds,c04d,804.0,4951257.0,Somerville,US,42.3876,-71.0995,MA,994971-99999,America/New_York
2024-01-13 12:30:00,19.115959553772797,62.780934667417,270.0,19.115959553772797,14.0,189.5,80.0,13.0,90.0,761.0,25.2,407.0,d,0.0,983.0,2.1,94.0,985.0,0.0,221.0,14.0,2024-01-13T12:30:00,2024-01-13T17:30:00,1705167000.0,1.0,10.0,184.0,12.8,7.6,Overcast clouds,c04d,804.0,4951257.0,Somerville,US,42.3876,-71.0995,MA,994971-99999,America/New_York
2024-01-13 12:45:00,26.320258746261214,61.80250834727257,269.99999914622634,26.320258746261217,14.6,193.3,71.0,13.7,89.0,756.0,24.8,399.0,d,0.0,982.0,2.1,94.0,984.0,0.0,272.0,14.6,2024-01-13T12:45:00,2024-01-13T17:45:00,1705167900.0,1.1,16.0,189.0,13.4,7.8,Overcast clouds,c04d,804.0,4951257.0,Somerville,US,42.3876,-71.0995,MA,994971-99999,America/New_York
2024-01-13 13:00:00,33.07429493422056,60.54810661538066,270.0,33.07429493422056,15.3,197.2,62.0,14.2,88.0,751.0,24.3,390.0,d,0.0,982.0,2.1,93.0,984.0,0.0,306.0,15.3,2024-01-13T13:00:00,2024-01-13T18:00:00,1705168800.0,1.2,16.0,194.0,14.0,8.0,Broken clouds,c03d,803.0,4951257.0,Somerville,US,42.3876,-71.0995,MA,994971-99999,America/New_York
2024-01-13 13:15:00,39.34215310079221,59.05299786347801,269.9999987925817,39.34215310079222,15.4,200.7,57.0,14.1,86.0,736.0,23.2,369.0,d,0.0,982.0,2.1,92.0,984.0,0.0,305.0,15.4,2024-01-13T13:15:00,2024-01-13T18:15:00,1705169700.0,1.2,16.0,196.0,14.2,8.1,Broken clouds,c03d,803.0,4951257.0,Somerville,US,42.3876,-71.0995,MA,994971-99999,America/New_York
2024-01-13 13:30:00,45.12385119725043,57.35231475452138,270.0,45.12385119725043,15.4,204.3,52.0,14.0,84.0,721.0,22.0,348.0,d,0.0,982.0,2.1,91.0,984.0,0.0,301.0,15.4,2024-01-13T13:30:00,2024-01-13T18:30:00,1705170600.0,1.2,16.0,198.0,14.4,8.2,Broken clouds,c03d,803.0,4951257.0,Somerville,US,42.3876,-71.0995,MA,994971-99999,America/New_York
2024-01-13 13:45:00,50.443943739566805,55.47881777462144,270.0,50.443943739566805,15.5,207.8,47.0,13.9,82.0,706.0,20.9,327.0,d,0.0,981.0,2.1,90.0,983.0,0.0,292.0,15.5,2024-01-13T13:45:00,2024-01-13T18:45:00,1705171500.0,1.2,16.0,200.0,14.6,8.3,Broken clouds,c03d,803.0,4951257.0,Somerville,US,42.3876,-71.0995,MA,994971-99999,America/New_York
2024-01-13 14:00:00,55.34106766910289,53.4617629121106,270.0,55.34106766910289,15.6,211.4,42.0,13.8,80.0,692.0,19.8,306.0,d,0.0,981.0,2.1,89.0,983.0,0.0,280.0,15.6,2024-01-13T14:00:00,2024-01-13T19:00:00,1705172400.0,1.2,16.0,202.0,14.8,8.4,Broken clouds,c03d,803.0,4951257.0,Somerville,US,42.3876,-71.0995,MA,994971-99999,America/New_York
2024-01-13 14:15:00,59.86000899612723,51.326556029078596,270.0,59.86000899612723,15.4,214.6,43.0,13.4,76.0,661.0,18.1,275.0,d,0.0,982.0,2.1,88.0,984.0,0.0,251.0,15.4,2024-01-13T14:15:00,2024-01-13T19:15:00,1705173300.0,1.2,16.0,206.0,14.9,8.4,Broken clouds,c03d,803.0,4951257.0,Somerville,US,42.3876,-71.0995,MA,994971-99999,America/New_York
2024-01-13 14:30:00,60.0,49.218526999125075,270.0,59.99999999999999,15.3,217.8,44.0,12.9,72.0,630.0,16.4,244.0,d,0.0,982.0,2.1,86.0,984.0,0.0,222.0,15.3,2024-01-13T14:30:00,2024-01-13T19:30:00,1705174200.0,1.1,16.0,209.0,15.0,8.4,Broken clouds,c03d,803.0,4951257.0,Somerville,US,42.3876,-71.0995,MA,994971-99999,America/New_York
2024-01-13 14:45:00,60.0,47.29958442757535,270.0,59.99999999999999,15.1,220.9,44.0,12.6,68.0,599.0,14.7,214.0,d,0.0,982.0,2.1,85.0,984.0,0.0,195.0,15.1,2024-01-13T14:45:00,2024-01-13T19:45:00,1705175100.0,1.0,16.0,212.0,15.1,8.4,Broken clouds,c03d,803.0,4951257.0,Somerville,US,42.3876,-71.0995,MA,994971-99999,America/New_York
2024-01-13 15:00:00,60.0,45.593391185193546,270.0,59.99999999999999,14.9,224.1,45.0,12.2,64.0,568.0,13.0,183.0,d,0.0,983.0,2.1,84.0,985.0,0.0,166.0,14.9,2024-01-13T15:00:00,2024-01-13T20:00:00,1705176000.0,1.0,16.0,216.0,15.2,8.4,Broken clouds,c03d,803.0,4951257.0,Somerville,US,42.3876,-71.0995,MA,994971-99999,America/New_York
2024-01-13 15:15:00,49.76670329292679,47.76396362971098,269.99999914622634,49.7667032929268,14.8,226.9,49.0,11.9,56.0,496.0,10.8,149.0,d,0.0,983.0,2.1,83.0,985.0,0.0,132.0,14.8,2024-01-13T15:15:00,2024-01-13T20:15:00,1705176900.0,0.9,16.0,222.0,14.9,8.2,Broken clouds,c03d,803.0,4951257.0,Somerville,US,42.3876,-71.0995,MA,994971-99999,America/New_York
2024-01-13 15:30:00,33.61827668653332,56.72590905066116,270.0,33.61827668653332,14.7,229.7,52.0,11.6,49.0,423.0,8.7,114.0,d,0.0,983.0,2.1,82.0,985.0,0.0,99.0,14.7,2024-01-13T15:30:00,2024-01-13T20:30:00,1705177800.0,0.8,16.0,229.0,14.6,8.0,Broken clouds,c03d,803.0,4951257.0,Somerville,US,42.3876,-71.0995,MA,994971-99999,America/New_York
2024-01-13 15:45:00,23.08098309404965,65.18657558615838,270.0,23.08098309404965,14.5,232.6,100.0,11.3,41.0,351.0,6.6,80.0,d,2.0,983.0,2.1,81.0,985.0,0.0,38.0,14.5,2024-01-13T15:45:00,2024-01-13T20:45:00,1705178700.0,0.4,16.0,236.0,14.3,7.8,Light rain,r01d,500.0,4951257.0,Somerville,US,42.3876,-71.0995,MA,994971-99999,America/New_York
2024-01-13 16:00:00,14.64474394423722,73.35673852923166,269.9999979086902,14.644743944237229,14.4,235.4,100.0,11.0,34.0,279.0,4.5,46.0,d,3.0,984.0,2.1,80.0,986.0,0.0,29.0,14.4,2024-01-13T16:00:00,2024-01-13T21:00:00,1705179600.0,0.4,16.0,242.0,14.0,7.6,Light rain,r01n,500.0,4951257.0,Somerville,US,42.3876,-71.0995,MA,994971-99999,America/New_York
2024-01-13 16:15:00,7.351712032831571,81.303570779409,270.0,7.351712032831556,13.7,237.9,62.0,9.7,25.0,209.0,2.1,34.0,d,0.0,984.0,2.1,77.0,986.0,0.0,28.0,13.7,2024-01-13T16:15:00,2024-01-13T21:15:00,1705180500.0,0.7,10.0,248.0,13.4,7.3,Broken clouds,c03n,803.0,4951257.0,Somerville,US,42.3876,-71.0995,MA,994971-99999,America/New_York
2024-01-13 16:30:00,0.9573144785059782,88.83353586503753,270.0,0.9573144785057955,12.9,240.4,64.0,8.4,17.0,140.0,-0.3,23.0,d,0.0,984.0,2.1,74.0,986.0,0.0,18.0,12.9,2024-01-13T16:30:00,2024-01-13T21:30:00,1705181400.0,0.0,10.0,254.0,13.2,7.0,Broken clouds,c03n,803.0,4951257.0,Somerville,US,42.3876,-71.0995,MA,994971-99999,America/New_York
2024-01-13 16:45:00,,,,,12.2,242.9,65.0,7.1,8.0,70.0,-2.7,11.0,d,0.0,985.0,2.1,71.0,987.0,0.0,9.0,12.2,2024-01-13T16:45:00,2024-01-13T21:45:00,1705182300.0,0.0,16.0,260.0,12.8,6.7,Broken clouds,c03n,803.0,4951257.0,Somerville,US,42.3876,-71.0995,MA,994971-99999,America/New_York
2024-01-13 17:00:00,,,,,11.4,245.5,67.0,5.7,0.0,0.0,-5.1,0.0,n,0.0,985.0,2.1,68.0,987.0,0.0,0.0,11.4,2024-01-13T17:00:00,2024-01-13T22:00:00,1705183200.0,0.0,16.0,266.0,12.4,6.4,Broken clouds,c03n,803.0,4951257.0,Somerville,US,42.3876,-71.0995,MA,994971-99999,America/New_York
2024-01-13 17:15:00,,,,,10.9,247.8,58.0,5.2,0.0,0.0,-7.7,0.0,n,0.0,986.0,2.1,68.0,988.0,0.0,0.0,10.9,2024-01-13T17:15:00,2024-01-13T22:15:00,1705184100.0,0.0,16.0,266.0,12.9,6.3,Broken clouds,c03n,803.0,4951257.0,Somerville,US,42.3876,-71.0995,MA,994971-99999,America/New_York
2024-01-13 17:30:00,,,,,10.4,250.2,50.0,4.8,0.0,0.0,-10.3,0.0,n,0.0,986.0,2.1,68.0,988.0,0.0,0.0,10.4,2024-01-13T17:30:00,2024-01-13T22:30:00,1705185000.0,0.0,16.0,265.0,12.2,6.2,Broken clouds,c03n,803.0,4951257.0,Somerville,US,42.3876,-71.0995,MA,994971-99999,America/New_York
2024-01-13 17:45:00,,,,,9.9,252.6,41.0,4.3,0.0,0.0,-12.9,0.0,n,0.0,987.0,2.1,68.0,989.0,0.0,0.0,9.9,2024-01-13T17:45:00,2024-01-13T22:45:00,1705185900.0,0.0,16.0,264.0,12.1,6.1,Broken clouds,c03n,803.0,4951257.0,Somerville,US,42.3876,-71.0995,MA,994971-99999,America/New_York
2024-01-13 18:00:00,,,,,9.4,254.9,32.0,3.8,0.0,0.0,-15.5,0.0,n,0.0,987.0,2.1,68.0,989.0,0.0,0.0,9.4,2024-01-13T18:00:00,2024-01-13T23:00:00,1705186800.0,0.0,16.0,264.0,14.4,6.0,Scattered clouds,c02n,802.0,4951257.0,Somerville,US,42.3876,-71.0995,MA,994971-99999,America/New_York
2024-01-13 18:15:00,,,,,9.1,257.3,29.0,3.5,0.0,0.0,-18.3,0.0,n,0.0,988.0,2.1,68.0,990.0,0.0,0.0,9.1,2024-01-13T18:15:00,2024-01-13T23:15:00,1705187700.0,0.0,16.0,262.0,12.2,6.1,Scattered clouds,c02n,802.0,4951257.0,Somerville,US,42.3876,-71.0995,MA,994971-99999,America/New_York
2024-01-13 18:30:00,,,,,8.8,259.6,26.0,3.2,0.0,0.0,-21.0,0.0,n,0.0,988.0,2.1,68.0,990.0,0.0,0.0,8.8,2024-01-13T18:30:00,2024-01-13T23:30:00,1705188600.0,0.0,16.0,259.0,12.4,6.2,Scattered clouds,c02n,802.0,4951257.0,Somerville,US,42.3876,-71.0995,MA,994971-99999,America/New_York
2024-01-13 18:45:00,,,,,8.4,261.9,23.0,2.9,0.0,0.0,-23.7,0.0,n,0.0,989.0,2.1,68.0,991.0,0.0,0.0,8.4,2024-01-13T18:45:00,2024-01-13T23:45:00,1705189500.0,0.0,16.0,256.0,12.6,6.3,Scattered clouds,c02n,802.0,4951257.0,Somerville,US,42.3876,-71.0995,MA,994971-99999,America/New_York
2024-01-13 19:00:00,,,,,8.1,264.3,20.0,2.6,0.0,0.0,-26.4,0.0,n,0.0,990.0,2.1,68.0,992.0,0.0,0.0,8.1,2024-01-13T19:00:00,2024-01-14T00:00:00,1705190400.0,0.0,16.0,254.0,12.8,6.4,Few clouds,c02n,801.0,4951257.0,Somerville,US,42.3876,-71.0995,MA,994971-99999,America/New_York
2024-01-13 19:15:00,,,,,7.8,266.8,35.0,2.0,0.0,0.0,-29.2,0.0,n,0.0,990.0,2.1,67.0,992.0,0.0,0.0,7.8,2024-01-13T19:15:00,2024-01-14T00:15:00,1705191300.0,0.0,16.0,254.0,12.9,6.5,Scattered clouds,c02n,802.0,4951257.0,Somerville,US,42.3876,-71.0995,MA,994971-99999,America/New_York
2024-01-13 19:30:00,,,,,7.5,269.3,50.0,1.5,0.0,0.0,-31.9,0.0,n,0.0,991.0,2.1,66.0,993.0,0.0,0.0,7.5,2024-01-13T19:30:00,2024-01-14T00:30:00,1705192200.0,0.0,16.0,253.0,13.0,6.6,Broken clouds,c03n,803.0,4951257.0,Somerville,US,42.3876,-71.0995,MA,994971-99999,America/New_York
2024-01-13 19:45:00,,,,,3.3,271.8,66.0,0.8,0.0,0.0,-34.7,0.0,n,0.0,991.0,2.1,64.0,993.0,0.0,0.0,7.1,2024-01-13T19:45:00,2024-01-14T00:45:00,1705193100.0,0.0,16.0,252.0,13.1,6.7,Broken clouds,c03n,803.0,4951257.0,Somerville,US,42.3876,-71.0995,MA,994971-99999,America/New_York
2024-01-13 20:00:00,,,,,2.9,274.4,81.0,0.3,0.0,0.0,-37.5,0.0,n,0.0,992.0,2.1,63.0,994.0,0.0,0.0,6.8,2024-01-13T20:00:00,2024-01-14T01:00:00,1705194000.0,0.0,16.0,252.0,13.2,6.8,Overcast clouds,c04n,804.0,4951257.0,Somerville,US,42.3876,-71.0995,MA,994971-99999,America/New_York
2024-01-13 20:15:00,,,,,2.7,277.4,79.0,0.0,0.0,0.0,-40.2,0.0,n,0.0,992.0,2.1,62.0,994.0,0.0,0.0,6.7,2024-01-13T20:15:00,2024-01-14T01:15:00,1705194900.0,0.0,16.0,252.0,13.1,6.9,Overcast clouds,c04n,804.0,4951257.0,Somerville,US,42.3876,-71.0995,MA,994971-99999,America/New_York
2024-01-13 20:30:00,,,,,2.6,280.4,76.0,-0.6,0.0,0.0,-42.9,0.0,n,0.0,992.0,2.1,60.0,994.0,0.0,0.0,6.6,2024-01-13T20:30:00,2024-01-14T01:30:00,1705195800.0,0.0,16.0,252.0,13.0,7.0,Overcast clouds,c04n,804.0,4951257.0,Somerville,US,42.3876,-71.0995,MA,994971-99999,America/New_York
2024-01-13 20:45:00,,,,,2.4,283.4,74.0,-0.9,0.0,0.0,-45.6,0.0,n,0.0,992.0,2.1,59.0,994.0,0.0,0.0,6.5,2024-01-13T20:45:00,2024-01-14T01:45:00,1705196700.0,0.0,16.0,252.0,12.9,7.1,Overcast clouds,c04n,804.0,4951257.0,Somerville,US,42.3876,-71.0995,MA,994971-99999,America/New_York
2024-01-13 21:00:00,,,,,2.3,286.4,72.0,-1.2,0.0,0.0,-48.4,0.0,n,0.0,993.0,2.1,58.0,995.0,0.0,0.0,6.4,2024-01-13T21:00:00,2024-01-14T02:00:00,1705197600.0,0.0,16.0,252.0,12.8,7.2,Overcast clouds,c04n,804.0,4951257.0,Somerville,US,42.3876,-71.0995,MA,994971-99999,America/New_York
2024-01-13 21:15:00,,,,,2.2,290.4,70.0,-1.3,0.0,0.0,-50.9,0.0,n,0.0,993.0,2.1,58.0,995.0,0.0,0.0,6.4,2024-01-13T21:15:00,2024-01-14T02:15:00,1705198500.0,0.0,16.0,252.0,12.8,7.2,Broken clouds,c03n,803.0,4951257.0,Somerville,US,42.3876,-71.0995,MA,994971-99999,America/New_York
2024-01-13 21:30:00,,,,,2.1,294.5,67.0,-1.6,0.0,0.0,-53.4,0.0,n,0.0,993.0,2.1,57.0,995.0,0.0,0.0,6.3,2024-01-13T21:30:00,2024-01-14T02:30:00,1705199400.0,0.0,16.0,253.0,12.8,7.2,Broken clouds,c03n,803.0,4951257.0,Somerville,US,42.3876,-71.0995,MA,994971-99999,America/New_York
2024-01-13 21:45:00,,,,,2.0,298.6,64.0,-1.9,0.0,0.0,-55.9,0.0,n,0.0,994.0,2.1,56.0,996.0,0.0,0.0,6.2,2024-01-13T21:45:00,2024-01-14T02:45:00,1705200300.0,0.0,16.0,254.0,12.8,7.2,Broken clouds,c03n,803.0,4951257.0,Somerville,US,42.3876,-71.0995,MA,994971-99999,America/New_York
2024-01-13 22:00:00,,,,,1.9,302.7,62.0,-2.0,0.0,0.0,-58.5,0.0,n,0.0,994.0,2.1,56.0,996.0,0.0,0.0,6.1,2024-01-13T22:00:00,2024-01-14T03:00:00,1705201200.0,0.0,16.0,254.0,12.8,7.2,Broken clouds,c03n,803.0,4951257.0,Somerville,US,42.3876,-71.0995,MA,994971-99999,America/New_York
2024-01-13 22:15:00,,,,,1.5,309.0,48.0,-2.4,0.0,0.0,-60.4,0.0,n,0.0,994.0,2.1,55.0,996.0,0.0,0.0,5.9,2024-01-13T22:15:00,2024-01-14T03:15:00,1705202100.0,0.0,16.0,256.0,13.3,7.4,Broken clouds,c03n,803.0,4951257.0,Somerville,US,42.3876,-71.0995,MA,994971-99999,America/New_York
2024-01-13 22:30:00,,,,,1.2,315.3,34.0,-2.9,0.0,0.0,-62.4,0.0,n,0.0,995.0,2.1,54.0,997.0,0.0,0.0,5.7,2024-01-13T22:30:00,2024-01-14T03:30:00,1705203000.0,0.0,16.0,257.0,13.8,7.6,Scattered clouds,c02n,802.0,4951257.0,Somerville,US,42.3876,-71.0995,MA,994971-99999,America/New_York
2024-01-13 22:45:00,,,,,0.9,321.7,20.0,-3.6,0.0,0.0,-64.3,0.0,n,0.0,995.0,2.1,52.0,997.0,0.0,0.0,5.5,2024-01-13T22:45:00,2024-01-14T03:45:00,1705203900.0,0.0,16.0,258.0,14.3,7.8,Few clouds,c02n,801.0,4951257.0,Somerville,US,42.3876,-71.0995,MA,994971-99999,America/New_York
2024-01-13 23:00:00,,,,,0.6,328.0,6.0,-4.0,0.0,0.0,-66.3,0.0,n,0.0,996.0,2.1,51.0,998.0,0.0,0.0,5.3,2024-01-13T23:00:00,2024-01-14T04:00:00,1705204800.0,0.0,16.0,260.0,14.8,8.0,Few clouds,c02n,801.0,4951257.0,Somerville,US,42.3876,-71.0995,MA,994971-99999,America/New_York
2024-01-13 23:15:00,,,,,0.4,247.1,4.0,-4.4,0.0,0.0,-67.0,0.0,n,0.0,996.0,2.1,50.0,998.0,0.0,0.0,5.2,2024-01-13T23:15:00,2024-01-14T04:15:00,1705205700.0,0.0,16.0,260.0,14.8,8.0,Few clouds,c02n,801.0,4951257.0,Somerville,US,42.3876,-71.0995,MA,994971-99999,America/New_York
2024-01-13 23:30:00,,,,,0.3,166.3,3.0,-5.0,0.0,0.0,-67.7,0.0,n,0.0,996.0,2.1,48.0,998.0,0.0,0.0,5.1,2024-01-13T23:30:00,2024-01-14T04:30:00,1705206600.0,0.0,16.0,259.0,14.8,8.0,Few clouds,c02n,801.0,4951257.0,Somerville,US,42.3876,-71.0995,MA,994971-99999,America/New_York
2024-01-13 23:45:00,,,,,0.2,85.4,2.0,-5.4,0.0,0.0,-68.3,0.0,n,0.0,997.0,2.1,47.0,999.0,0.0,0.0,5.0,2024-01-13T23:45:00,2024-01-14T04:45:00,1705207500.0,0.0,16.0,258.0,14.8,8.0,Few clouds,c02n,801.0,4951257.0,Somerville,US,42.3876,-71.0995,MA,994971-99999,America/New_York
2024-01-14 00:00:00,,,,,0.0,4.6,0.0,-5.7,0.0,0.0,-69.0,0.0,n,0.0,997.0,2.1,46.0,999.0,0.0,0.0,4.9,2024-01-14T00:00:00,2024-01-14T05:00:00,1705208400.0,0.0,16.0,258.0,14.8,8.0,Clear Sky,c01n,800.0,4951257.0,Somerville,US,42.3876,-71.0995,MA,994971-99999,America/New_York
2024-01-14 00:15:00,,,,,-0.2,13.2,0.0,-5.9,0.0,0.0,-67.9,0.0,n,0.0,998.0,2.1,46.0,1000.0,0.0,0.0,4.7,2024-01-14T00:15:00,2024-01-14T05:15:00,1705209300.0,0.0,16.0,258.0,14.8,8.0,Clear Sky,c01n,800.0,4951257.0,Somerville,US,42.3876,-71.0995,MA,994971-99999,America/New_York
2024-01-14 00:30:00,,,,,-0.4,21.8,0.0,-6.0,0.0,0.0,-66.9,0.0,n,0.0,998.0,2.1,46.0,1000.0,0.0,0.0,4.5,2024-01-14T00:30:00,2024-01-14T05:30:00,1705210200.0,0.0,16.0,257.0,14.8,8.0,Clear Sky,c01n,800.0,4951257.0,Somerville,US,42.3876,-71.0995,MA,994971-99999,America/New_York
2024-01-14 00:45:00,,,,,-0.6,30.4,0.0,-6.5,0.0,0.0,-65.8,0.0,n,0.0,999.0,2.1,45.0,1001.0,0.0,0.0,4.4,2024-01-14T00:45:00,2024-01-14T05:45:00,1705211100.0,0.0,16.0,256.0,14.8,8.0,Clear Sky,c01n,800.0,4951257.0,Somerville,US,42.3876,-71.0995,MA,994971-99999,America/New_York
2024-01-14 01:00:00,,,,,-0.9,39.0,0.0,-6.7,0.0,0.0,-64.8,0.0,n,0.0,999.0,2.1,45.0,1001.0,0.0,0.0,4.2,2024-01-14T01:00:00,2024-01-14T06:00:00,1705212000.0,0.0,16.0,256.0,14.8,8.0,Clear Sky,c01n,800.0,4951257.0,Somerville,US,42.3876,-71.0995,MA,994971-99999,America/New_York
2024-01-14 01:15:00,,,,,-1.0,44.7,0.0,-6.8,0.0,0.0,-62.6,0.0,n,0.0,999.0,2.1,45.0,1001.0,0.0,0.0,4.1,2024-01-14T01:15:00,2024-01-14T06:15:00,1705212900.0,0.0,16.0,255.0,14.6,7.9,Clear Sky,c01n,800.0,4951257.0,Somerville,US,42.3876,-71.0995,MA,994971-99999,America/New_York
2024-01-14 01:30:00,,,,,-1.1,50.4,0.0,-6.9,0.0,0.0,-60.5,0.0,n,0.0,1000.0,2.1,45.0,1002.0,0.0,0.0,4.0,2024-01-14T01:30:00,2024-01-14T06:30:00,1705213800.0,0.0,16.0,254.0,14.4,7.8,Clear Sky,c01n,800.0,4951257.0,Somerville,US,42.3876,-71.0995,MA,994971-99999,America/New_York
2024-01-14 01:45:00,,,,,-1.2,56.0,0.0,-7.0,0.0,0.0,-58.3,0.0,n,0.0,1000.0,2.1,45.0,1002.0,0.0,0.0,3.9,2024-01-14T01:45:00,2024-01-14T06:45:00,1705214700.0,0.0,16.0,253.0,14.2,7.7,Clear Sky,c01n,800.0,4951257.0,Somerville,US,42.3876,-71.0995,MA,994971-99999,America/New_York
2024-01-14 02:00:00,,,,,-1.3,61.7,0.0,-7.1,0.0,0.0,-56.2,0.0,n,0.0,1001.0,2.1,45.0,1003.0,0.0,0.0,3.8,2024-01-14T02:00:00,2024-01-14T07:00:00,1705215600.0,0.0,16.0,252.0,14.0,7.6,Clear Sky,c01n,800.0,4951257.0,Somerville,US,42.3876,-71.0995,MA,994971-99999,America/New_York
2024-01-14 02:15:00,,,,,-1.4,65.4,0.0,-6.9,0.0,0.0,-53.6,0.0,n,0.0,1001.0,2.1,46.0,1003.0,0.0,0.0,3.6,2024-01-14T02:15:00,2024-01-14T07:15:00,1705216500.0,0.0,16.0,251.0,12.3,7.5,Clear Sky,c01n,800.0,4951257.0,Somerville,US,42.3876,-71.0995,MA,994971-99999,America/New_York
2024-01-14 02:30:00,,,,,-1.5,69.2,0.0,-7.0,0.0,0.0,-51.0,0.0,n,0.0,1001.0,2.1,46.0,1003.0,0.0,0.0,3.5,2024-01-14T02:30:00,2024-01-14T07:30:00,1705217400.0,0.0,16.0,250.0,13.6,7.4,Clear Sky,c01n,800.0,4951257.0,Somerville,US,42.3876,-71.0995,MA,994971-99999,America/New_York
2024-01-14 02:45:00,,,,,-1.6,72.9,0.0,-6.8,0.0,0.0,-48.4,0.0,n,0.0,1002.0,2.1,47.0,1004.0,0.0,0.0,3.4,2024-01-14T02:45:00,2024-01-14T07:45:00,1705218300.0,0.0,16.0,249.0,13.4,7.3,Clear Sky,c01n,800.0,4951257.0,Somerville,US,42.3876,-71.0995,MA,994971-99999,America/New_York
2024-01-14 03:00:00,,,,,-1.7,76.7,0.0,-6.6,0.0,0.0,-45.8,0.0,n,0.0,1002.0,2.1,48.0,1004.0,0.0,0.0,3.3,2024-01-14T03:00:00,2024-01-14T08:00:00,1705219200.0,0.0,16.0,248.0,13.2,7.2,Clear Sky,c01n,800.0,4951257.0,Somerville,US,42.3876,-71.0995,MA,994971-99999,America/New_York
2024-01-14 03:15:00,,,,,-2.0,79.5,0.0,-6.9,0.0,0.0,-43.1,0.0,n,0.0,1002.0,2.1,48.0,1004.0,0.0,0.0,3.1,2024-01-14T03:15:00,2024-01-14T08:15:00,1705220100.0,0.0,16.0,248.0,13.1,7.2,Clear Sky,c01n,800.0,4951257.0,Somerville,US,42.3876,-71.0995,MA,994971-99999,America/New_York
2024-01-14 03:30:00,,,,,-2.3,82.4,0.0,-7.1,0.0,0.0,-40.3,0.0,n,0.0,1002.0,2.1,48.0,1004.0,0.0,0.0,2.8,2024-01-14T03:30:00,2024-01-14T08:30:00,1705221000.0,0.0,16.0,248.0,13.0,7.2,Clear Sky,c01n,800.0,4951257.0,Somerville,US,42.3876,-71.0995,MA,994971-99999,America/New_York
2024-01-14 03:45:00,,,,,-2.6,85.2,0.0,-7.0,0.0,0.0,-37.6,0.0,n,0.0,1003.0,2.1,49.0,1005.0,0.0,0.0,2.6,2024-01-14T03:45:00,2024-01-14T08:45:00,1705221900.0,0.0,16.0,248.0,12.9,7.2,Clear Sky,c01n,800.0,4951257.0,Somerville,US,42.3876,-71.0995,MA,994971-99999,America/New_York
2024-01-14 04:00:00,,,,,-2.9,88.1,0.0,-7.2,0.0,0.0,-34.8,0.0,n,0.0,1003.0,2.1,49.0,1005.0,0.0,0.0,2.4,2024-01-14T04:00:00,2024-01-14T09:00:00,1705222800.0,0.0,16.0,248.0,12.8,7.2,Clear Sky,c01n,800.0,4951257.0,Somerville,US,42.3876,-71.0995,MA,994971-99999,America/New_York
2024-01-14 04:15:00,,,,,-3.0,90.5,0.0,-7.4,0.0,0.0,-32.1,0.0,n,0.0,1003.0,2.1,49.0,1005.0,0.0,0.0,2.2,2024-01-14T04:15:00,2024-01-14T09:15:00,1705223700.0,0.0,16.0,248.0,12.5,6.9,Clear Sky,c01n,800.0,4951257.0,Somerville,US,42.3876,-71.0995,MA,994971-99999,America/New_York
2024-01-14 04:30:00,,,,,-3.1,93.0,0.0,-7.3,0.0,0.0,-29.3,0.0,n,0.0,1003.0,2.1,50.0,1005.0,0.0,0.0,2.0,2024-01-14T04:30:00,2024-01-14T09:30:00,1705224600.0,0.0,16.0,247.0,12.2,6.6,Clear Sky,c01n,800.0,4951257.0,Somerville,US,42.3876,-71.0995,MA,994971-99999,America/New_York
2024-01-14 04:45:00,,,,,-3.2,95.4,0.0,-7.4,0.0,0.0,-26.5,0.0,n,0.0,1004.0,2.1,50.0,1006.0,0.0,0.0,1.9,2024-01-14T04:45:00,2024-01-14T09:45:00,1705225500.0,0.0,16.0,246.0,11.9,6.3,Clear Sky,c01n,800.0,4951257.0,Somerville,US,42.3876,-71.0995,MA,994971-99999,America/New_York
2024-01-14 05:00:00,,,,,-3.3,97.9,0.0,-7.6,0.0,0.0,-23.8,0.0,n,0.0,1004.0,2.1,50.0,1006.0,0.0,0.0,1.7,2024-01-14T05:00:00,2024-01-14T10:00:00,1705226400.0,0.0,16.0,246.0,11.6,6.0,Clear Sky,c01n,800.0,4951257.0,Somerville,US,42.3876,-71.0995,MA,994971-99999,America/New_York
2024-01-14 05:15:00,,,,,-3.4,100.2,0.0,-7.6,0.0,0.0,-21.1,0.0,n,0.0,1004.0,2.1,50.0,1006.0,0.0,0.0,1.6,2024-01-14T05:15:00,2024-01-14T10:15:00,1705227300.0,0.0,16.0,244.0,11.5,6.0,Clear Sky,c01n,800.0,4951257.0,Somerville,US,42.3876,-71.0995,MA,994971-99999,America/New_York
2024-01-14 05:30:00,,,,,-3.4,102.5,0.0,-7.7,0.0,0.0,-18.4,0.0,n,0.0,1004.0,2.1,50.0,1006.0,0.0,0.0,1.6,2024-01-14T05:30:00,2024-01-14T10:30:00,1705228200.0,0.0,16.0,241.0,11.4,6.0,Clear Sky,c01n,800.0,4951257.0,Somerville,US,42.3876,-71.0995,MA,994971-99999,America/New_York
2024-01-14 05:45:00,,,,,-3.5,104.9,0.0,-7.5,0.0,0.0,-15.7,0.0,n,0.0,1004.0,2.1,51.0,1006.0,0.0,0.0,1.5,2024-01-14T05:45:00,2024-01-14T10:45:00,1705229100.0,0.0,16.0,238.0,11.3,6.0,Clear Sky,c01n,800.0,4951257.0,Somerville,US,42.3876,-71.0995,MA,994971-99999,America/New_York
2024-01-14 06:00:00,,,,,-3.6,107.2,0.0,-7.6,0.0,0.0,-13.0,0.0,n,0.0,1004.0,2.1,51.0,1006.0,0.0,0.0,1.5,2024-01-14T06:00:00,2024-01-14T11:00:00,1705230000.0,0.0,16.0,236.0,11.2,6.0,Clear Sky,c01n,800.0,4951257.0,Somerville,US,42.3876,-71.0995,MA,994971-99999,America/New_York
2024-01-14 06:15:00,,,,,-3.7,109.6,0.0,-7.4,0.0,0.0,-10.4,0.0,n,0.0,1004.0,2.1,52.0,1006.0,0.0,0.0,1.4,2024-01-14T06:15:00,2024-01-14T11:15:00,1705230900.0,0.0,16.0,235.0,11.1,6.1,Clear Sky,c01n,800.0,4951257.0,Somerville,US,42.3876,-71.0995,MA,994971-99999,America/New_York
2024-01-14 06:30:00,,,,,-3.8,112.0,0.0,-7.4,0.0,0.0,-7.8,0.0,n,0.0,1005.0,2.1,52.0,1007.0,0.0,0.0,1.4,2024-01-14T06:30:00,2024-01-14T11:30:00,1705231800.0,0.0,16.0,234.0,11.0,6.2,Clear Sky,c01n,800.0,4951257.0,Somerville,US,42.3876,-71.0995,MA,994971-99999,America/New_York
2024-01-14 06:45:00,,,,,-4.0,114.4,0.0,-7.5,0.0,0.0,-5.3,0.0,n,0.0,1005.0,2.1,52.0,1007.0,0.0,0.0,1.3,2024-01-14T06:45:00,2024-01-14T11:45:00,1705232700.0,0.0,16.0,233.0,10.9,6.3,Clear Sky,c01n,800.0,4951257.0,Somerville,US,42.3876,-71.0995,MA,994971-99999,America/New_York
2024-01-14 07:00:00,,,,,-4.1,116.8,0.0,-7.3,0.0,0.0,-2.7,0.0,n,0.0,1005.0,2.1,53.0,1007.0,0.0,0.0,1.2,2024-01-14T07:00:00,2024-01-14T12:00:00,1705233600.0,0.0,16.0,232.0,10.8,6.4,Clear Sky,c01n,800.0,4951257.0,Somerville,US,42.3876,-71.0995,MA,994971-99999,America/New_York
2024-01-14 07:15:00,-0.6611766644090551,89.19212751900798,90.00004853010424,0.6611766644092923,-4.2,119.3,0.0,-7.3,11.0,95.0,-0.3,19.0,d,0.0,1005.0,2.1,53.0,1007.0,0.0,19.0,1.2,2024-01-14T07:15:00,2024-01-14T12:15:00,1705234500.0,0.0,16.0,230.0,10.9,6.4,Clear Sky,c01n,800.0,4951257.0,Somerville,US,42.3876,-71.0995,MA,994971-99999,America/New_York
2024-01-14 07:30:00,-7.014887282145921,81.67368639134925,90.00000497831306,7.0148872821459465,-4.2,121.9,0.0,-7.6,22.0,190.0,2.0,39.0,d,0.0,1005.0,2.1,52.0,1007.0,0.0,39.0,1.1,2024-01-14T07:30:00,2024-01-14T12:30:00,1705235400.0,1.3,16.0,228.0,11.0,6.4,Clear Sky,c01n,800.0,4951257.0,Somerville,US,42.3876,-71.0995,MA,994971-99999,America/New_York
2024-01-14 07:45:00,-14.269575399996697,73.7141207829207,90.0000017075473,14.269575399996702,-4.3,124.5,0.0,-7.7,32.0,284.0,4.4,58.0,d,0.0,1006.0,2.1,52.0,1008.0,0.0,58.0,1.1,2024-01-14T07:45:00,2024-01-14T12:45:00,1705236300.0,1.3,16.0,226.0,11.1,6.4,Clear Sky,c01d,800.0,4951257.0,Somerville,US,42.3876,-71.0995,MA,994971-99999,America/New_York
2024-01-14 08:00:00,-22.642105924251418,65.52499169180867,90.0,22.642105924251407,-4.4,127.1,0.0,-7.7,43.0,379.0,6.7,78.0,d,0.0,1006.0,2.1,52.0,1008.0,0.0,78.0,1.0,2024-01-14T08:00:00,2024-01-14T13:00:00,1705237200.0,1.3,16.0,224.0,11.2,6.4,Clear Sky,c01d,800.0,4951257.0,Somerville,US,42.3876,-71.0995,MA,994971-99999,America/New_York
2024-01-14 08:15:00,-33.04297731350008,57.04454584396144,90.0,33.04297731350008,-4.1,130.0,0.0,-7.5,49.0,436.0,8.7,113.0,d,0.0,1006.0,2.1,52.0,1008.0,0.0,113.0,1.2,2024-01-14T08:15:00,2024-01-14T13:15:00,1705238100.0,1.3,16.0,223.0,11.4,6.5,Clear Sky,c01d,800.0,4951257.0,Somerville,US,42.3876,-71.0995,MA,994971-99999,America/New_York
2024-01-14 08:30:00,-48.704881746617616,48.06372820539737,90.0,48.704881746617616,-3.9,132.9,0.0,-7.6,56.0,493.0,10.8,147.0,d,0.0,1006.0,2.1,51.0,1008.0,0.0,147.0,1.4,2024-01-14T08:30:00,2024-01-14T13:30:00,1705239000.0,1.3,16.0,222.0,11.6,6.6,Clear Sky,c01d,800.0,4951257.0,Somerville,US,42.3876,-71.0995,MA,994971-99999,America/New_York
2024-01-14 08:45:00,-60.0,45.34932746370969,90.0,59.99999999999999,-3.6,135.8,0.0,-7.6,62.0,551.0,12.8,182.0,d,0.0,1006.0,2.1,50.0,1008.0,0.0,182.0,1.7,2024-01-14T08:45:00,2024-01-14T13:45:00,1705239900.0,1.4,16.0,221.0,11.8,6.7,Clear Sky,c01d,800.0,4951257.0,Somerville,US,42.3876,-71.0995,MA,994971-99999,America/New_York
2024-01-14 09:00:00,-60.0,47.03847057571361,90.0,59.99999999999999,-3.4,138.7,0.0,-7.4,68.0,608.0,14.8,216.0,d,0.0,1006.0,2.1,50.0,1008.0,0.0,216.0,1.9,2024-01-14T09:00:00,2024-01-14T14:00:00,1705240800.0,1.5,16.0,220.0,12.0,6.8,Clear Sky,c01d,800.0,4951257.0,Somerville,US,42.3876,-71.0995,MA,994971-99999,America/New_York
2024-01-14 09:15:00,-60.0,48.942865416153346,90.0,59.99999999999999,-3.4,141.9,3.0,-7.3,72.0,634.0,16.4,245.0,d,0.0,1006.0,2.1,50.0,1008.0,0.0,245.0,2.0,2024-01-14T09:15:00,2024-01-14T14:15:00,1705241700.0,1.5,16.0,220.0,12.6,7.1,Few clouds,c02d,801.0,4951257.0,Somerville,US,42.3876,-71.0995,MA,994971-99999,America/New_York
2024-01-14 09:30:00,-60.0,51.038774276689544,90.0,59.99999999999999,-3.3,145.2,6.0,-7.2,75.0,660.0,18.0,274.0,d,0.0,1006.0,2.1,50.0,1008.0,0.0,274.0,2.1,2024-01-14T09:30:00,2024-01-14T14:30:00,1705242600.0,1.6,16.0,221.0,13.2,7.4,Few clouds,c02d,801.0,4951257.0,Somerville,US,42.3876,-71.0995,MA,994971-99999,America/New_York
2024-01-14 09:45:00,-55.5833614326771,53.17649479618158,90.0,55.5833614326771,-3.3,148.5,8.0,-7.3,79.0,686.0,19.6,303.0,d,0.0,1006.0,2.1,49.0,1008.0,0.0,303.0,2.3,2024-01-14T09:45:00,2024-01-14T14:45:00,1705243500.0,1.6,16.0,222.0,13.8,7.7,Few clouds,c02d,801.0,4951257.0,Somerville,US,42.3876,-71.0995,MA,994971-99999,America/New_York
2024-01-14 10:00:00,-50.717393195542854,55.19744506927016,90.0,50.717393195542854,-3.2,151.8,11.0,-7.2,82.0,712.0,21.2,332.0,d,0.0,1006.0,2.1,49.0,1008.0,0.0,332.0,2.4,2024-01-14T10:00:00,2024-01-14T15:00:00,1705244400.0,1.7,16.0,222.0,14.4,8.0,Few clouds,c02d,801.0,4951257.0,Somerville,US,42.3876,-71.0995,MA,994971-99999,America/New_York
2024-01-14 10:15:00,-45.434814862993825,57.076528871667065,90.0,45.434814862993825,-2.9,155.4,8.0,-7.0,84.0,724.0,22.2,351.0,d,0.0,1006.0,2.1,49.0,1008.0,0.0,351.0,2.7,2024-01-14T10:15:00,2024-01-14T15:15:00,1705245300.0,1.8,16.0,222.0,14.5,8.0,Few clouds,c02d,801.0,4951257.0,Somerville,US,42.3876,-71.0995,MA,994971-99999,America/New_York
2024-01-14 10:30:00,-39.697300363718995,58.784901910806965,90.00000120741826,39.697300363719,-2.5,159.0,6.0,-6.7,86.0,736.0,23.2,369.0,d,0.0,1005.0,2.1,49.0,1007.0,0.0,369.0,3.0,2024-01-14T10:30:00,2024-01-14T15:30:00,1705246200.0,1.9,16.0,222.0,14.6,8.0,Few clouds,c02d,801.0,4951257.0,Somerville,US,42.3876,-71.0995,MA,994971-99999,America/New_York
2024-01-14 10:45:00,-33.4799599730738,60.29024696645585,90.0,33.47995997307379,-2.1,162.7,3.0,-6.4,88.0,748.0,24.2,388.0,d,0.0,1005.0,2.1,49.0,1007.0,0.0,388.0,3.2,2024-01-14T10:45:00,2024-01-14T15:45:00,1705247100.0,2.1,16.0,222.0,14.7,8.0,Few clouds,c02d,801.0,4951257.0,Somerville,US,42.3876,-71.0995,MA,994971-99999,America/New_York
2024-01-14 11:00:00,-26.781425243844033,61.557844681463976,90.0,26.781425243844033,-1.8,166.3,0.0,-6.2,90.0,760.0,25.2,406.0,d,0.0,1005.0,2.1,49.0,1007.0,0.0,406.0,3.5,2024-01-14T11:00:00,2024-01-14T16:00:00,1705248000.0,2.2,16.0,222.0,14.8,8.0,Clear Sky,c01d,800.0,4951257.0,Somerville,US,42.3876,-71.0995,MA,994971-99999,America/New_York
2024-01-14 11:15:00,-19.634950366070907,62.55270813844197,90.0,19.634950366070907,-1.8,170.2,13.0,-6.1,90.0,763.0,25.5,411.0,d,0.0,1005.0,2.1,49.0,1007.0,0.0,411.0,3.6,2024-01-14T11:15:00,2024-01-14T16:15:00,1705248900.0,2.1,16.0,223.0,15.0,8.4,Few clouds,c02d,801.0,4951257.0,Somerville,US,42.3876,-71.0995,MA,994971-99999,America/New_York
2024-01-14 11:30:00,-12.117139901955255,63.2428393068625,90.0,12.117139901955243,-1.8,174.1,26.0,-6.3,91.0,767.0,25.7,417.0,d,0.0,1004.0,2.1,48.0,1006.0,0.0,413.0,3.7,2024-01-14T11:30:00,2024-01-14T16:30:00,1705249800.0,1.9,16.0,224.0,15.2,8.8,Scattered clouds,c02d,802.0,4951257.0,Somerville,US,42.3876,-71.0995,MA,994971-99999,America/New_York
2024-01-14 11:45:00,-4.3494221235714905,63.603263939448745,90.00000120741826,4.349422123571491,-1.8,177.9,38.0,-6.2,91.0,770.0,26.0,422.0,d,0.0,1004.0,2.1,48.0,1006.0,0.0,408.0,3.8,2024-01-14T11:45:00,2024-01-14T16:45:00,1705250700.0,1.7,16.0,225.0,15.4,9.2,Scattered clouds,c02d,802.0,4951257.0,Somerville,US,42.3876,-71.0995,MA,994971-99999,America/New_York
2024-01-14 12:00:00,3.5117683339567205,63.61991279740201,270.0,3.5117683339566934,-1.8,181.8,51.0,-6.1,92.0,773.0,26.3,427.0,d,0.0,1004.0,2.1,48.0,1006.0,0.0,388.0,3.9,2024-01-14T12:00:00,2024-01-14T17:00:00,1705251600.0,1.5,16.0,226.0,15.6,9.6,Broken clouds,c03d,803.0,4951257.0,Somerville,US,42.3876,-71.0995,MA,994971-99999,America/New_York
2024-01-14 12:15:00,11.295859372807993,63.29209793944128,270.0,11.295859372807993,-1.6,185.6,62.0,-6.3,91.0,768.0,25.9,419.0,d,0.0,1004.0,2.1,47.0,1006.0,0.0,345.0,4.0,2024-01-14T12:15:00,2024-01-14T17:15:00,1705252500.0,1.3,16.0,227.0,16.4,9.7,Broken clouds,c03d,803.0,4951257.0,Somerville,US,42.3876,-71.0995,MA,994971-99999,America/New_York
2024-01-14 12:30:00,18.843974027702764,62.63263828361723,269.9999980909041,18.843974027702775,-1.5,189.5,72.0,-6.4,90.0,763.0,25.4,411.0,d,0.0,1003.0,2.1,46.0,1005.0,0.0,290.0,4.2,2024-01-14T12:30:00,2024-01-14T17:30:00,1705253400.0,1.1,16.0,228.0,17.2,9.8,Overcast clouds,c04d,804.0,4951257.0,Somerville,US,42.3876,-71.0995,MA,994971-99999,America/New_York
2024-01-14 12:45:00,26.03063673271033,61.66558435843142,269.9999987925817,26.030636732710338,-1.3,193.3,83.0,-6.6,89.0,758.0,25.0,402.0,d,0.0,1003.0,2.1,45.0,1005.0,0.0,210.0,4.3,2024-01-14T12:45:00,2024-01-14T17:45:00,1705254300.0,0.9,16.0,229.0,18.0,9.9,Overcast clouds,c04d,804.0,4951257.0,Somerville,US,42.3876,-71.0995,MA,994971-99999,America/New_York
2024-01-14 13:00:00,32.774774378152316,60.42241593813245,270.0,32.77477437815232,-1.2,197.1,94.0,-6.8,89.0,753.0,24.5,394.0,d,0.0,1003.0,2.1,44.0,1005.0,0.0,107.0,4.4,2024-01-14T13:00:00,2024-01-14T18:00:00,1705255200.0,0.8,16.0,230.0,18.8,10.0,Overcast clouds,c04d,804.0,4951257.0,Somerville,US,42.3876,-71.0995,MA,994971-99999,America/New_York
2024-01-14 13:15:00,39.039209920953844,58.93797447846868,270.0,39.039209920953844,-1.1,200.7,94.0,-6.2,86.0,738.0,23.4,373.0,d,0.0,1003.0,2.1,46.0,1005.0,0.0,101.0,4.4,2024-01-14T13:15:00,2024-01-14T18:15:00,1705256100.0,0.7,16.0,231.0,13.9,9.7,Overcast clouds,c04d,804.0,4951257.0,Somerville,US,42.3876,-71.0995,MA,994971-99999,America/New_York
2024-01-14 13:30:00,44.822416768835936,57.24710453566114,270.0,44.822416768835936,-1.0,204.3,94.0,-5.6,84.0,724.0,22.2,352.0,d,0.0,1003.0,2.1,48.0,1005.0,0.0,95.0,4.4,2024-01-14T13:30:00,2024-01-14T18:30:00,1705257000.0,0.7,16.0,232.0,18.0,9.4,Overcast clouds,c04d,804.0,4951257.0,Somerville,US,42.3876,-71.0995,MA,994971-99999,America/New_York
2024-01-14 13:45:00,50.14746737505671,55.382412337245995,270.0,50.14746737505672,-0.9,207.8,93.0,-5.4,82.0,709.0,21.1,331.0,d,0.0,1003.0,2.1,49.0,1005.0,0.0,98.0,4.4,2024-01-14T13:45:00,2024-01-14T18:45:00,1705257900.0,0.7,16.0,233.0,17.6,9.1,Overcast clouds,c04d,804.0,4951257.0,Somerville,US,42.3876,-71.0995,MA,994971-99999,America/New_York
2024-01-14 14:00:00,55.05175735917169,53.37309603959879,270.0,55.05175735917169,-0.9,211.4,93.0,-4.8,80.0,694.0,19.9,310.0,d,1.0,1002.0,2.1,51.0,1004.0,0.0,92.0,4.4,2024-01-14T14:00:00,2024-01-14T19:00:00,1705258800.0,0.6,16.0,234.0,17.2,8.8,Light rain,r01d,500.0,4951257.0,Somerville,US,42.3876,-71.0995,MA,994971-99999,America/New_York
2024-01-14 14:15:00,59.57912323148491,51.244571574912996,270.0,59.57912323148491,-1.0,214.6,91.0,-4.8,76.0,664.0,18.2,279.0,d,0.0,1002.0,2.1,52.0,1004.0,0.0,97.0,4.2,2024-01-14T14:15:00,2024-01-14T19:15:00,1705259700.0,0.6,16.0,233.0,16.4,8.4,Overcast clouds,c04d,804.0,4951257.0,Somerville,US,42.3876,-71.0995,MA,994971-99999,America/New_York
2024-01-14 14:30:00,60.0,49.12647208019838,270.0,59.99999999999999,-1.2,217.8,90.0,-4.5,72.0,633.0,16.6,248.0,d,0.0,1002.0,2.1,54.0,1004.0,0.0,92.0,4.0,2024-01-14T14:30:00,2024-01-14T19:30:00,1705260600.0,0.6,16.0,232.0,15.6,8.0,Overcast clouds,c04d,804.0,4951257.0,Somerville,US,42.3876,-71.0995,MA,994971-99999,America/New_York
2024-01-14 14:45:00,60.0,47.19592743200648,270.0,59.99999999999999,-1.4,221.0,88.0,-4.2,68.0,603.0,14.9,217.0,d,0.0,1002.0,2.1,56.0,1004.0,0.0,91.0,3.7,2024-01-14T14:45:00,2024-01-14T19:45:00,1705261500.0,0.6,16.0,231.0,14.8,7.6,Overcast clouds,c04d,804.0,4951257.0,Somerville,US,42.3876,-71.0995,MA,994971-99999,America/New_York
2024-01-14 15:00:00,60.0,45.47787253577706,270.0,59.99999999999999,-1.5,224.1,86.0,-4.2,64.0,572.0,13.2,186.0,d,0.0,1002.0,2.1,57.0,1004.0,0.0,86.0,3.5,2024-01-14T15:00:00,2024-01-14T20:00:00,1705262400.0,0.6,16.0,230.0,12.9,7.2,Overcast clouds,c04d,804.0,4951257.0,Somerville,US,42.3876,-71.0995,MA,994971-99999,America/New_York
2024-01-14 15:15:00,51.537809125893475,46.8728119379447,270.0,51.537809125893475,-1.9,227.0,85.0,-4.1,57.0,501.0,11.0,152.0,d,0.0,1002.0,2.1,59.0,1004.0,0.0,73.0,3.1,2024-01-14T15:15:00,2024-01-14T20:15:00,1705263300.0,0.6,16.0,230.0,12.9,7.0,Overcast clouds,c04d,804.0,4951257.0,Somerville,US,42.3876,-71.0995,MA,994971-99999,America/New_York
2024-01-14 15:30:00,34.54679443884062,55.94042649323218,270.0,34.54679443884062,-2.2,229.8,84.0,-4.0,49.0,430.0,8.9,117.0,d,0.0,1003.0,2.1,61.0,1005.0,0.0,59.0,2.8,2024-01-14T15:30:00,2024-01-14T20:30:00,1705264200.0,0.5,10.0,231.0,14.6,6.8,Overcast clouds,c04d,804.0,4951257.0,Somerville,US,42.3876,-71.0995,MA,994971-99999,America/New_York
2024-01-14 15:45:00,23.785337906151817,64.46888083597013,269.99999914622634,23.78533790615182,-2.6,232.6,82.0,-3.9,42.0,360.0,6.8,83.0,d,0.0,1003.0,2.1,63.0,1005.0,0.0,45.0,2.5,2024-01-14T15:45:00,2024-01-14T20:45:00,1705265100.0,0.6,16.0,232.0,14.9,6.6,Overcast clouds,c04d,804.0,4951257.0,Somerville,US,42.3876,-71.0995,MA,994971-99999,America/New_York
2024-01-14 16:00:00,15.241023671765689,72.68747280067696,270.0,15.241023671765689,-3.0,235.4,81.0,-3.8,34.0,289.0,4.7,48.0,d,0.0,1003.0,2.1,65.0,1005.0,0.0,61.0,2.1,2024-01-14T16:00:00,2024-01-14T21:00:00,1705266000.0,0.6,16.0,232.0,15.2,6.4,Overcast clouds,c04n,804.0,4951257.0,Somerville,US,42.3876,-71.0995,MA,994971-99999,America/New_York
2024-01-14 16:15:00,7.878920310134816,80.67872170901543,269.9999963777452,7.8789203101348315,-3.0,237.9,75.0,-3.6,26.0,217.0,2.3,36.0,d,0.0,1003.0,2.1,65.0,1005.0,0.0,50.0,2.3,2024-01-14T16:15:00,2024-01-14T21:15:00,1705266900.0,0.6,10.0,238.0,15.5,6.9,Overcast clouds,c04n,804.0,4951257.0,Somerville,US,42.3876,-71.0995,MA,994971-99999,America/New_York
2024-01-14 16:30:00,1.412326144505215,88.27822167609403,269.9999814512886,1.412326144505289,-2.9,240.5,69.0,-3.4,17.0,144.0,-0.1,24.0,d,0.0,1003.0,2.1,65.0,1005.0,0.0,18.0,2.5,2024-01-14T16:30:00,2024-01-14T21:30:00,1705267800.0,0.0,16.0,245.0,15.8,7.4,Broken clouds,c03n,803.0,4951257.0,Somerville,US,42.3876,-71.0995,MA,994971-99999,America/New_York
2024-01-14 16:45:00,,,,,-2.9,243.0,63.0,-3.3,9.0,72.0,-2.5,12.0,d,0.0,1004.0,2.1,65.0,1006.0,0.0,10.0,2.6,2024-01-14T16:45:00,2024-01-14T21:45:00,1705268700.0,0.0,16.0,252.0,16.1,7.9,Broken clouds,c03n,803.0,4951257.0,Somerville,US,42.3876,-71.0995,MA,994971-99999,America/New_York
2024-01-14 17:00:00,,,,,-2.8,245.5,57.0,-3.1,0.0,0.0,-4.9,0.0,n,0.0,1004.0,2.1,65.0,1006.0,0.0,0.0,2.8,2024-01-14T17:00:00,2024-01-14T22:00:00,1705269600.0,0.0,16.0,258.0,16.4,8.4,Broken clouds,c03n,803.0,4951257.0,Somerville,US,42.3876,-71.0995,MA,994971-99999,America/New_York
2024-01-14 17:15:00,,,,,-3.8,247.9,47.0,-4.4,0.0,0.0,-7.5,0.0,n,0.0,1005.0,2.1,62.0,1007.0,0.0,0.0,2.1,2024-01-14T17:15:00,2024-01-14T22:15:00,1705270500.0,0.0,10.0,264.0,16.6,8.6,Broken clouds,c03n,803.0,4951257.0,Somerville,US,42.3876,-71.0995,MA,994971-99999,America/New_York
2024-01-14 17:30:00,,,,,-4.7,250.3,38.0,-5.7,0.0,0.0,-10.1,0.0,n,0.0,1006.0,2.1,59.0,1008.0,0.0,0.0,1.4,2024-01-14T17:30:00,2024-01-14T22:30:00,1705271400.0,0.0,10.0,271.0,16.8,8.8,Scattered clouds,c02n,802.0,4951257.0,Somerville,US,42.3876,-71.0995,MA,994971-99999,America/New_York
2024-01-14 17:45:00,,,,,-5.7,252.6,28.0,-7.0,0.0,0.0,-12.7,0.0,n,1.0,1007.0,2.1,56.0,1009.0,7.0,0.0,0.8,2024-01-14T17:45:00,2024-01-14T22:45:00,1705272300.0,0.0,16.0,278.0,17.0,9.0,Light snow,s01n,600.0,4951257.0,Somerville,US,42.3876,-71.0995,MA,994971-99999,America/New_York
2024-01-14 18:00:00,,,,,-6.6,255.0,18.0,-8.3,0.0,0.0,-15.4,0.0,n,0.0,1008.0,2.1,53.0,1010.0,0.0,0.0,0.1,2024-01-14T18:00:00,2024-01-14T23:00:00,1705273200.0,0.0,10.0,284.0,18.0,9.2,Few clouds,c02n,801.0,4951257.0,Somerville,US,42.3876,-71.0995,MA,994971-99999,America/New_York
2024-01-14 18:15:00,,,,,-6.7,257.3,14.0,-8.7,0.0,0.0,-18.1,0.0,n,0.0,1008.0,2.1,52.0,1010.0,0.0,0.0,0.0,2024-01-14T18:15:00,2024-01-14T23:15:00,1705274100.0,0.0,10.0,283.0,18.0,9.0,Few clouds,c02n,801.0,4951257.0,Somerville,US,42.3876,-71.0995,MA,994971-99999,America/New_York
2024-01-14 18:30:00,,,,,-6.9,259.7,9.0,-9.3,0.0,0.0,-20.8,0.0,n,0.0,1009.0,2.1,50.0,1011.0,0.0,0.0,-0.2,2024-01-14T18:30:00,2024-01-14T23:30:00,1705275000.0,0.0,10.0,282.0,16.6,8.8,Few clouds,c02n,801.0,4951257.0,Somerville,US,42.3876,-71.0995,MA,994971-99999,America/New_York
2024-01-14 18:45:00,,,,,-7.0,262.0,4.0,-10.0,0.0,0.0,-23.5,0.0,n,0.0,1009.0,2.1,48.0,1011.0,0.0,0.0,-0.3,2024-01-14T18:45:00,2024-01-14T23:45:00,1705275900.0,0.0,10.0,281.0,16.3,8.6,Few clouds,c02n,801.0,4951257.0,Somerville,US,42.3876,-71.0995,MA,994971-99999,America/New_York
2024-01-14 19:00:00,,,,,-7.1,264.4,0.0,-10.4,0.0,0.0,-26.2,0.0,n,0.0,1009.0,2.1,47.0,1011.0,0.0,0.0,-0.5,2024-01-14T19:00:00,2024-01-15T00:00:00,1705276800.0,0.0,16.0,280.0,11.8,8.4,Clear Sky,c01n,800.0,4951257.0,Somerville,US,42.3876,-71.0995,MA,994971-99999,America/New_York
2024-01-14 19:15:00,,,,,-7.2,266.9,0.0,-10.5,0.0,0.0,-29.0,0.0,n,0.0,1010.0,2.1,47.0,1012.0,0.0,0.0,-0.6,2024-01-14T19:15:00,2024-01-15T00:15:00,1705277700.0,0.0,16.0,279.0,11.8,8.3,Clear Sky,c01n,800.0,4951257.0,Somerville,US,42.3876,-71.0995,MA,994971-99999,America/New_York
2024-01-14 19:30:00,,,,,-7.4,269.4,0.0,-10.6,0.0,0.0,-31.8,0.0,n,0.0,1011.0,2.1,47.0,1013.0,0.0,0.0,-0.8,2024-01-14T19:30:00,2024-01-15T00:30:00,1705278600.0,0.0,16.0,278.0,15.0,8.2,Clear Sky,c01n,800.0,4951257.0,Somerville,US,42.3876,-71.0995,MA,994971-99999,America/New_York
2024-01-14 19:45:00,,,,,-7.5,271.9,0.0,-10.7,0.0,0.0,-34.5,0.0,n,0.0,1011.0,2.1,47.0,1013.0,0.0,0.0,-0.9,2024-01-14T19:45:00,2024-01-15T00:45:00,1705279500.0,0.0,16.0,277.0,14.5,8.1,Clear Sky,c01n,800.0,4951257.0,Somerville,US,42.3876,-71.0995,MA,994971-99999,America/New_York
2024-01-14 20:00:00,,,,,-7.6,274.5,0.0,-10.9,0.0,0.0,-37.3,0.0,n,0.0,1012.0,2.1,47.0,1014.0,0.0,0.0,-1.0,2024-01-14T20:00:00,2024-01-15T01:00:00,1705280400.0,0.0,16.0,276.0,14.0,8.0,Clear Sky,c01n,800.0,4951257.0,Somerville,US,42.3876,-71.0995,MA,994971-99999,America/New_York
2024-01-14 20:15:00,,,,,-7.7,277.5,0.0,-11.2,0.0,0.0,-40.0,0.0,n,0.0,1012.0,2.1,46.0,1014.0,0.0,0.0,-1.1,2024-01-14T20:15:00,2024-01-15T01:15:00,1705281300.0,0.0,16.0,276.0,13.6,7.9,Clear Sky,c01n,800.0,4951257.0,Somerville,US,42.3876,-71.0995,MA,994971-99999,America/New_York
2024-01-14 20:30:00,,,,,-7.9,280.5,0.0,-11.4,0.0,0.0,-42.7,0.0,n,0.0,1013.0,2.1,46.0,1015.0,0.0,0.0,-1.3,2024-01-14T20:30:00,2024-01-15T01:30:00,1705282200.0,0.0,16.0,275.0,13.2,7.8,Clear Sky,c01n,800.0,4951257.0,Somerville,US,42.3876,-71.0995,MA,994971-99999,America/New_York
2024-01-14 20:45:00,,,,,-8.0,283.5,0.0,-11.7,0.0,0.0,-45.5,0.0,n,0.0,1013.0,2.1,45.0,1015.0,0.0,0.0,-1.4,2024-01-14T20:45:00,2024-01-15T01:45:00,1705283100.0,0.0,16.0,274.0,12.8,7.7,Clear Sky,c01n,800.0,4951257.0,Somerville,US,42.3876,-71.0995,MA,994971-99999,America/New_York
2024-01-14 21:00:00,,,,,-8.1,286.5,0.0,-12.1,0.0,0.0,-48.2,0.0,n,0.0,1013.0,2.1,44.0,1015.0,0.0,0.0,-1.5,2024-01-14T21:00:00,2024-01-15T02:00:00,1705284000.0,0.0,16.0,274.0,12.4,7.6,Clear Sky,c01n,800.0,4951257.0,Somerville,US,42.3876,-71.0995,MA,994971-99999,America/New_York
2024-01-14 21:15:00,,,,,-8.2,290.6,0.0,-12.2,0.0,0.0,-50.7,0.0,n,0.0,1013.0,2.1,44.0,1015.0,0.0,0.0,-1.6,2024-01-14T21:15:00,2024-01-15T02:15:00,1705284900.0,0.0,16.0,274.0,9.8,7.5,Clear Sky,c01n,800.0,4951257.0,Somerville,US,42.3876,-71.0995,MA,994971-99999,America/New_York
2024-01-14 21:30:00,,,,,-8.2,294.6,0.0,-12.3,0.0,0.0,-53.2,0.0,n,0.0,1014.0,2.1,44.0,1016.0,0.0,0.0,-1.6,2024-01-14T21:30:00,2024-01-15T02:30:00,1705285800.0,0.0,16.0,274.0,12.2,7.4,Clear Sky,c01n,800.0,4951257.0,Somerville,US,42.3876,-71.0995,MA,994971-99999,America/New_York
2024-01-14 21:45:00,,,,,-8.3,298.7,0.0,-12.6,0.0,0.0,-55.7,0.0,n,0.0,1014.0,2.1,43.0,1016.0,0.0,0.0,-1.7,2024-01-14T21:45:00,2024-01-15T02:45:00,1705286700.0,0.0,16.0,274.0,12.1,7.3,Clear Sky,c01n,800.0,4951257.0,Somerville,US,42.3876,-71.0995,MA,994971-99999,America/New_York
2024-01-14 22:00:00,,,,,-8.3,302.8,0.0,-12.7,0.0,0.0,-58.3,0.0,n,0.0,1014.0,2.1,43.0,1016.0,0.0,0.0,-1.8,2024-01-14T22:00:00,2024-01-15T03:00:00,1705287600.0,0.0,16.0,274.0,12.0,7.2,Clear Sky,c01n,800.0,4951257.0,Somerville,US,42.3876,-71.0995,MA,994971-99999,America/New_York
2024-01-14 22:15:00,,,,,-8.4,309.1,0.0,-12.8,0.0,0.0,-60.2,0.0,n,0.0,1014.0,2.1,43.0,1016.0,0.0,0.0,-1.9,2024-01-14T22:15:00,2024-01-15T03:15:00,1705288500.0,0.0,16.0,274.0,11.8,7.1,Clear Sky,c01n,800.0,4951257.0,Somerville,US,42.3876,-71.0995,MA,994971-99999,America/New_York
2024-01-14 22:30:00,,,,,-8.4,315.4,0.0,-13.1,0.0,0.0,-62.2,0.0,n,0.0,1014.0,2.1,42.0,1016.0,0.0,0.0,-1.9,2024-01-14T22:30:00,2024-01-15T03:30:00,1705289400.0,0.0,16.0,275.0,11.6,7.0,Clear Sky,c01n,800.0,4951257.0,Somerville,US,42.3876,-71.0995,MA,994971-99999,America/New_York
2024-01-14 22:45:00,,,,,-8.5,321.7,0.0,-13.2,0.0,0.0,-64.1,0.0,n,0.0,1014.0,2.1,42.0,1016.0,0.0,0.0,-2.0,2024-01-14T22:45:00,2024-01-15T03:45:00,1705290300.0,0.0,16.0,276.0,11.4,6.9,Clear Sky,c01n,800.0,4951257.0,Somerville,US,42.3876,-71.0995,MA,994971-99999,America/New_York
2024-01-14 23:00:00,,,,,-8.5,328.0,0.0,-13.3,0.0,0.0,-66.1,0.0,n,0.0,1015.0,2.1,42.0,1017.0,0.0,0.0,-2.1,2024-01-14T23:00:00,2024-01-15T04:00:00,1705291200.0,0.0,16.0,276.0,11.2,6.8,Clear Sky,c01n,800.0,4951257.0,Somerville,US,42.3876,-71.0995,MA,994971-99999,America/New_York
2024-01-14 23:15:00,,,,,-8.6,247.0,0.0,-13.3,0.0,0.0,-66.8,0.0,n,0.0,1015.0,2.1,42.0,1017.0,0.0,0.0,-2.2,2024-01-14T23:15:00,2024-01-15T04:15:00,1705292100.0,0.0,16.0,276.0,11.1,6.7,Clear Sky,c01n,800.0,4951257.0,Somerville,US,42.3876,-71.0995,MA,994971-99999,America/New_York
2024-01-14 23:30:00,,,,,-8.6,166.1,0.0,-13.1,0.0,0.0,-67.5,0.0,n,0.0,1015.0,2.1,43.0,1017.0,0.0,0.0,-2.3,2024-01-14T23:30:00,2024-01-15T04:30:00,1705293000.0,0.0,16.0,277.0,11.0,6.6,Clear Sky,c01n,800.0,4951257.0,Somerville,US,42.3876,-71.0995,MA,994971-99999,America/New_York
2024-01-14 23:45:00,,,,,-8.7,85.2,0.0,-12.9,0.0,0.0,-68.1,0.0,n,0.0,1015.0,2.1,44.0,1017.0,0.0,0.0,-2.3,2024-01-14T23:45:00,2024-01-15T04:45:00,1705293900.0,0.0,16.0,278.0,10.9,6.5,Clear Sky,c01n,800.0,4951257.0,Somerville,US,42.3876,-71.0995,MA,994971-99999,America/New_York
2024-01-15 00:00:00,,,,,-8.7,4.3,0.0,-13.0,0.0,0.0,-68.8,0.0,n,0.0,1015.0,2.1,44.0,1017.0,0.0,0.0,-2.4,2024-01-15T00:00:00,2024-01-15T05:00:00,1705294800.0,0.0,16.0,278.0,10.8,6.4,Clear Sky,c01n,800.0,4951257.0,Somerville,US,42.3876,-71.0995,MA,994971-99999,America/New_York
2024-01-15 00:15:00,,,,,-8.7,12.9,0.0,-13.0,0.0,0.0,-67.8,0.0,n,0.0,1015.0,2.1,44.0,1017.0,0.0,0.0,-2.5,2024-01-15T00:15:00,2024-01-15T05:15:00,1705295700.0,0.0,16.0,278.0,10.7,6.2,Clear Sky,c01n,800.0,4951257.0,Somerville,US,42.3876,-71.0995,MA,994971-99999,America/New_York
2024-01-15 00:30:00,,,,,-8.7,21.5,0.0,-13.1,0.0,0.0,-66.7,0.0,n,0.0,1015.0,2.1,44.0,1017.0,0.0,0.0,-2.6,2024-01-15T00:30:00,2024-01-15T05:30:00,1705296600.0,0.0,16.0,279.0,10.6,6.0,Clear Sky,c01n,800.0,4951257.0,Somerville,US,42.3876,-71.0995,MA,994971-99999,America/New_York
2024-01-15 00:45:00,,,,,-8.8,30.1,0.0,-13.5,0.0,0.0,-65.7,0.0,n,0.0,1015.0,2.1,43.0,1017.0,0.0,0.0,-2.7,2024-01-15T00:45:00,2024-01-15T05:45:00,1705297500.0,0.0,16.0,280.0,10.5,5.8,Clear Sky,c01n,800.0,4951257.0,Somerville,US,42.3876,-71.0995,MA,994971-99999,America/New_York
2024-01-15 01:00:00,,,,,-8.8,38.7,0.0,-13.6,0.0,0.0,-64.7,0.0,n,0.0,1015.0,2.1,43.0,1017.0,0.0,0.0,-2.8,2024-01-15T01:00:00,2024-01-15T06:00:00,1705298400.0,0.0,16.0,280.0,10.4,5.6,Clear Sky,c01n,800.0,4951257.0,Somerville,US,42.3876,-71.0995,MA,994971-99999,America/New_York
2024-01-15 01:15:00,,,,,-8.7,44.3,0.0,-13.4,0.0,0.0,-62.5,0.0,n,0.0,1016.0,2.1,44.0,1018.0,0.0,0.0,-2.8,2024-01-15T01:15:00,2024-01-15T06:15:00,1705299300.0,0.0,16.0,278.0,9.9,5.4,Clear Sky,c01n,800.0,4951257.0,Somerville,US,42.3876,-71.0995,MA,994971-99999,America/New_York
2024-01-15 01:30:00,,,,,-8.7,50.0,0.0,-13.4,0.0,0.0,-60.4,0.0,n,0.0,1016.0,2.1,44.0,1018.0,0.0,0.0,-2.9,2024-01-15T01:30:00,2024-01-15T06:30:00,1705300200.0,0.0,16.0,276.0,9.4,5.2,Clear Sky,c01n,800.0,4951257.0,Somerville,US,42.3876,-71.0995,MA,994971-99999,America/New_York
2024-01-15 01:45:00,,,,,-8.6,55.7,0.0,-13.5,0.0,0.0,-58.3,0.0,n,0.0,1016.0,2.1,44.0,1018.0,0.0,0.0,-3.0,2024-01-15T01:45:00,2024-01-15T06:45:00,1705301100.0,0.0,16.0,274.0,8.9,5.0,Clear Sky,c01n,800.0,4951257.0,Somerville,US,42.3876,-71.0995,MA,994971-99999,America/New_York
2024-01-15 02:00:00,,,,,-8.5,61.4,0.0,-13.2,0.0,0.0,-56.1,0.0,n,0.0,1017.0,2.1,45.0,1019.0,0.0,0.0,-3.0,2024-01-15T02:00:00,2024-01-15T07:00:00,1705302000.0,0.0,16.0,272.0,8.4,4.8,Clear Sky,c01n,800.0,4951257.0,Somerville,US,42.3876,-71.0995,MA,994971-99999,America/New_York
2024-01-15 02:15:00,,,,,-8.6,65.1,0.0,-13.1,0.0,0.0,-53.5,0.0,n,0.0,1017.0,2.1,46.0,1019.0,0.0,0.0,-3.1,2024-01-15T02:15:00,2024-01-15T07:15:00,1705302900.0,0.0,16.0,268.0,8.3,4.7,Clear Sky,c01n,800.0,4951257.0,Somerville,US,42.3876,-71.0995,MA,994971-99999,America/New_York
2024-01-15 02:30:00,,,,,-8.7,68.9,0.0,-13.1,0.0,0.0,-50.9,0.0,n,0.0,1017.0,2.1,46.0,1019.0,0.0,0.0,-3.2,2024-01-15T02:30:00,2024-01-15T07:30:00,1705303800.0,0.0,16.0,265.0,8.2,4.6,Clear Sky,c01n,800.0,4951257.0,Somerville,US,42.3876,-71.0995,MA,994971-99999,America/New_York
2024-01-15 02:45:00,,,,,-8.7,72.7,0.0,-13.2,0.0,0.0,-48.4,0.0,n,0.0,1017.0,2.1,46.0,1019.0,0.0,0.0,-3.3,2024-01-15T02:45:00,2024-01-15T07:45:00,1705304700.0,0.0,16.0,262.0,8.1,4.5,Clear Sky,c01n,800.0,4951257.0,Somerville,US,42.3876,-71.0995,MA,994971-99999,America/New_York
2024-01-15 03:00:00,,,,,-8.8,76.4,0.0,-13.1,0.0,0.0,-45.8,0.0,n,0.0,1018.0,2.1,47.0,1020.0,0.0,0.0,-3.4,2024-01-15T03:00:00,2024-01-15T08:00:00,1705305600.0,0.0,16.0,258.0,8.0,4.4,Clear Sky,c01n,800.0,4951257.0,Somerville,US,42.3876,-71.0995,MA,994971-99999,America/New_York
2024-01-15 03:15:00,,,,,-8.9,79.3,0.0,-13.1,0.0,0.0,-43.0,0.0,n,0.0,1018.0,2.1,47.0,1020.0,0.0,0.0,-3.5,2024-01-15T03:15:00,2024-01-15T08:15:00,1705306500.0,0.0,16.0,258.0,8.0,4.5,Clear Sky,c01n,800.0,4951257.0,Somerville,US,42.3876,-71.0995,MA,994971-99999,America/New_York
2024-01-15 03:30:00,,,,,-9.0,82.1,0.0,-13.2,0.0,0.0,-40.3,0.0,n,0.0,1018.0,2.1,47.0,1020.0,0.0,0.0,-3.5,2024-01-15T03:30:00,2024-01-15T08:30:00,1705307400.0,0.0,16.0,258.0,8.0,4.6,Clear Sky,c01n,800.0,4951257.0,Somerville,US,42.3876,-71.0995,MA,994971-99999,America/New_York
2024-01-15 03:45:00,,,,,-9.2,85.0,0.0,-13.2,0.0,0.0,-37.5,0.0,n,0.0,1018.0,2.1,47.0,1020.0,0.0,0.0,-3.5,2024-01-15T03:45:00,2024-01-15T08:45:00,1705308300.0,0.0,16.0,258.0,8.0,4.7,Clear Sky,c01n,800.0,4951257.0,Somerville,US,42.3876,-71.0995,MA,994971-99999,America/New_York
2024-01-15 04:00:00,,,,,-9.3,87.8,0.0,-13.2,0.0,0.0,-34.8,0.0,n,0.0,1018.0,2.1,47.0,1020.0,0.0,0.0,-3.6,2024-01-15T04:00:00,2024-01-15T09:00:00,1705309200.0,0.0,16.0,258.0,8.0,4.8,Clear Sky,c01n,800.0,4951257.0,Somerville,US,42.3876,-71.0995,MA,994971-99999,America/New_York
2024-01-15 04:15:00,,,,,-9.3,90.3,9.0,-13.0,0.0,0.0,-32.0,0.0,n,0.0,1018.0,2.1,48.0,1020.0,0.0,0.0,-3.6,2024-01-15T04:15:00,2024-01-15T09:15:00,1705310100.0,0.0,16.0,260.0,7.9,4.8,Few clouds,c02n,801.0,4951257.0,Somerville,US,42.3876,-71.0995,MA,994971-99999,America/New_York
2024-01-15 04:30:00,,,,,-9.4,92.7,18.0,-13.1,0.0,0.0,-29.3,0.0,n,0.0,1018.0,2.1,48.0,1020.0,0.0,0.0,-3.7,2024-01-15T04:30:00,2024-01-15T09:30:00,1705311000.0,0.0,16.0,263.0,7.8,4.8,Few clouds,c02n,801.0,4951257.0,Somerville,US,42.3876,-71.0995,MA,994971-99999,America/New_York
2024-01-15 04:45:00,,,,,-9.5,95.2,27.0,-12.9,0.0,0.0,-26.5,0.0,n,0.0,1018.0,2.1,49.0,1020.0,0.0,0.0,-3.8,2024-01-15T04:45:00,2024-01-15T09:45:00,1705311900.0,0.0,16.0,266.0,7.7,4.8,Scattered clouds,c02n,802.0,4951257.0,Somerville,US,42.3876,-71.0995,MA,994971-99999,America/New_York
2024-01-15 05:00:00,,,,,-9.5,97.7,36.0,-12.7,0.0,0.0,-23.7,0.0,n,0.0,1018.0,2.1,50.0,1020.0,0.0,0.0,-3.8,2024-01-15T05:00:00,2024-01-15T10:00:00,1705312800.0,0.0,16.0,268.0,7.6,4.8,Scattered clouds,c02n,802.0,4951257.0,Somerville,US,42.3876,-71.0995,MA,994971-99999,America/New_York
2024-01-15 05:15:00,,,,,-9.7,100.0,27.0,-12.8,0.0,0.0,-21.0,0.0,n,0.0,1019.0,2.1,50.0,1021.0,0.0,0.0,-4.0,2024-01-15T05:15:00,2024-01-15T10:15:00,1705313700.0,0.0,16.0,270.0,7.5,4.7,Scattered clouds,c02n,802.0,4951257.0,Somerville,US,42.3876,-71.0995,MA,994971-99999,America/New_York
2024-01-15 05:30:00,,,,,-9.8,102.3,18.0,-12.9,0.0,0.0,-18.3,0.0,n,0.0,1019.0,2.1,50.0,1021.0,0.0,0.0,-4.1,2024-01-15T05:30:00,2024-01-15T10:30:00,1705314600.0,0.0,16.0,272.0,7.4,4.6,Few clouds,c02n,801.0,4951257.0,Somerville,US,42.3876,-71.0995,MA,994971-99999,America/New_York
2024-01-15 05:45:00,,,,,-9.9,104.7,9.0,-13.1,0.0,0.0,-15.6,0.0,n,0.0,1019.0,2.1,50.0,1021.0,0.0,0.0,-4.3,2024-01-15T05:45:00,2024-01-15T10:45:00,1705315500.0,0.0,16.0,274.0,7.3,4.5,Few clouds,c02n,801.0,4951257.0,Somerville,US,42.3876,-71.0995,MA,994971-99999,America/New_York
2024-01-15 06:00:00,,,,,-10.0,107.0,0.0,-13.2,0.0,0.0,-12.9,0.0,n,0.0,1019.0,2.1,50.0,1021.0,0.0,0.0,-4.4,2024-01-15T06:00:00,2024-01-15T11:00:00,1705316400.0,0.0,16.0,276.0,7.2,4.4,Clear Sky,c01n,800.0,4951257.0,Somerville,US,42.3876,-71.0995,MA,994971-99999,America/New_York
2024-01-15 06:15:00,,,,,-10.0,109.4,0.0,-13.3,0.0,0.0,-10.3,0.0,n,0.0,1019.0,2.1,50.0,1021.0,0.0,0.0,-4.5,2024-01-15T06:15:00,2024-01-15T11:15:00,1705317300.0,0.0,16.0,276.0,7.1,4.3,Clear Sky,c01n,800.0,4951257.0,Somerville,US,42.3876,-71.0995,MA,994971-99999,America/New_York
2024-01-15 06:30:00,,,,,-10.0,111.8,0.0,-13.3,0.0,0.0,-7.8,0.0,n,0.0,1019.0,2.1,50.0,1021.0,0.0,0.0,-4.5,2024-01-15T06:30:00,2024-01-15T11:30:00,1705318200.0,0.0,16.0,276.0,7.0,4.2,Clear Sky,c01n,800.0,4951257.0,Somerville,US,42.3876,-71.0995,MA,994971-99999,America/New_York
2024-01-15 06:45:00,,,,,-10.0,114.2,0.0,-13.4,0.0,0.0,-5.2,0.0,n,0.0,1019.0,2.1,50.0,1021.0,0.0,0.0,-4.5,2024-01-15T06:45:00,2024-01-15T11:45:00,1705319100.0,0.0,16.0,276.0,6.9,4.1,Clear Sky,c01n,800.0,4951257.0,Somerville,US,42.3876,-71.0995,MA,994971-99999,America/New_York
2024-01-15 07:00:00,,,,,-9.9,116.6,0.0,-13.4,0.0,0.0,-2.6,0.0,n,0.0,1019.0,2.1,50.0,1021.0,0.0,0.0,-4.6,2024-01-15T07:00:00,2024-01-15T12:00:00,1705320000.0,0.0,16.0,276.0,6.8,4.0,Clear Sky,c01n,800.0,4951257.0,Somerville,US,42.3876,-71.0995,MA,994971-99999,America/New_York
2024-01-15 07:15:00,-0.8310278323077256,88.98277793656554,90.00002359877308,0.8310278323077961,-10.0,119.2,0.0,-13.4,11.0,96.0,-0.3,20.0,d,0.0,1019.0,2.1,50.0,1021.0,0.0,20.0,-4.6,2024-01-15T07:15:00,2024-01-15T12:15:00,1705320900.0,0.0,16.0,276.0,6.9,4.0,Clear Sky,c01n,800.0,4951257.0,Somerville,US,42.3876,-71.0995,MA,994971-99999,America/New_York
2024-01-15 07:30:00,-7.212444650819904,81.42357067241022,90.0,7.212444650819889,-10.0,121.7,0.0,-13.5,22.0,191.0,2.1,40.0,d,0.0,1020.0,2.1,50.0,1022.0,0.0,40.0,-4.7,2024-01-15T07:30:00,2024-01-15T12:30:00,1705321800.0,1.3,16.0,275.0,7.0,4.0,Clear Sky,c01n,800.0,4951257.0,Somerville,US,42.3876,-71.0995,MA,994971-99999,America/New_York
2024-01-15 07:45:00,-14.491649050266346,73.43051439738657,90.0000020913098,14.491649050266357,-10.0,124.3,0.0,-13.5,33.0,287.0,4.4,59.0,d,0.0,1020.0,2.1,50.0,1022.0,0.0,59.0,-4.7,2024-01-15T07:45:00,2024-01-15T12:45:00,1705322700.0,1.3,16.0,274.0,7.1,4.0,Clear Sky,c01d,800.0,4951257.0,Somerville,US,42.3876,-71.0995,MA,994971-99999,America/New_York
2024-01-15 08:00:00,-22.89980132656172,65.20367316817575,90.0000017075473,22.89980132656173,-10.1,126.9,0.0,-13.5,43.0,382.0,6.8,79.0,d,0.0,1020.0,2.1,50.0,1022.0,0.0,79.0,-4.7,2024-01-15T08:00:00,2024-01-15T13:00:00,1705323600.0,1.3,16.0,274.0,7.2,4.0,Clear Sky,c01d,800.0,4951257.0,Somerville,US,42.3876,-71.0995,MA,994971-99999,America/New_York
2024-01-15 08:15:00,-33.371693870141094,56.67330552375,90.00000120741826,33.3716938701411,-9.7,129.8,0.0,-13.5,50.0,439.0,8.8,114.0,d,0.0,1020.0,2.1,49.0,1022.0,0.0,114.0,-4.5,2024-01-15T08:15:00,2024-01-15T13:15:00,1705324500.0,1.3,16.0,272.0,14.4,3.9,Clear Sky,c01d,800.0,4951257.0,Somerville,US,42.3876,-71.0995,MA,994971-99999,America/New_York
2024-01-15 08:30:00,-49.27964243635552,47.61951743185648,90.0,49.27964243635552,-9.3,132.7,0.0,-13.6,56.0,496.0,10.9,149.0,d,0.0,1020.0,2.1,48.0,1022.0,0.0,149.0,-4.3,2024-01-15T08:30:00,2024-01-15T13:30:00,1705325400.0,1.3,16.0,271.0,7.2,3.8,Clear Sky,c01d,800.0,4951257.0,Somerville,US,42.3876,-71.0995,MA,994971-99999,America/New_York
2024-01-15 08:45:00,-60.0,45.15138796638372,90.0,59.99999999999999,-9.0,135.6,0.0,-13.6,62.0,553.0,12.9,183.0,d,0.0,1020.0,2.1,47.0,1022.0,0.0,183.0,-4.0,2024-01-15T08:45:00,2024-01-15T13:45:00,1705326300.0,1.4,16.0,270.0,7.2,3.7,Clear Sky,c01d,800.0,4951257.0,Somerville,US,42.3876,-71.0995,MA,994971-99999,America/New_York
2024-01-15 09:00:00,-60.0,46.841389075273845,90.0,59.99999999999999,-8.6,138.5,0.0,-13.7,69.0,610.0,15.0,218.0,d,0.0,1021.0,2.1,46.0,1023.0,0.0,218.0,-3.8,2024-01-15T09:00:00,2024-01-15T14:00:00,1705327200.0,1.5,16.0,268.0,7.2,3.6,Clear Sky,c01d,800.0,4951257.0,Somerville,US,42.3876,-71.0995,MA,994971-99999,America/New_York
2024-01-15 09:15:00,-60.0,48.74760117815645,90.0,59.99999999999999,-8.1,141.8,0.0,-13.6,72.0,636.0,16.5,247.0,d,0.0,1021.0,2.1,45.0,1023.0,0.0,247.0,-3.4,2024-01-15T09:15:00,2024-01-15T14:15:00,1705328100.0,1.6,16.0,266.0,7.1,3.5,Clear Sky,c01d,800.0,4951257.0,Somerville,US,42.3876,-71.0995,MA,994971-99999,America/New_York
2024-01-15 09:30:00,-60.0,50.84605992644979,90.0,59.99999999999999,-7.5,145.0,0.0,-13.6,76.0,662.0,18.1,277.0,d,0.0,1021.0,2.1,44.0,1023.0,0.0,277.0,-3.0,2024-01-15T09:30:00,2024-01-15T14:30:00,1705329000.0,1.6,16.0,265.0,7.0,3.4,Clear Sky,c01d,800.0,4951257.0,Somerville,US,42.3876,-71.0995,MA,994971-99999,America/New_York
2024-01-15 09:45:00,-55.51786030283923,52.98214034390939,90.0,55.51786030283923,-7.0,148.3,0.0,-13.2,79.0,688.0,19.7,306.0,d,0.0,1021.0,2.1,44.0,1023.0,0.0,306.0,-2.7,2024-01-15T09:45:00,2024-01-15T14:45:00,1705329900.0,1.8,16.0,264.0,6.9,3.3,Clear Sky,c01d,800.0,4951257.0,Somerville,US,42.3876,-71.0995,MA,994971-99999,America/New_York
2024-01-15 10:00:00,-50.66384233109977,55.00146850331413,90.0,50.66384233109978,-6.4,151.6,0.0,-13.1,83.0,713.0,21.3,335.0,d,0.0,1021.0,2.1,43.0,1023.0,0.0,335.0,-2.3,2024-01-15T10:00:00,2024-01-15T15:00:00,1705330800.0,1.9,16.0,262.0,6.8,3.2,Clear Sky,c01d,800.0,4951257.0,Somerville,US,42.3876,-71.0995,MA,994971-99999,America/New_York
2024-01-15 10:15:00,-45.39747373563613,56.87916092422764,90.0,45.39747373563613,-6.5,155.2,3.0,-13.5,84.0,726.0,22.3,353.0,d,0.0,1020.0,2.1,42.0,1022.0,0.0,353.0,-2.3,2024-01-15T10:15:00,2024-01-15T15:15:00,1705331700.0,1.9,16.0,258.0,6.8,3.2,Few clouds,c02d,801.0,4951257.0,Somerville,US,42.3876,-71.0995,MA,994971-99999,America/New_York
2024-01-15 10:30:00,-39.68122093320564,58.5866097181564,90.0,39.68122093320564,-6.6,158.9,6.0,-13.5,86.0,738.0,23.3,372.0,d,0.0,1020.0,2.1,42.0,1022.0,0.0,372.0,-2.4,2024-01-15T10:30:00,2024-01-15T15:30:00,1705332600.0,2.0,16.0,255.0,6.8,3.2,Few clouds,c02d,801.0,4951257.0,Somerville,US,42.3876,-71.0995,MA,994971-99999,America/New_York
2024-01-15 10:45:00,-33.4907995424163,60.091797671474986,90.00000120741826,33.490799542416305,-6.6,162.5,9.0,-13.6,88.0,750.0,24.3,390.0,d,0.0,1020.0,2.1,42.0,1022.0,0.0,390.0,-2.5,2024-01-15T10:45:00,2024-01-15T15:45:00,1705333500.0,2.0,16.0,252.0,6.8,3.2,Few clouds,c02d,801.0,4951257.0,Somerville,US,42.3876,-71.0995,MA,994971-99999,America/New_York
2024-01-15 11:00:00,-26.82499215414324,61.36036538857136,90.00000120741826,26.824992154143246,-6.7,166.2,12.0,-13.9,90.0,762.0,25.3,409.0,d,0.0,1020.0,2.1,41.0,1022.0,0.0,409.0,-2.5,2024-01-15T11:00:00,2024-01-15T16:00:00,1705334400.0,2.1,16.0,248.0,6.8,3.2,Few clouds,c02d,801.0,4951257.0,Somerville,US,42.3876,-71.0995,MA,994971-99999,America/New_York
2024-01-15 11:15:00,-19.71643205418598,62.357692708569225,90.00000085377364,19.716432054185983,-6.5,170.1,13.0,-14.0,90.0,765.0,25.6,414.0,d,0.0,1020.0,2.1,40.0,1022.0,0.0,414.0,-2.3,2024-01-15T11:15:00,2024-01-15T16:15:00,1705335300.0,2.1,16.0,245.0,6.9,3.3,Few clouds,c02d,801.0,4951257.0,Somerville,US,42.3876,-71.0995,MA,994971-99999,America/New_York
2024-01-15 11:30:00,-12.240087635452896,63.052089465896756,90.0,12.240087635452893,-6.3,173.9,14.0,-13.8,91.0,768.0,25.9,420.0,d,0.0,1020.0,2.1,40.0,1022.0,0.0,420.0,-2.0,2024-01-15T11:30:00,2024-01-15T16:30:00,1705336200.0,2.1,16.0,242.0,7.0,3.4,Few clouds,c02d,801.0,4951257.0,Somerville,US,42.3876,-71.0995,MA,994971-99999,America/New_York
2024-01-15 11:45:00,-4.514756689850066,63.4187383801322,90.0,4.514756689850065,-6.0,177.8,16.0,-13.5,91.0,771.0,26.2,425.0,d,0.0,1019.0,2.1,40.0,1021.0,0.0,424.0,-1.8,2024-01-15T11:45:00,2024-01-15T16:45:00,1705337100.0,2.1,16.0,239.0,7.1,3.5,Few clouds,c02d,801.0,4951257.0,Somerville,US,42.3876,-71.0995,MA,994971-99999,America/New_York
2024-01-15 12:00:00,3.30632817753422,63.443500686390415,269.9999898261128,3.306328177534272,-5.8,181.7,17.0,-13.6,92.0,775.0,26.5,431.0,d,0.0,1019.0,2.1,39.0,1021.0,0.0,430.0,-1.5,2024-01-15T12:00:00,2024-01-15T17:00:00,1705338000.0,2.1,16.0,236.0,7.2,3.6,Few clouds,c02d,801.0,4951257.0,Somerville,US,42.3876,-71.0995,MA,994971-99999,America/New_York
2024-01-15 12:15:00,11.055623213040903,63.12537609386639,270.0,11.055623213040901,-5.7,185.5,13.0,-13.4,91.0,770.0,26.0,422.0,d,0.0,1019.0,2.1,39.0,1021.0,0.0,422.0,-1.3,2024-01-15T12:15:00,2024-01-15T17:15:00,1705338900.0,2.1,16.0,236.0,7.3,3.7,Few clouds,c02d,801.0,4951257.0,Somerville,US,42.3876,-71.0995,MA,994971-99999,America/New_York
2024-01-15 12:30:00,18.57636322085686,62.476678254853304,270.0,18.576363220856855,-5.5,189.4,8.0,-13.6,90.0,765.0,25.6,414.0,d,0.0,1019.0,2.1,38.0,1021.0,0.0,414.0,-1.1,2024-01-15T12:30:00,2024-01-15T17:30:00,1705339800.0,2.1,16.0,235.0,7.4,3.8,Few clouds,c02d,801.0,4951257.0,Somerville,US,42.3876,-71.0995,MA,994971-99999,America/New_York
2024-01-15 12:45:00,25.743883941477346,61.520871936033046,269.99999914622634,25.743883941477353,-5.3,193.2,4.0,-13.4,90.0,760.0,25.1,406.0,d,0.0,1019.0,2.1,38.0,1021.0,0.0,406.0,-0.9,2024-01-15T12:45:00,2024-01-15T17:45:00,1705340700.0,2.2,16.0,234.0,7.5,3.9,Few clouds,c02d,801.0,4951257.0,Somerville,US,42.3876,-71.0995,MA,994971-99999,America/New_York
2024-01-15 13:00:00,32.47671778424077,60.28888677672152,270.0,32.476717784240776,-5.1,197.1,0.0,-13.2,89.0,755.0,24.7,397.0,d,0.0,1019.0,2.1,38.0,1021.0,0.0,397.0,-0.7,2024-01-15T13:00:00,2024-01-15T18:00:00,1705341600.0,2.2,16.0,234.0,14.4,4.0,Clear Sky,c01d,800.0,4951257.0,Somerville,US,42.3876,-71.0995,MA,994971-99999,America/New_York
2024-01-15 13:15:00,38.736499526452164,58.815123241920794,270.0,38.73649952645217,-5.2,200.7,4.0,-13.2,87.0,741.0,23.6,376.0,d,0.0,1019.0,2.1,38.0,1021.0,0.0,376.0,-0.7,2024-01-15T13:15:00,2024-01-15T18:15:00,1705342500.0,2.0,16.0,234.0,14.4,4.0,Few clouds,c02d,801.0,4951257.0,Somerville,US,42.3876,-71.0995,MA,994971-99999,America/New_York
2024-01-15 13:30:00,44.52019105551441,57.13412407450081,270.0,44.52019105551441,-5.2,204.2,9.0,-13.3,85.0,726.0,22.4,355.0,d,0.0,1019.0,2.1,38.0,1021.0,0.0,355.0,-0.8,2024-01-15T13:30:00,2024-01-15T18:30:00,1705343400.0,1.8,16.0,234.0,8.0,4.0,Few clouds,c02d,801.0,4951257.0,Somerville,US,42.3876,-71.0995,MA,994971-99999,America/New_York
2024-01-15 13:45:00,49.84938342446021,55.278323766325215,270.0,49.84938342446021,-5.2,207.8,14.0,-13.3,82.0,712.0,21.3,334.0,d,0.0,1019.0,2.1,38.0,1021.0,0.0,334.0,-0.8,2024-01-15T13:45:00,2024-01-15T18:45:00,1705344300.0,1.7,16.0,234.0,8.2,4.0,Few clouds,c02d,801.0,4951257.0,Somerville,US,42.3876,-71.0995,MA,994971-99999,America/New_York
2024-01-15 14:00:00,54.76021174464582,53.27685054988396,270.0,54.76021174464582,-5.3,211.4,18.0,-13.3,80.0,697.0,20.1,313.0,d,0.0,1019.0,2.1,38.0,1021.0,0.0,312.0,-0.8,2024-01-15T14:00:00,2024-01-15T19:00:00,1705345200.0,1.6,16.0,234.0,8.4,4.0,Few clouds,c02d,801.0,4951257.0,Somerville,US,42.3876,-71.0995,MA,994971-99999,America/New_York
2024-01-15 14:15:00,59.29553486096071,51.15512049802411,270.0,59.29553486096071,-5.0,214.6,26.0,-13.1,76.0,667.0,18.4,282.0,d,0.0,1019.0,2.1,38.0,1021.0,0.0,279.0,-0.6,2024-01-15T14:15:00,2024-01-15T19:15:00,1705346100.0,1.4,16.0,234.0,8.7,4.0,Scattered clouds,c02d,802.0,4951257.0,Somerville,US,42.3876,-71.0995,MA,994971-99999,America/New_York
2024-01-15 14:30:00,60.0,49.02795577318245,270.0,59.99999999999999,-4.8,217.8,34.0,-13.3,72.0,637.0,16.7,251.0,d,0.0,1019.0,2.1,37.0,1021.0,0.0,245.0,-0.5,2024-01-15T14:30:00,2024-01-15T19:30:00,1705347000.0,1.2,16.0,235.0,8.2,4.0,Scattered clouds,c02d,802.0,4951257.0,Somerville,US,42.3876,-71.0995,MA,994971-99999,America/New_York
2024-01-15 14:45:00,60.0,47.08568084300719,270.0,59.99999999999999,-4.6,221.0,41.0,-13.5,68.0,607.0,15.0,221.0,d,0.0,1019.0,2.1,36.0,1021.0,0.0,211.0,-0.3,2024-01-15T14:45:00,2024-01-15T19:45:00,1705347900.0,1.1,16.0,236.0,8.1,4.0,Broken clouds,c03d,803.0,4951257.0,Somerville,US,42.3876,-71.0995,MA,994971-99999,America/New_York
2024-01-15 15:00:00,60.0,45.35565114832905,270.0,59.99999999999999,-4.4,224.2,49.0,-13.3,65.0,576.0,13.4,190.0,d,0.0,1019.0,2.1,36.0,1021.0,0.0,175.0,-0.1,2024-01-15T15:00:00,2024-01-15T20:00:00,1705348800.0,0.9,16.0,236.0,8.0,4.0,Broken clouds,c03d,803.0,4951257.0,Somerville,US,42.3876,-71.0995,MA,994971-99999,America/New_York
2024-01-15 15:15:00,53.51662961229336,45.94937192965293,269.99999914622634,53.516629612293364,-4.3,227.0,57.0,-13.4,57.0,507.0,11.2,155.0,d,0.0,1019.0,2.1,36.0,1021.0,0.0,134.0,-0.1,2024-01-15T15:15:00,2024-01-15T20:15:00,1705349700.0,0.8,16.0,236.0,8.7,3.8,Broken clouds,c03d,803.0,4951257.0,Somerville,US,42.3876,-71.0995,MA,994971-99999,America/New_York
2024-01-15 15:30:00,35.514450086104695,55.1313914854162,269.9999987925817,35.5144500861047,-4.2,229.8,65.0,-13.1,50.0,437.0,9.1,120.0,d,0.0,1019.0,2.1,37.0,1021.0,0.0,95.0,-0.1,2024-01-15T15:30:00,2024-01-15T20:30:00,1705350600.0,0.7,16.0,236.0,6.8,3.6,Broken clouds,c03d,803.0,4951257.0,Somerville,US,42.3876,-71.0995,MA,994971-99999,America/New_York
2024-01-15 15:45:00,24.510406646383295,63.73243405543989,269.99999914622634,24.5104066463833,-4.0,232.6,73.0,-12.7,43.0,368.0,7.0,86.0,d,0.0,1019.0,2.1,38.0,1021.0,0.0,59.0,-0.2,2024-01-15T15:45:00,2024-01-15T20:45:00,1705351500.0,0.6,16.0,236.0,6.2,3.4,Overcast clouds,c04d,804.0,4951257.0,Somerville,US,42.3876,-71.0995,MA,994971-99999,America/New_York
2024-01-15 16:00:00,15.851824078366022,72.00225278935353,270.0,15.851824078366016,-3.9,235.5,81.0,-12.8,35.0,298.0,4.9,51.0,d,0.0,1019.0,2.1,38.0,1021.0,0.0,64.0,-0.2,2024-01-15T16:00:00,2024-01-15T21:00:00,1705352400.0,0.6,16.0,236.0,5.6,3.2,Overcast clouds,c04d,804.0,4951257.0,Somerville,US,42.3876,-71.0995,MA,994971-99999,America/New_York
2024-01-15 16:15:00,8.418473303718926,80.038851802932,270.0,8.418473303718924,-3.6,238.0,81.0,-12.7,26.0,224.0,2.5,38.0,d,0.0,1019.0,2.1,38.0,1021.0,0.0,47.0,-0.1,2024-01-15T16:15:00,2024-01-15T21:15:00,1705353300.0,0.6,16.0,238.0,5.4,3.0,Overcast clouds,c04n,804.0,4951257.0,Somerville,US,42.3876,-71.0995,MA,994971-99999,America/New_York
2024-01-15 16:30:00,1.8798788787814544,87.70695066047777,269.9999858160469,1.8798788787815122,-3.4,240.5,80.0,-12.6,18.0,149.0,0.1,26.0,d,0.0,1019.0,2.1,38.0,1021.0,0.0,33.0,0.0,2024-01-15T16:30:00,2024-01-15T21:30:00,1705354200.0,0.6,16.0,240.0,5.2,2.8,Overcast clouds,c04n,804.0,4951257.0,Somerville,US,42.3876,-71.0995,MA,994971-99999,America/New_York
2024-01-15 16:45:00,,,,,-3.1,243.1,80.0,-12.3,9.0,75.0,-2.3,13.0,d,0.0,1019.0,2.1,39.0,1021.0,0.0,17.0,0.0,2024-01-15T16:45:00,2024-01-15T21:45:00,1705355100.0,0.0,16.0,242.0,5.0,2.6,Overcast clouds,c04n,804.0,4951257.0,Somerville,US,42.3876,-71.0995,MA,994971-99999,America/New_York
2024-01-15 17:00:00,,,,,-2.8,245.6,80.0,-12.2,0.0,0.0,-4.8,0.0,n,0.0,1019.0,2.1,39.0,1021.0,0.0,0.0,0.1,2024-01-15T17:00:00,2024-01-15T22:00:00,1705356000.0,0.0,16.0,244.0,8.7,2.4,Overcast clouds,c04n,804.0,4951257.0,Somerville,US,42.3876,-71.0995,MA,994971-99999,America/New_York
2024-01-15 17:15:00,,,,,-2.9,248.0,85.0,-12.2,0.0,0.0,-7.4,0.0,n,0.0,1019.0,2.1,39.0,1021.0,0.0,0.0,0.1,2024-01-15T17:15:00,2024-01-15T22:15:00,1705356900.0,0.0,16.0,241.0,4.9,2.4,Overcast clouds,c04n,804.0,4951257.0,Somerville,US,42.3876,-71.0995,MA,994971-99999,America/New_York
2024-01-15 17:30:00,,,,,-2.9,250.4,90.0,-12.0,0.0,0.0,-10.0,0.0,n,0.0,1019.0,2.1,40.0,1021.0,0.0,0.0,0.0,2024-01-15T17:30:00,2024-01-15T22:30:00,1705357800.0,0.0,16.0,238.0,5.0,2.4,Overcast clouds,c04n,804.0,4951257.0,Somerville,US,42.3876,-71.0995,MA,994971-99999,America/New_York
2024-01-15 17:45:00,,,,,-3.0,252.7,94.0,-12.0,0.0,0.0,-12.6,0.0,n,0.0,1019.0,2.1,40.0,1021.0,0.0,0.0,-0.1,2024-01-15T17:45:00,2024-01-15T22:45:00,1705358700.0,0.0,16.0,235.0,5.1,2.4,Overcast clouds,c04n,804.0,4951257.0,Somerville,US,42.3876,-71.0995,MA,994971-99999,America/New_York
2024-01-15 18:00:00,,,,,-3.0,255.1,99.0,-12.0,0.0,0.0,-15.2,0.0,n,0.0,1020.0,2.1,40.0,1022.0,0.0,0.0,-0.1,2024-01-15T18:00:00,2024-01-15T23:00:00,1705359600.0,0.0,16.0,232.0,5.2,2.4,Overcast clouds,c04n,804.0,4951257.0,Somerville,US,42.3876,-71.0995,MA,994971-99999,America/New_York
2024-01-15 18:15:00,,,,,-3.1,257.4,93.0,-12.1,0.0,0.0,-17.9,0.0,n,0.0,1020.0,2.1,40.0,1022.0,0.0,0.0,-0.1,2024-01-15T18:15:00,2024-01-15T23:15:00,1705360500.0,0.0,16.0,234.0,5.2,2.4,Overcast clouds,c04n,804.0,4951257.0,Somerville,US,42.3876,-71.0995,MA,994971-99999,America/New_York
2024-01-15 18:30:00,,,,,-3.1,259.8,86.0,-12.1,0.0,0.0,-20.6,0.0,n,0.0,1020.0,2.1,40.0,1022.0,0.0,0.0,-0.1,2024-01-15T18:30:00,2024-01-15T23:30:00,1705361400.0,0.0,16.0,235.0,5.2,2.4,Overcast clouds,c04n,804.0,4951257.0,Somerville,US,42.3876,-71.0995,MA,994971-99999,America/New_York
2024-01-15 18:45:00,,,,,-3.1,262.1,80.0,-12.1,0.0,0.0,-23.3,0.0,n,0.0,1020.0,2.1,40.0,1022.0,0.0,0.0,-0.2,2024-01-15T18:45:00,2024-01-15T23:45:00,1705362300.0,0.0,16.0,236.0,5.2,2.4,Overcast clouds,c04n,804.0,4951257.0,Somerville,US,42.3876,-71.0995,MA,994971-99999,America/New_York
2024-01-15 19:00:00,,,,,-3.2,264.5,74.0,-12.1,0.0,0.0,-26.1,0.0,n,0.0,1020.0,2.1,40.0,1022.0,0.0,0.0,-0.2,2024-01-15T19:00:00,2024-01-16T00:00:00,1705363200.0,0.0,16.0,238.0,5.2,2.4,Overcast clouds,c04n,804.0,4951257.0,Somerville,US,42.3876,-71.0995,MA,994971-99999,America/New_York
2024-01-15 19:15:00,,,,,-3.2,267.0,74.0,-12.2,0.0,0.0,-28.8,0.0,n,0.0,1019.0,2.1,40.0,1021.0,0.0,0.0,-0.2,2024-01-15T19:15:00,2024-01-16T00:15:00,1705364100.0,0.0,16.0,238.0,8.7,2.4,Overcast clouds,c04n,804.0,4951257.0,Somerville,US,42.3876,-71.0995,MA,994971-99999,America/New_York
2024-01-15 19:30:00,,,,,-3.2,269.5,74.0,-11.9,0.0,0.0,-31.6,0.0,n,0.0,1019.0,2.1,41.0,1021.0,0.0,0.0,-0.3,2024-01-15T19:30:00,2024-01-16T00:30:00,1705365000.0,0.0,16.0,238.0,5.4,2.4,Overcast clouds,c04n,804.0,4951257.0,Somerville,US,42.3876,-71.0995,MA,994971-99999,America/New_York
2024-01-15 19:45:00,,,,,-3.3,272.1,74.0,-11.6,0.0,0.0,-34.4,0.0,n,0.0,1019.0,2.1,42.0,1021.0,0.0,0.0,-0.3,2024-01-15T19:45:00,2024-01-16T00:45:00,1705365900.0,0.0,16.0,238.0,5.5,2.4,Overcast clouds,c04n,804.0,4951257.0,Somerville,US,42.3876,-71.0995,MA,994971-99999,America/New_York
2024-01-15 20:00:00,,,,,-3.3,274.6,74.0,-11.7,0.0,0.0,-37.1,0.0,n,0.0,1019.0,2.1,42.0,1021.0,0.0,0.0,-0.4,2024-01-15T20:00:00,2024-01-16T01:00:00,1705366800.0,0.0,16.0,238.0,5.6,2.4,Overcast clouds,c04n,804.0,4951257.0,Somerville,US,42.3876,-71.0995,MA,994971-99999,America/New_York
2024-01-15 20:15:00,,,,,-3.3,277.6,66.0,-11.4,0.0,0.0,-39.8,0.0,n,0.0,1019.0,2.1,43.0,1021.0,0.0,0.0,-0.4,2024-01-15T20:15:00,2024-01-16T01:15:00,1705367700.0,0.0,16.0,239.0,5.5,2.3,Broken clouds,c03n,803.0,4951257.0,Somerville,US,42.3876,-71.0995,MA,994971-99999,America/New_York
2024-01-15 20:30:00,,,,,-3.2,280.6,57.0,-11.2,0.0,0.0,-42.6,0.0,n,0.0,1019.0,2.1,44.0,1021.0,0.0,0.0,-0.5,2024-01-15T20:30:00,2024-01-16T01:30:00,1705368600.0,0.0,16.0,240.0,5.4,2.2,Broken clouds,c03n,803.0,4951257.0,Somerville,US,42.3876,-71.0995,MA,994971-99999,America/New_York
2024-01-15 20:45:00,,,,,-3.2,283.6,48.0,-11.2,0.0,0.0,-45.3,0.0,n,0.0,1019.0,2.1,44.0,1021.0,0.0,0.0,-0.5,2024-01-15T20:45:00,2024-01-16T01:45:00,1705369500.0,0.0,16.0,241.0,5.3,2.1,Broken clouds,c03n,803.0,4951257.0,Somerville,US,42.3876,-71.0995,MA,994971-99999,America/New_York
2024-01-15 21:00:00,,,,,-3.1,286.6,40.0,-11.0,0.0,0.0,-48.0,0.0,n,0.0,1019.0,2.1,45.0,1021.0,0.0,0.0,-0.5,2024-01-15T21:00:00,2024-01-16T02:00:00,1705370400.0,0.0,16.0,242.0,5.2,2.0,Scattered clouds,c02n,802.0,4951257.0,Somerville,US,42.3876,-71.0995,MA,994971-99999,America/New_York
2024-01-15 21:15:00,,,,,-3.2,290.7,55.0,-11.0,0.0,0.0,-50.5,0.0,n,0.0,1019.0,2.1,45.0,1021.0,0.0,0.0,-0.6,2024-01-15T21:15:00,2024-01-16T02:15:00,1705371300.0,0.0,16.0,244.0,5.1,2.1,Broken clouds,c03n,803.0,4951257.0,Somerville,US,42.3876,-71.0995,MA,994971-99999,America/New_York
2024-01-15 21:30:00,,,,,-3.4,294.8,70.0,-10.8,0.0,0.0,-53.0,0.0,n,0.0,1019.0,2.1,46.0,1021.0,0.0,0.0,-0.6,2024-01-15T21:30:00,2024-01-16T02:30:00,1705372200.0,0.0,16.0,247.0,5.0,2.2,Broken clouds,c03n,803.0,4951257.0,Somerville,US,42.3876,-71.0995,MA,994971-99999,America/New_York
2024-01-15 21:45:00,,,,,-3.6,298.8,85.0,-10.8,0.0,0.0,-55.6,0.0,n,0.0,1019.0,2.1,46.0,1021.0,0.0,0.0,-0.7,2024-01-15T21:45:00,2024-01-16T02:45:00,1705373100.0,0.0,16.0,250.0,4.9,2.3,Overcast clouds,c04n,804.0,4951257.0,Somerville,US,42.3876,-71.0995,MA,994971-99999,America/New_York
2024-01-15 22:00:00,,,,,-3.7,302.9,100.0,-10.9,0.0,0.0,-58.1,0.0,n,0.0,1019.0,2.1,46.0,1021.0,0.0,0.0,-0.7,2024-01-15T22:00:00,2024-01-16T03:00:00,1705374000.0,0.0,16.0,252.0,4.8,2.4,Overcast clouds,c04n,804.0,4951257.0,Somerville,US,42.3876,-71.0995,MA,994971-99999,America/New_York
2024-01-15 22:15:00,,,,,-3.6,309.2,100.0,-10.9,0.0,0.0,-60.0,0.0,n,0.0,1019.0,2.1,46.0,1021.0,0.0,0.0,-0.8,2024-01-15T22:15:00,2024-01-16T03:15:00,1705374900.0,0.0,16.0,250.0,4.7,2.2,Overcast clouds,c04n,804.0,4951257.0,Somerville,US,42.3876,-71.0995,MA,994971-99999,America/New_York
2024-01-15 22:30:00,,,,,-3.4,315.4,100.0,-10.7,0.0,0.0,-62.0,0.0,n,0.0,1019.0,2.1,47.0,1021.0,0.0,0.0,-0.8,2024-01-15T22:30:00,2024-01-16T03:30:00,1705375800.0,0.0,16.0,247.0,4.6,2.0,Overcast clouds,c04n,804.0,4951257.0,Somerville,US,42.3876,-71.0995,MA,994971-99999,America/New_York
2024-01-15 22:45:00,,,,,-3.2,321.7,100.0,-10.5,0.0,0.0,-63.9,0.0,n,0.0,1019.0,2.1,48.0,1021.0,0.0,0.0,-0.8,2024-01-15T22:45:00,2024-01-16T03:45:00,1705376700.0,0.0,16.0,244.0,4.5,1.8,Overcast clouds,c04n,804.0,4951257.0,Somerville,US,42.3876,-71.0995,MA,994971-99999,America/New_York
2024-01-15 23:00:00,,,,,-2.9,328.0,100.0,-10.5,0.0,0.0,-65.9,0.0,n,0.0,1020.0,2.1,48.0,1022.0,0.0,0.0,-0.9,2024-01-15T23:00:00,2024-01-16T04:00:00,1705377600.0,0.0,16.0,242.0,4.4,1.6,Overcast clouds,c04n,804.0,4951257.0,Somerville,US,42.3876,-71.0995,MA,994971-99999,America/New_York
2024-01-15 23:15:00,,,,,-2.9,247.0,100.0,-10.5,0.0,0.0,-66.6,0.0,n,0.0,1019.0,2.1,48.0,1021.0,0.0,0.0,-0.9,2024-01-15T23:15:00,2024-01-16T04:15:00,1705378500.0,0.0,16.0,240.0,4.4,1.6,Overcast clouds,c04n,804.0,4951257.0,Somerville,US,42.3876,-71.0995,MA,994971-99999,America/New_York
2024-01-15 23:30:00,,,,,-2.9,166.0,100.0,-10.5,0.0,0.0,-67.3,0.0,n,0.0,1019.0,2.1,48.0,1021.0,0.0,0.0,-0.9,2024-01-15T23:30:00,2024-01-16T04:30:00,1705379400.0,0.0,16.0,238.0,4.4,1.6,Overcast clouds,c04n,804.0,4951257.0,Somerville,US,42.3876,-71.0995,MA,994971-99999,America/New_York
2024-01-15 23:45:00,,,,,-2.9,85.0,100.0,-10.2,0.0,0.0,-68.0,0.0,n,0.0,1019.0,2.1,49.0,1021.0,0.0,0.0,-0.9,2024-01-15T23:45:00,2024-01-16T04:45:00,1705380300.0,0.0,16.0,236.0,4.4,1.6,Overcast clouds,c04n,804.0,4951257.0,Somerville,US,42.3876,-71.0995,MA,994971-99999,America/New_York
2024-01-16 00:00:00,,,,,-2.9,4.1,100.0,-10.2,0.0,0.0,-68.7,0.0,n,0.0,1019.0,2.1,49.0,1021.0,0.0,0.0,-0.9,2024-01-16T00:00:00,2024-01-16T05:00:00,1705381200.0,0.0,16.0,234.0,4.4,1.6,Overcast clouds,c04n,804.0,4951257.0,Somerville,US,42.3876,-71.0995,MA,994971-99999,America/New_York
2024-01-16 00:15:00,,,,,-3.0,12.6,99.0,-10.2,0.0,0.0,-67.6,0.0,n,0.0,1019.0,2.1,50.0,1021.0,0.0,0.0,-1.1,2024-01-16T00:15:00,2024-01-16T05:15:00,1705382100.0,0.0,16.0,234.0,4.1,1.5,Overcast clouds,c04n,804.0,4951257.0,Somerville,US,42.3876,-71.0995,MA,994971-99999,America/New_York
2024-01-16 00:30:00,,,,,-3.1,21.2,98.0,-9.9,0.0,0.0,-66.6,0.0,n,0.0,1019.0,2.1,52.0,1021.0,0.0,0.0,-1.3,2024-01-16T00:30:00,2024-01-16T05:30:00,1705383000.0,0.0,16.0,233.0,3.8,1.4,Overcast clouds,c04n,804.0,4951257.0,Somerville,US,42.3876,-71.0995,MA,994971-99999,America/New_York
2024-01-16 00:45:00,,,,,-3.1,29.7,96.0,-9.8,0.0,0.0,-65.6,0.0,n,0.0,1019.0,2.1,53.0,1021.0,0.0,0.0,-1.5,2024-01-16T00:45:00,2024-01-16T05:45:00,1705383900.0,0.0,16.0,232.0,3.5,1.3,Overcast clouds,c04n,804.0,4951257.0,Somerville,US,42.3876,-71.0995,MA,994971-99999,America/New_York
2024-01-16 01:00:00,,,,,-3.1,38.3,95.0,-9.8,0.0,0.0,-64.5,0.0,n,0.0,1019.0,2.1,54.0,1021.0,0.0,0.0,-1.7,2024-01-16T01:00:00,2024-01-16T06:00:00,1705384800.0,0.0,16.0,232.0,3.2,1.2,Overcast clouds,c04n,804.0,4951257.0,Somerville,US,42.3876,-71.0995,MA,994971-99999,America/New_York
2024-01-16 01:15:00,,,,,-3.0,44.0,96.0,-9.8,0.0,0.0,-62.4,0.0,n,0.0,1019.0,2.1,55.0,1021.0,0.0,0.0,-2.0,2024-01-16T01:15:00,2024-01-16T06:15:00,1705385700.0,0.0,10.0,230.0,2.9,1.0,Overcast clouds,c04n,804.0,4951257.0,Somerville,US,42.3876,-71.0995,MA,994971-99999,America/New_York
2024-01-16 01:30:00,,,,,-2.8,49.7,96.0,-9.8,0.0,0.0,-60.3,0.0,n,0.0,1019.0,2.1,56.0,1021.0,0.0,0.0,-2.3,2024-01-16T01:30:00,2024-01-16T06:30:00,1705386600.0,0.0,10.0,229.0,2.6,0.8,Overcast clouds,c04n,804.0,4951257.0,Somerville,US,42.3876,-71.0995,MA,994971-99999,America/New_York
2024-01-16 01:45:00,,,,,-2.4,55.3,97.0,-10.1,0.0,0.0,-58.2,0.0,n,0.0,1019.0,2.1,56.0,1021.0,0.0,0.0,-2.5,2024-01-16T01:45:00,2024-01-16T06:45:00,1705387500.0,0.0,10.0,228.0,2.3,0.6,Overcast clouds,c04n,804.0,4951257.0,Somerville,US,42.3876,-71.0995,MA,994971-99999,America/New_York
2024-01-16 02:00:00,,,,,-1.8,61.0,98.0,-10.1,0.0,0.0,-56.0,0.0,n,0.0,1019.0,2.1,57.0,1021.0,0.0,0.0,-2.8,2024-01-16T02:00:00,2024-01-16T07:00:00,1705388400.0,0.0,10.0,226.0,2.0,0.4,Overcast clouds,c04n,804.0,4951257.0,Somerville,US,42.3876,-71.0995,MA,994971-99999,America/New_York
2024-01-16 02:15:00,,,,,-2.0,64.8,98.0,-9.8,0.0,0.0,-53.5,0.0,n,0.0,1019.0,2.1,59.0,1021.0,0.0,0.0,-3.0,2024-01-16T02:15:00,2024-01-16T07:15:00,1705389300.0,0.0,10.0,202.0,2.0,0.4,Overcast clouds,c04n,804.0,4951257.0,Somerville,US,42.3876,-71.0995,MA,994971-99999,America/New_York
2024-01-16 02:30:00,,,,,-2.2,68.6,98.0,-9.8,0.0,0.0,-50.9,0.0,n,1.0,1018.0,2.1,60.0,1020.0,15.0,0.0,-3.1,2024-01-16T02:30:00,2024-01-16T07:30:00,1705390200.0,0.0,10.0,178.0,2.0,0.4,Light snow,s01n,600.0,4951257.0,Somerville,US,42.3876,-71.0995,MA,994971-99999,America/New_York
2024-01-16 02:45:00,,,,,-2.4,72.4,97.0,-9.5,0.0,0.0,-48.3,0.0,n,0.0,1018.0,2.1,62.0,1020.0,0.0,0.0,-3.3,2024-01-16T02:45:00,2024-01-16T07:45:00,1705391100.0,0.0,10.0,154.0,2.0,0.4,Overcast clouds,c04n,804.0,4951257.0,Somerville,US,42.3876,-71.0995,MA,994971-99999,America/New_York
2024-01-16 03:00:00,,,,,-2.6,76.1,97.0,-9.3,0.0,0.0,-45.7,0.0,n,1.0,1018.0,2.1,64.0,1020.0,15.0,0.0,-3.5,2024-01-16T03:00:00,2024-01-16T08:00:00,1705392000.0,0.0,10.0,130.0,2.0,0.4,Light snow,s01n,600.0,4951257.0,Somerville,US,42.3876,-71.0995,MA,994971-99999,America/New_York
2024-01-16 03:15:00,,,,,-3.1,79.0,98.0,-9.2,0.0,0.0,-43.0,0.0,n,1.0,1018.0,2.1,65.0,1020.0,15.0,0.0,-3.5,2024-01-16T03:15:00,2024-01-16T08:15:00,1705392900.0,0.0,10.0,119.0,2.1,0.5,Light snow,s01n,600.0,4951257.0,Somerville,US,42.3876,-71.0995,MA,994971-99999,America/New_York
2024-01-16 03:30:00,,,,,-3.6,81.9,98.0,-9.0,0.0,0.0,-40.2,0.0,n,1.0,1018.0,2.1,66.0,1020.0,15.0,0.0,-3.6,2024-01-16T03:30:00,2024-01-16T08:30:00,1705393800.0,0.0,10.0,108.0,2.2,0.6,Light snow,s01n,600.0,4951257.0,Somerville,US,42.3876,-71.0995,MA,994971-99999,America/New_York
2024-01-16 03:45:00,,,,,-4.0,84.7,100.0,-9.1,0.0,0.0,-37.5,0.0,n,2.0,1018.0,2.1,66.0,1020.0,30.0,0.0,-3.6,2024-01-16T03:45:00,2024-01-16T08:45:00,1705394700.0,0.0,10.0,97.0,2.3,0.7,Snow,s02n,601.0,4951257.0,Somerville,US,42.3876,-71.0995,MA,994971-99999,America/New_York
2024-01-16 04:00:00,,,,,-4.4,87.6,100.0,-8.9,0.0,0.0,-34.8,0.0,n,1.0,1018.0,2.1,67.0,1020.0,15.0,0.0,-3.7,2024-01-16T04:00:00,2024-01-16T09:00:00,1705395600.0,0.0,10.0,86.0,2.4,0.8,Light snow,s01n,600.0,4951257.0,Somerville,US,42.3876,-71.0995,MA,994971-99999,America/New_York
2024-01-16 04:15:00,,,,,-5.1,90.1,100.0,-8.3,0.0,0.0,-32.0,0.0,n,2.0,1017.0,2.1,70.0,1019.0,30.0,0.0,-3.6,2024-01-16T04:15:00,2024-01-16T09:15:00,1705396500.0,0.0,10.0,85.0,2.6,1.1,Snow,s02n,601.0,4951257.0,Somerville,US,42.3876,-71.0995,MA,994971-99999,America/New_York
2024-01-16 04:30:00,,,,,-5.7,92.5,100.0,-7.5,0.0,0.0,-29.2,0.0,n,1.0,1017.0,2.1,74.0,1019.0,15.0,0.0,-3.6,2024-01-16T04:30:00,2024-01-16T09:30:00,1705397400.0,0.0,10.0,84.0,2.8,1.4,Light snow,s01n,600.0,4951257.0,Somerville,US,42.3876,-71.0995,MA,994971-99999,America/New_York
2024-01-16 04:45:00,,,,,-6.1,95.0,100.0,-7.0,0.0,0.0,-26.5,0.0,n,2.0,1017.0,2.1,77.0,1019.0,30.0,0.0,-3.5,2024-01-16T04:45:00,2024-01-16T09:45:00,1705398300.0,0.0,10.0,83.0,3.0,1.7,Snow,s02n,601.0,4951257.0,Somerville,US,42.3876,-71.0995,MA,994971-99999,America/New_York
2024-01-16 05:00:00,,,,,-6.5,97.5,99.0,-6.4,0.0,0.0,-23.7,0.0,n,1.0,1017.0,2.1,80.0,1019.0,15.0,0.0,-3.5,2024-01-16T05:00:00,2024-01-16T10:00:00,1705399200.0,0.0,10.0,82.0,3.2,2.0,Light snow,s01n,600.0,4951257.0,Somerville,US,42.3876,-71.0995,MA,994971-99999,America/New_York
2024-01-16 05:15:00,,,,,-6.7,99.8,99.0,-6.5,0.0,0.0,-21.0,0.0,n,1.0,1017.0,2.1,80.0,1019.0,15.0,0.0,-3.5,2024-01-16T05:15:00,2024-01-16T10:15:00,1705400100.0,0.0,10.0,84.0,3.5,2.1,Light snow,s01n,600.0,4951257.0,Somerville,US,42.3876,-71.0995,MA,994971-99999,America/New_York
2024-01-16 05:30:00,,,,,-6.9,102.1,100.0,-6.3,0.0,0.0,-18.3,0.0,n,0.0,1017.0,2.1,81.0,1019.0,0.0,0.0,-3.5,2024-01-16T05:30:00,2024-01-16T10:30:00,1705401000.0,0.0,10.0,86.0,3.8,2.2,Overcast clouds,c04n,804.0,4951257.0,Somerville,US,42.3876,-71.0995,MA,994971-99999,America/New_York
2024-01-16 05:45:00,,,,,-7.0,104.5,100.0,-6.2,0.0,0.0,-15.6,0.0,n,1.0,1017.0,2.1,82.0,1019.0,15.0,0.0,-3.6,2024-01-16T05:45:00,2024-01-16T10:45:00,1705401900.0,0.0,10.0,88.0,4.1,2.3,Light snow,s01n,600.0,4951257.0,Somerville,US,42.3876,-71.0995,MA,994971-99999,America/New_York
2024-01-16 06:00:00,,,,,-7.2,106.8,100.0,-6.2,0.0,0.0,-12.9,0.0,n,1.0,1016.0,2.1,82.0,1018.0,15.0,0.0,-3.6,2024-01-16T06:00:00,2024-01-16T11:00:00,1705402800.0,0.0,10.0,90.0,4.4,2.4,Light snow,s01n,600.0,4951257.0,Somerville,US,42.3876,-71.0995,MA,994971-99999,America/New_York
2024-01-16 06:15:00,,,,,-7.2,109.2,100.0,-6.0,0.0,0.0,-10.3,0.0,n,1.0,1016.0,2.1,83.0,1018.0,15.0,0.0,-3.5,2024-01-16T06:15:00,2024-01-16T11:15:00,1705403700.0,0.0,10.0,91.0,4.5,2.5,Light snow,s01n,600.0,4951257.0,Somerville,US,42.3876,-71.0995,MA,994971-99999,America/New_York
2024-01-16 06:30:00,,,,,-7.2,111.6,100.0,-5.8,0.0,0.0,-7.7,0.0,n,1.0,1016.0,2.1,84.0,1018.0,15.0,0.0,-3.5,2024-01-16T06:30:00,2024-01-16T11:30:00,1705404600.0,0.0,10.0,92.0,4.6,2.6,Light snow,s01n,600.0,4951257.0,Somerville,US,42.3876,-71.0995,MA,994971-99999,America/New_York
2024-01-16 06:45:00,,,,,-7.2,114.0,100.0,-5.7,0.0,0.0,-5.1,0.0,n,1.0,1016.0,2.1,84.0,1018.0,15.0,0.0,-3.4,2024-01-16T06:45:00,2024-01-16T11:45:00,1705405500.0,0.0,10.0,93.0,4.7,2.7,Light snow,s01n,600.0,4951257.0,Somerville,US,42.3876,-71.0995,MA,994971-99999,America/New_York
2024-01-16 07:00:00,,,,,-7.3,116.4,100.0,-5.5,0.0,0.0,-2.6,0.0,n,0.0,1015.0,2.1,85.0,1017.0,0.0,0.0,-3.3,2024-01-16T07:00:00,2024-01-16T12:00:00,1705406400.0,0.0,10.0,94.0,4.8,2.8,Overcast clouds,c04n,804.0,4951257.0,Somerville,US,42.3876,-71.0995,MA,994971-99999,America/New_York
2024-01-16 07:15:00,-1.0168131573735906,88.7531322355886,90.00003230831095,1.0168131573737522,-7.1,119.0,100.0,-5.2,11.0,96.0,-0.2,20.0,d,0.0,1015.0,2.1,86.0,1017.0,0.0,13.0,-3.2,2024-01-16T07:15:00,2024-01-16T12:15:00,1705407300.0,0.0,10.0,92.0,4.8,2.8,Overcast clouds,c04n,804.0,4951257.0,Somerville,US,42.3876,-71.0995,MA,994971-99999,America/New_York
2024-01-16 07:30:00,-7.428241783824689,81.15087094261156,90.0,7.4282417838246655,-7.0,121.6,100.0,-5.1,22.0,193.0,2.2,40.0,d,1.0,1015.0,2.1,86.0,1017.0,15.0,26.0,-3.0,2024-01-16T07:30:00,2024-01-16T12:30:00,1705408200.0,0.4,10.0,90.0,4.8,2.8,Light snow,s01n,600.0,4951257.0,Somerville,US,42.3876,-71.0995,MA,994971-99999,America/New_York
2024-01-16 07:45:00,-14.734267484871324,73.12278545610047,90.0000020913098,14.734267484871333,-6.8,124.1,100.0,-4.9,33.0,289.0,4.5,60.0,d,1.0,1014.0,2.1,86.0,1016.0,14.0,39.0,-2.9,2024-01-16T07:45:00,2024-01-16T12:45:00,1705409100.0,0.4,10.0,88.0,4.8,2.8,Light snow,s01d,600.0,4951257.0,Somerville,US,42.3876,-71.0995,MA,994971-99999,America/New_York
2024-01-16 08:00:00,-23.182012301794785,64.85620683815996,90.0,23.182012301794785,-6.7,126.7,100.0,-4.7,44.0,386.0,6.9,81.0,d,1.0,1014.0,2.1,87.0,1016.0,14.0,52.0,-2.8,2024-01-16T08:00:00,2024-01-16T13:00:00,1705410000.0,0.4,10.0,86.0,4.8,2.8,Light snow,s01d,600.0,4951257.0,Somerville,US,42.3876,-71.0995,MA,994971-99999,America/New_York
2024-01-16 08:15:00,-33.73367989078317,56.27279735590505,90.0,33.733679890783165,-6.4,129.6,100.0,-4.4,50.0,442.0,8.9,116.0,d,1.0,1014.0,2.1,88.0,1016.0,14.0,62.0,-2.7,2024-01-16T08:15:00,2024-01-16T13:15:00,1705410900.0,0.4,10.0,84.0,8.7,2.7,Light snow,s01d,600.0,4951257.0,Somerville,US,42.3876,-71.0995,MA,994971-99999,America/New_York
2024-01-16 08:30:00,-49.926296175244715,47.1406907820614,90.00000085377364,49.92629617524472,-6.2,132.5,100.0,-4.3,56.0,499.0,11.0,150.0,d,1.0,1014.0,2.1,88.0,1016.0,14.0,71.0,-2.6,2024-01-16T08:30:00,2024-01-16T13:30:00,1705411800.0,0.4,10.0,82.0,5.0,2.6,Light snow,s01d,600.0,4951257.0,Somerville,US,42.3876,-71.0995,MA,994971-99999,America/New_York
2024-01-16 08:45:00,-60.0,44.948574360182526,90.0,59.99999999999999,-6.0,135.4,100.0,-4.1,63.0,555.0,13.0,185.0,d,1.0,1013.0,2.1,89.0,1015.0,14.0,82.0,-2.5,2024-01-16T08:45:00,2024-01-16T13:45:00,1705412700.0,0.4,10.0,80.0,5.1,2.5,Light snow,s01d,600.0,4951257.0,Somerville,US,42.3876,-71.0995,MA,994971-99999,America/New_York
2024-01-16 09:00:00,-60.0,46.639843771374125,90.0,59.99999999999999,-5.8,138.3,100.0,-3.8,69.0,612.0,15.1,220.0,d,1.0,1013.0,2.1,90.0,1015.0,14.0,91.0,-2.4,2024-01-16T09:00:00,2024-01-16T14:00:00,1705413600.0,0.5,10.0,78.0,5.2,2.4,Light snow,s01d,600.0,4951257.0,Somerville,US,42.3876,-71.0995,MA,994971-99999,America/New_York
2024-01-16 09:15:00,-60.0,48.54828427274215,90.0,59.99999999999999,-5.7,141.6,100.0,-3.7,72.0,638.0,16.7,250.0,d,1.0,1013.0,2.1,90.0,1015.0,14.0,97.0,-2.3,2024-01-16T09:15:00,2024-01-16T14:15:00,1705414500.0,0.5,10.0,78.0,8.7,2.5,Light snow,s01d,600.0,4951257.0,Somerville,US,42.3876,-71.0995,MA,994971-99999,America/New_York
2024-01-16 09:30:00,-59.91984937971411,50.64964939612371,90.0,59.91984937971411,-5.6,144.9,100.0,-3.4,76.0,664.0,18.3,279.0,d,1.0,1013.0,2.1,91.0,1015.0,14.0,104.0,-2.1,2024-01-16T09:30:00,2024-01-16T14:30:00,1705415400.0,0.5,10.0,78.0,5.4,2.6,Light snow,s01d,600.0,4951257.0,Somerville,US,42.3876,-71.0995,MA,994971-99999,America/New_York
2024-01-16 09:45:00,-55.44308865050622,52.78383048321237,90.0,55.44308865050622,-5.5,148.2,100.0,-3.1,79.0,689.0,19.9,308.0,d,2.0,1013.0,2.1,92.0,1015.0,28.0,94.0,-1.9,2024-01-16T09:45:00,2024-01-16T14:45:00,1705416300.0,0.5,10.0,78.0,5.5,2.7,Snow,s02d,601.0,4951257.0,Somerville,US,42.3876,-71.0995,MA,994971-99999,America/New_York
2024-01-16 10:00:00,-50.60078120763476,54.80128636341335,90.0,50.60078120763476,-5.5,151.4,100.0,-2.9,83.0,715.0,21.5,338.0,d,2.0,1012.0,2.1,92.0,1014.0,28.0,100.0,-1.8,2024-01-16T10:00:00,2024-01-16T15:00:00,1705417200.0,0.6,10.0,78.0,5.6,2.8,Snow,s02d,601.0,4951257.0,Somerville,US,42.3876,-71.0995,MA,994971-99999,America/New_York
2024-01-16 10:15:00,-45.35041018680196,56.67730342425045,90.0,45.35041018680196,-5.5,155.1,100.0,-2.8,85.0,727.0,22.5,356.0,d,3.0,1012.0,2.1,92.0,1014.0,42.0,95.0,-1.7,2024-01-16T10:15:00,2024-01-16T15:15:00,1705418100.0,0.6,10.0,78.0,5.7,3.0,Snow,s02d,601.0,4951257.0,Somerville,US,42.3876,-71.0995,MA,994971-99999,America/New_York
2024-01-16 10:30:00,-39.655256901695424,58.38350917282763,90.0,39.65525690169542,-5.5,158.8,100.0,-2.7,87.0,739.0,23.5,375.0,d,3.0,1011.0,2.1,92.0,1013.0,42.0,98.0,-1.6,2024-01-16T10:30:00,2024-01-16T15:30:00,1705419000.0,0.6,10.0,77.0,5.8,3.2,Snow,s02d,601.0,4951257.0,Somerville,US,42.3876,-71.0995,MA,994971-99999,America/New_York
2024-01-16 10:45:00,-33.49167435930324,59.88819164933872,90.0,33.49167435930324,-5.6,162.4,100.0,-2.5,88.0,752.0,24.5,393.0,d,3.0,1010.0,2.1,92.0,1012.0,36.0,101.0,-1.4,2024-01-16T10:45:00,2024-01-16T15:45:00,1705419900.0,0.7,10.0,76.0,5.9,3.4,Snow,s02d,601.0,4951257.0,Somerville,US,42.3876,-71.0995,MA,994971-99999,America/New_York
2024-01-16 11:00:00,-26.85863993475899,61.15735072765128,90.0,26.85863993475899,-5.6,166.1,100.0,-2.4,90.0,764.0,25.5,412.0,d,2.0,1010.0,2.1,92.0,1012.0,24.0,113.0,-1.3,2024-01-16T11:00:00,2024-01-16T16:00:00,1705420800.0,0.7,10.0,76.0,6.0,3.6,Snow,s02d,601.0,4951257.0,Somerville,US,42.3876,-71.0995,MA,994971-99999,America/New_York
2024-01-16 11:15:00,-19.788220733655624,62.15674335318808,90.00000147877934,19.788220733655635,-5.3,170.0,100.0,-2.0,91.0,767.0,25.8,418.0,d,2.0,1009.0,2.1,93.0,1011.0,24.0,115.0,-1.1,2024-01-16T11:15:00,2024-01-16T16:15:00,1705421700.0,0.7,10.0,74.0,6.1,3.6,Snow,s02d,601.0,4951257.0,Somerville,US,42.3876,-71.0995,MA,994971-99999,America/New_York
2024-01-16 11:30:00,-12.353807229842158,62.85500246542782,90.00000283164684,12.353807229842172,-5.0,173.8,100.0,-1.6,91.0,770.0,26.1,423.0,d,3.0,1008.0,2.1,94.0,1010.0,36.0,106.0,-0.8,2024-01-16T11:30:00,2024-01-16T16:30:00,1705422600.0,0.7,10.0,72.0,6.2,3.6,Snow,s02d,601.0,4951257.0,Somerville,US,42.3876,-71.0995,MA,994971-99999,America/New_York
2024-01-16 11:45:00,-4.671611421633215,63.227487935838866,90.0000020913098,4.6716114216332185,-4.7,177.7,100.0,-1.4,92.0,773.0,26.4,429.0,d,2.0,1007.0,2.1,94.0,1009.0,24.0,117.0,-0.6,2024-01-16T11:45:00,2024-01-16T16:45:00,1705423500.0,0.7,10.0,70.0,6.3,3.6,Snow,s02d,601.0,4951257.0,Somerville,US,42.3876,-71.0995,MA,994971-99999,America/New_York
2024-01-16 12:00:00,3.108328289789535,63.26001378301903,269.9999916347608,3.1083282897895677,-4.4,181.6,100.0,-1.0,92.0,776.0,26.7,434.0,d,3.0,1006.0,2.1,95.0,1008.0,30.0,108.0,-0.3,2024-01-16T12:00:00,2024-01-16T17:00:00,1705424400.0,0.7,10.0,68.0,6.4,3.6,Snow,s02d,601.0,4951257.0,Somerville,US,42.3876,-71.0995,MA,994971-99999,America/New_York
2024-01-16 12:15:00,10.82154235095959,62.95128646885104,270.0,10.82154235095959,-4.5,185.5,100.0,-1.0,91.0,772.0,26.2,426.0,d,2.0,1006.0,2.1,95.0,1008.0,20.0,115.0,-0.3,2024-01-16T12:15:00,2024-01-16T17:15:00,1705425300.0,0.7,10.0,67.0,6.6,3.8,Snow,s02d,601.0,4951257.0,Somerville,US,42.3876,-71.0995,MA,994971-99999,America/New_York
2024-01-16 12:30:00,18.313473020046953,62.313131161359784,270.0,18.31347302004695,-4.6,189.3,100.0,-1.0,91.0,767.0,25.8,418.0,d,2.0,1005.0,2.1,95.0,1007.0,20.0,115.0,-0.3,2024-01-16T12:30:00,2024-01-16T17:30:00,1705426200.0,0.7,10.0,66.0,6.8,4.0,Snow,s02d,601.0,4951257.0,Somerville,US,42.3876,-71.0995,MA,994971-99999,America/New_York
2024-01-16 12:45:00,25.460386852441644,61.368433317195866,270.0,25.46038685244164,-4.7,193.2,100.0,-0.9,90.0,762.0,25.3,409.0,d,5.0,1005.0,2.1,95.0,1007.0,50.0,86.0,-0.2,2024-01-16T12:45:00,2024-01-16T17:45:00,1705427100.0,0.7,10.0,65.0,7.0,4.2,Heavy snow,s03d,602.0,4951257.0,Somerville,US,42.3876,-71.0995,MA,994971-99999,America/New_York
2024-01-16 13:00:00,32.180531619945,60.14756519591905,270.0,32.180531619945,-4.8,197.0,100.0,-0.9,89.0,757.0,24.9,401.0,d,4.0,1004.0,2.1,95.0,1006.0,40.0,94.0,-0.2,2024-01-16T13:00:00,2024-01-16T18:00:00,1705428000.0,0.7,10.0,64.0,7.2,4.4,Heavy snow,s03d,602.0,4951257.0,Somerville,US,42.3876,-71.0995,MA,994971-99999,America/New_York
2024-01-16 13:15:00,38.434430789928655,58.684475752085625,270.0,38.43443078992865,-4.6,200.6,100.0,-0.9,87.0,743.0,23.8,380.0,d,4.0,1004.0,2.1,94.0,1006.0,40.0,90.0,0.0,2024-01-16T13:15:00,2024-01-16T18:15:00,1705428900.0,0.6,10.0,63.0,7.4,4.4,Heavy snow,s03d,602.0,4951257.0,Somerville,US,42.3876,-71.0995,MA,994971-99999,America/New_York
2024-01-16 13:30:00,44.21757249858566,57.01339078645268,270.0,44.21757249858565,-4.4,204.2,100.0,-0.7,85.0,729.0,22.6,359.0,d,1.0,1003.0,2.1,94.0,1005.0,8.0,121.0,0.1,2024-01-16T13:30:00,2024-01-16T18:30:00,1705429800.0,0.6,10.0,62.0,7.6,4.4,Light snow,s01d,600.0,4951257.0,Somerville,US,42.3876,-71.0995,MA,994971-99999,America/New_York
2024-01-16 13:45:00,49.55007183625962,55.166558221867,270.0,49.55007183625962,-4.2,207.8,100.0,-0.7,83.0,714.0,21.5,338.0,d,1.0,1002.0,2.1,93.0,1004.0,2.5,117.0,0.3,2024-01-16T13:45:00,2024-01-16T18:45:00,1705430700.0,0.6,10.0,61.0,7.8,4.4,Mix snow/rain,s04d,610.0,4951257.0,Somerville,US,42.3876,-71.0995,MA,994971-99999,America/New_York
2024-01-16 14:00:00,54.46678810306852,53.173023541021436,270.0,54.46678810306852,-3.9,211.4,100.0,-0.6,81.0,700.0,20.4,317.0,d,2.0,1002.0,2.1,92.0,1004.0,5.0,97.0,0.5,2024-01-16T14:00:00,2024-01-16T19:00:00,1705431600.0,0.6,10.0,60.0,8.0,4.4,Mix snow/rain,s04d,610.0,4951257.0,Somerville,US,42.3876,-71.0995,MA,994971-99999,America/New_York
2024-01-16 14:15:00,59.009577062566294,51.058192869567144,270.0,59.009577062566294,-3.6,214.6,100.0,-0.4,77.0,670.0,18.7,286.0,d,1.0,1001.0,2.1,92.0,1003.0,2.5,106.0,0.7,2024-01-16T14:15:00,2024-01-16T19:15:00,1705432500.0,0.5,10.0,58.0,7.9,4.3,Mix snow/rain,s04d,610.0,4951257.0,Somerville,US,42.3876,-71.0995,MA,994971-99999,America/New_York
2024-01-16 14:30:00,60.0,48.92301372816621,270.0,59.99999999999999,-3.3,217.8,100.0,-0.2,73.0,640.0,17.0,255.0,d,1.0,1001.0,2.1,92.0,1003.0,1.0,99.0,0.9,2024-01-16T14:30:00,2024-01-16T19:30:00,1705433400.0,0.5,10.0,55.0,7.8,4.2,Mix snow/rain,s04d,610.0,4951257.0,Somerville,US,42.3876,-71.0995,MA,994971-99999,America/New_York
2024-01-16 14:45:00,60.0,46.96888519249222,270.0,59.99999999999999,-3.0,221.0,100.0,-0.1,69.0,611.0,15.3,224.0,d,3.0,1001.0,2.1,92.0,1003.0,6.0,71.0,1.1,2024-01-16T14:45:00,2024-01-16T19:45:00,1705434300.0,0.5,10.0,52.0,7.7,4.1,Mix snow/rain,s04d,610.0,4951257.0,Somerville,US,42.3876,-71.0995,MA,994971-99999,America/New_York
2024-01-16 15:00:00,60.0,45.226772082122416,270.0,59.99999999999999,-2.7,224.2,100.0,0.1,65.0,581.0,13.6,193.0,d,1.0,1000.0,2.1,92.0,1002.0,2.0,84.0,1.3,2024-01-16T15:00:00,2024-01-16T20:00:00,1705435200.0,0.4,10.0,50.0,8.7,4.0,Mix snow/rain,s04d,610.0,4951257.0,Somerville,US,42.3876,-71.0995,MA,994971-99999,America/New_York
2024-01-16 15:15:00,55.77638305186668,44.99249645192828,270.0,55.77638305186668,-3.1,227.0,100.0,0.0,58.0,513.0,11.4,158.0,d,1.0,1000.0,2.1,93.0,1002.0,2.0,74.0,1.0,2024-01-16T15:15:00,2024-01-16T20:15:00,1705436100.0,0.4,10.0,42.0,8.7,4.0,Mix snow/rain,s04d,610.0,4951257.0,Somerville,US,42.3876,-71.0995,MA,994971-99999,America/New_York
2024-01-16 15:30:00,36.523774387823835,54.2984822191433,270.0,36.52377438782383,-3.5,229.9,100.0,-0.2,51.0,444.0,9.3,124.0,d,0.0,1000.0,2.1,94.0,1002.0,0.0,63.0,0.7,2024-01-16T15:30:00,2024-01-16T20:30:00,1705437000.0,0.4,10.0,34.0,7.4,4.0,Overcast clouds,c04d,804.0,4951257.0,Somerville,US,42.3876,-71.0995,MA,994971-99999,America/New_York
2024-01-16 15:45:00,25.256534667025022,62.97724430503283,270.0,25.256534667025015,-3.9,232.7,100.0,-0.5,43.0,376.0,7.2,89.0,d,0.0,999.0,2.1,94.0,1001.0,0.0,52.0,0.3,2024-01-16T15:45:00,2024-01-16T20:45:00,1705437900.0,0.4,10.0,26.0,7.3,4.0,Overcast clouds,c04d,804.0,4951257.0,Somerville,US,42.3876,-71.0995,MA,994971-99999,America/New_York
2024-01-16 16:00:00,16.477035550739686,71.30126332303573,270.0,16.477035550739682,-4.3,235.5,100.0,-0.7,36.0,308.0,5.1,54.0,d,1.0,999.0,2.1,95.0,1001.0,1.0,41.0,0.0,2024-01-16T16:00:00,2024-01-16T21:00:00,1705438800.0,0.4,10.0,18.0,7.2,4.0,Sleet,s05d,611.0,4951257.0,Somerville,US,42.3876,-71.0995,MA,994971-99999,America/New_York
2024-01-16 16:15:00,8.970049744850868,79.38430552772842,269.9999960875176,8.97004974485089,-4.6,238.1,100.0,-0.8,27.0,231.0,2.7,40.0,d,1.0,999.0,2.1,95.0,1001.0,1.0,31.0,-0.1,2024-01-16T16:15:00,2024-01-16T21:15:00,1705439700.0,0.4,10.0,98.0,8.2,4.3,Sleet,s05n,611.0,4951257.0,Somerville,US,42.3876,-71.0995,MA,994971-99999,America/New_York
2024-01-16 16:30:00,2.35997475863671,87.11963783943429,269.9999917665051,2.3599747586367346,-4.9,240.6,100.0,-0.9,18.0,154.0,0.3,27.0,d,1.0,999.0,2.1,95.0,1001.0,0.0,21.0,-0.2,2024-01-16T16:30:00,2024-01-16T21:30:00,1705440600.0,0.4,10.0,178.0,9.2,4.6,Freezing rain,f01n,511.0,4951257.0,Somerville,US,42.3876,-71.0995,MA,994971-99999,America/New_York
2024-01-16 16:45:00,,,,,-5.2,243.1,100.0,-1.0,9.0,77.0,-2.1,13.0,d,3.0,999.0,2.1,95.0,1001.0,0.0,8.0,-0.3,2024-01-16T16:45:00,2024-01-16T21:45:00,1705441500.0,0.0,10.0,258.0,10.2,4.9,Freezing rain,f01n,511.0,4951257.0,Somerville,US,42.3876,-71.0995,MA,994971-99999,America/New_York
2024-01-16 17:00:00,,,,,-5.5,245.7,100.0,-1.1,0.0,0.0,-4.6,0.0,n,1.0,999.0,2.1,95.0,1001.0,0.0,0.0,-0.4,2024-01-16T17:00:00,2024-01-16T22:00:00,1705442400.0,0.0,10.0,338.0,11.2,5.2,Freezing rain,f01n,511.0,4951257.0,Somerville,US,42.3876,-71.0995,MA,994971-99999,America/New_York
2024-01-16 17:15:00,,,,,-6.2,248.1,100.0,-1.6,0.0,0.0,-7.2,0.0,n,1.0,999.0,2.1,94.0,1001.0,0.0,0.0,-0.7,2024-01-16T17:15:00,2024-01-16T22:15:00,1705443300.0,0.0,10.0,333.0,12.0,5.7,Freezing rain,f01n,511.0,4951257.0,Somerville,US,42.3876,-71.0995,MA,994971-99999,America/New_York
2024-01-16 17:30:00,,,,,-6.9,250.4,100.0,-1.9,0.0,0.0,-9.8,0.0,n,0.0,999.0,2.1,94.0,1001.0,0.0,0.0,-1.0,2024-01-16T17:30:00,2024-01-16T22:30:00,1705444200.0,0.0,10.0,328.0,12.8,6.2,Overcast clouds,c04n,804.0,4951257.0,Somerville,US,42.3876,-71.0995,MA,994971-99999,America/New_York
2024-01-16 17:45:00,,,,,-7.5,252.8,100.0,-2.4,0.0,0.0,-12.4,0.0,n,1.0,999.0,2.1,93.0,1001.0,1.0,0.0,-1.4,2024-01-16T17:45:00,2024-01-16T22:45:00,1705445100.0,0.0,10.0,323.0,13.6,6.7,Sleet,s05n,611.0,4951257.0,Somerville,US,42.3876,-71.0995,MA,994971-99999,America/New_York
2024-01-16 18:00:00,,,,,-8.2,255.2,100.0,-2.8,0.0,0.0,-15.0,0.0,n,0.0,999.0,2.1,92.0,1001.0,0.0,0.0,-1.7,2024-01-16T18:00:00,2024-01-16T23:00:00,1705446000.0,0.0,10.0,318.0,8.8,7.2,Overcast clouds,c04n,804.0,4951257.0,Somerville,US,42.3876,-71.0995,MA,994971-99999,America/New_York
2024-01-16 18:15:00,,,,,-8.5,257.5,100.0,-3.2,0.0,0.0,-17.7,0.0,n,0.0,999.0,2.1,91.0,1001.0,0.0,0.0,-1.9,2024-01-16T18:15:00,2024-01-16T23:15:00,1705446900.0,0.0,10.0,317.0,8.8,7.2,Overcast clouds,c04n,804.0,4951257.0,Somerville,US,42.3876,-71.0995,MA,994971-99999,America/New_York
2024-01-16 18:30:00,,,,,-8.8,259.9,100.0,-3.6,0.0,0.0,-20.4,0.0,n,0.0,999.0,2.1,90.0,1001.0,0.0,0.0,-2.2,2024-01-16T18:30:00,2024-01-16T23:30:00,1705447800.0,0.0,10.0,316.0,13.8,7.2,Overcast clouds,c04n,804.0,4951257.0,Somerville,US,42.3876,-71.0995,MA,994971-99999,America/New_York
2024-01-16 18:45:00,,,,,-9.2,262.2,100.0,-4.2,0.0,0.0,-23.2,0.0,n,0.0,1000.0,2.1,88.0,1002.0,0.0,0.0,-2.5,2024-01-16T18:45:00,2024-01-16T23:45:00,1705448700.0,0.0,10.0,315.0,13.5,7.2,Overcast clouds,c04n,804.0,4951257.0,Somerville,US,42.3876,-71.0995,MA,994971-99999,America/New_York
2024-01-16 19:00:00,,,,,-9.5,264.6,100.0,-4.6,0.0,0.0,-25.9,0.0,n,0.0,1000.0,2.1,87.0,1002.0,0.0,0.0,-2.7,2024-01-16T19:00:00,2024-01-17T00:00:00,1705449600.0,0.0,10.0,314.0,13.2,7.2,Overcast clouds,c04n,804.0,4951257.0,Somerville,US,42.3876,-71.0995,MA,994971-99999,America/New_York
2024-01-16 19:15:00,,,,,-9.3,267.1,100.0,-4.5,0.0,0.0,-28.6,0.0,n,0.0,1000.0,2.1,87.0,1002.0,0.0,0.0,-2.6,2024-01-16T19:15:00,2024-01-17T00:15:00,1705450500.0,0.0,10.0,314.0,12.8,7.0,Overcast clouds,c04n,804.0,4951257.0,Somerville,US,42.3876,-71.0995,MA,994971-99999,America/New_York
2024-01-16 19:30:00,,,,,-9.0,269.7,100.0,-4.4,0.0,0.0,-31.4,0.0,n,0.0,1000.0,2.1,87.0,1002.0,0.0,0.0,-2.5,2024-01-16T19:30:00,2024-01-17T00:30:00,1705451400.0,0.0,10.0,314.0,12.4,6.8,Overcast clouds,c04n,804.0,4951257.0,Somerville,US,42.3876,-71.0995,MA,994971-99999,America/New_York
2024-01-16 19:45:00,,,,,-8.8,272.2,100.0,-4.3,0.0,0.0,-34.2,0.0,n,0.0,999.0,2.1,87.0,1001.0,0.0,0.0,-2.4,2024-01-16T19:45:00,2024-01-17T00:45:00,1705452300.0,0.0,10.0,314.0,12.0,6.6,Overcast clouds,c04n,804.0,4951257.0,Somerville,US,42.3876,-71.0995,MA,994971-99999,America/New_York
2024-01-16 20:00:00,,,,,-8.6,274.7,100.0,-4.2,0.0,0.0,-36.9,0.0,n,0.0,999.0,2.1,87.0,1001.0,0.0,0.0,-2.3,2024-01-16T20:00:00,2024-01-17T01:00:00,1705453200.0,0.0,10.0,314.0,11.6,6.4,Overcast clouds,c04n,804.0,4951257.0,Somerville,US,42.3876,-71.0995,MA,994971-99999,America/New_York
2024-01-16 20:15:00,,,,,-8.6,277.7,100.0,-4.4,0.0,0.0,-39.7,0.0,n,0.0,999.0,2.1,85.0,1001.0,0.0,0.0,-2.3,2024-01-16T20:15:00,2024-01-17T01:15:00,1705454100.0,0.0,10.0,313.0,8.2,6.5,Overcast clouds,c04n,804.0,4951257.0,Somerville,US,42.3876,-71.0995,MA,994971-99999,America/New_York
2024-01-16 20:30:00,,,,,-8.6,280.7,100.0,-4.6,0.0,0.0,-42.4,0.0,n,0.0,1000.0,2.1,84.0,1002.0,0.0,0.0,-2.3,2024-01-16T20:30:00,2024-01-17T01:30:00,1705455000.0,0.0,10.0,312.0,11.8,6.6,Overcast clouds,c04n,804.0,4951257.0,Somerville,US,42.3876,-71.0995,MA,994971-99999,America/New_York
2024-01-16 20:45:00,,,,,-8.6,283.7,100.0,-4.9,0.0,0.0,-45.1,0.0,n,0.0,1000.0,2.1,82.0,1002.0,0.0,0.0,-2.2,2024-01-16T20:45:00,2024-01-17T01:45:00,1705455900.0,0.0,10.0,311.0,11.9,6.7,Overcast clouds,c04n,804.0,4951257.0,Somerville,US,42.3876,-71.0995,MA,994971-99999,America/New_York
2024-01-16 21:00:00,,,,,-8.6,286.7,100.0,-5.2,0.0,0.0,-47.8,0.0,n,0.0,1000.0,2.1,80.0,1002.0,0.0,0.0,-2.2,2024-01-16T21:00:00,2024-01-17T02:00:00,1705456800.0,0.0,16.0,310.0,12.0,6.8,Overcast clouds,c04n,804.0,4951257.0,Somerville,US,42.3876,-71.0995,MA,994971-99999,America/New_York
2024-01-16 21:15:00,,,,,-8.8,290.8,92.0,-5.4,0.0,0.0,-50.3,0.0,n,0.0,1000.0,2.1,79.0,1002.0,0.0,0.0,-2.3,2024-01-16T21:15:00,2024-01-17T02:15:00,1705457700.0,0.0,16.0,309.0,8.2,6.9,Overcast clouds,c04n,804.0,4951257.0,Somerville,US,42.3876,-71.0995,MA,994971-99999,America/New_York
2024-01-16 21:30:00,,,,,-8.9,294.9,84.0,-5.6,0.0,0.0,-52.8,0.0,n,0.0,1000.0,2.1,78.0,1002.0,0.0,0.0,-2.4,2024-01-16T21:30:00,2024-01-17T02:30:00,1705458600.0,0.0,16.0,308.0,12.2,7.0,Overcast clouds,c04n,804.0,4951257.0,Somerville,US,42.3876,-71.0995,MA,994971-99999,America/New_York
2024-01-16 21:45:00,,,,,-9.1,299.0,76.0,-5.9,0.0,0.0,-55.4,0.0,n,0.0,1000.0,2.1,77.0,1002.0,0.0,0.0,-2.4,2024-01-16T21:45:00,2024-01-17T02:45:00,1705459500.0,0.0,16.0,307.0,12.3,7.1,Overcast clouds,c04n,804.0,4951257.0,Somerville,US,42.3876,-71.0995,MA,994971-99999,America/New_York
2024-01-16 22:00:00,,,,,-9.2,303.0,68.0,-6.1,0.0,0.0,-57.9,0.0,n,0.0,1000.0,2.1,76.0,1002.0,0.0,0.0,-2.5,2024-01-16T22:00:00,2024-01-17T03:00:00,1705460400.0,0.0,16.0,306.0,12.4,7.2,Broken clouds,c03n,803.0,4951257.0,Somerville,US,42.3876,-71.0995,MA,994971-99999,America/New_York
2024-01-16 22:15:00,,,,,-9.4,309.3,52.0,-6.5,0.0,0.0,-59.8,0.0,n,0.0,1001.0,2.1,75.0,1003.0,0.0,0.0,-2.7,2024-01-16T22:15:00,2024-01-17T03:15:00,1705461300.0,0.0,16.0,306.0,12.4,7.2,Broken clouds,c03n,803.0,4951257.0,Somerville,US,42.3876,-71.0995,MA,994971-99999,America/New_York
2024-01-16 22:30:00,,,,,-9.7,315.5,36.0,-6.8,0.0,0.0,-61.8,0.0,n,0.0,1001.0,2.1,74.0,1003.0,0.0,0.0,-2.9,2024-01-16T22:30:00,2024-01-17T03:30:00,1705462200.0,0.0,16.0,305.0,12.4,7.2,Scattered clouds,c02n,802.0,4951257.0,Somerville,US,42.3876,-71.0995,MA,994971-99999,America/New_York
2024-01-16 22:45:00,,,,,-9.9,321.8,21.0,-7.0,0.0,0.0,-63.7,0.0,n,0.0,1001.0,2.1,74.0,1003.0,0.0,0.0,-3.0,2024-01-16T22:45:00,2024-01-17T03:45:00,1705463100.0,0.0,16.0,304.0,12.4,7.2,Scattered clouds,c02n,802.0,4951257.0,Somerville,US,42.3876,-71.0995,MA,994971-99999,America/New_York
2024-01-16 23:00:00,,,,,-10.1,328.0,5.0,-7.3,0.0,0.0,-65.7,0.0,n,0.0,1001.0,2.1,73.0,1003.0,0.0,0.0,-3.2,2024-01-16T23:00:00,2024-01-17T04:00:00,1705464000.0,0.0,16.0,304.0,12.4,7.2,Few clouds,c02n,801.0,4951257.0,Somerville,US,42.3876,-71.0995,MA,994971-99999,America/New_York
2024-01-16 23:15:00,,,,,-10.3,246.9,5.0,-7.7,0.0,0.0,-66.4,0.0,n,0.0,1001.0,2.1,72.0,1003.0,0.0,0.0,-3.4,2024-01-16T23:15:00,2024-01-17T04:15:00,1705464900.0,0.0,16.0,304.0,12.5,7.2,Few clouds,c02n,801.0,4951257.0,Somerville,US,42.3876,-71.0995,MA,994971-99999,America/New_York
2024-01-16 23:30:00,,,,,-10.6,165.9,4.0,-7.8,0.0,0.0,-67.1,0.0,n,0.0,1002.0,2.1,72.0,1004.0,0.0,0.0,-3.5,2024-01-16T23:30:00,2024-01-17T04:30:00,1705465800.0,0.0,16.0,304.0,12.6,7.2,Few clouds,c02n,801.0,4951257.0,Somerville,US,42.3876,-71.0995,MA,994971-99999,America/New_York
2024-01-16 23:45:00,,,,,-10.8,84.9,4.0,-8.0,0.0,0.0,-67.8,0.0,n,0.0,1002.0,2.1,72.0,1004.0,0.0,0.0,-3.7,2024-01-16T23:45:00,2024-01-17T04:45:00,1705466700.0,0.0,16.0,304.0,12.7,7.2,Few clouds,c02n,801.0,4951257.0,Somerville,US,42.3876,-71.0995,MA,994971-99999,America/New_York
2024-01-17 00:00:00,,,,,-11.0,3.8,4.0,-8.4,0.0,0.0,-68.5,0.0,n,0.0,1002.0,2.1,71.0,1004.0,0.0,0.0,-3.9,2024-01-17T00:00:00,2024-01-17T05:00:00,1705467600.0,0.0,16.0,304.0,12.8,7.2,Few clouds,c02n,801.0,4951257.0,Somerville,US,42.3876,-71.0995,MA,994971-99999,America/New_York
2024-01-17 00:15:00,,,,,-11.1,12.3,4.0,-8.4,0.0,0.0,-67.5,0.0,n,0.0,1002.0,2.1,71.0,1004.0,0.0,0.0,-4.0,2024-01-17T00:15:00,2024-01-17T05:15:00,1705468500.0,0.0,16.0,304.0,12.7,7.2,Few clouds,c02n,801.0,4951257.0,Somerville,US,42.3876,-71.0995,MA,994971-99999,America/New_York
2024-01-17 00:30:00,,,,,-11.2,20.9,4.0,-8.5,0.0,0.0,-66.4,0.0,n,0.0,1002.0,2.1,71.0,1004.0,0.0,0.0,-4.0,2024-01-17T00:30:00,2024-01-17T05:30:00,1705469400.0,0.0,16.0,304.0,12.6,7.2,Few clouds,c02n,801.0,4951257.0,Somerville,US,42.3876,-71.0995,MA,994971-99999,America/New_York
2024-01-17 00:45:00,,,,,-11.3,29.4,3.0,-8.6,0.0,0.0,-65.4,0.0,n,0.0,1002.0,2.1,71.0,1004.0,0.0,0.0,-4.1,2024-01-17T00:45:00,2024-01-17T05:45:00,1705470300.0,0.0,16.0,304.0,12.5,7.2,Few clouds,c02n,801.0,4951257.0,Somerville,US,42.3876,-71.0995,MA,994971-99999,America/New_York
2024-01-17 01:00:00,,,,,-11.4,37.9,3.0,-8.7,0.0,0.0,-64.4,0.0,n,0.0,1002.0,2.1,71.0,1004.0,0.0,0.0,-4.2,2024-01-17T01:00:00,2024-01-17T06:00:00,1705471200.0,0.0,16.0,304.0,12.4,7.2,Few clouds,c02n,801.0,4951257.0,Somerville,US,42.3876,-71.0995,MA,994971-99999,America/New_York
2024-01-17 01:15:00,,,,,-11.6,43.6,3.0,-9.0,0.0,0.0,-62.3,0.0,n,0.0,1002.0,2.1,70.0,1004.0,0.0,0.0,-4.3,2024-01-17T01:15:00,2024-01-17T06:15:00,1705472100.0,0.0,16.0,304.0,12.5,7.2,Few clouds,c02n,801.0,4951257.0,Somerville,US,42.3876,-71.0995,MA,994971-99999,America/New_York
2024-01-17 01:30:00,,,,,-11.7,49.3,2.0,-9.1,0.0,0.0,-60.2,0.0,n,0.0,1003.0,2.1,70.0,1005.0,0.0,0.0,-4.5,2024-01-17T01:30:00,2024-01-17T06:30:00,1705473000.0,0.0,16.0,304.0,12.6,7.2,Few clouds,c02n,801.0,4951257.0,Somerville,US,42.3876,-71.0995,MA,994971-99999,America/New_York
2024-01-17 01:45:00,,,,,-11.9,55.0,2.0,-9.2,0.0,0.0,-58.1,0.0,n,0.0,1003.0,2.1,70.0,1005.0,0.0,0.0,-4.6,2024-01-17T01:45:00,2024-01-17T06:45:00,1705473900.0,0.0,16.0,304.0,12.7,7.2,Few clouds,c02n,801.0,4951257.0,Somerville,US,42.3876,-71.0995,MA,994971-99999,America/New_York
2024-01-17 02:00:00,,,,,-12.1,60.7,2.0,-9.5,0.0,0.0,-56.0,0.0,n,0.0,1003.0,2.1,69.0,1005.0,0.0,0.0,-4.7,2024-01-17T02:00:00,2024-01-17T07:00:00,1705474800.0,0.0,16.0,304.0,12.8,7.2,Few clouds,c02n,801.0,4951257.0,Somerville,US,42.3876,-71.0995,MA,994971-99999,America/New_York
2024-01-17 02:15:00,,,,,-12.1,64.5,3.0,-9.6,0.0,0.0,-53.4,0.0,n,0.0,1003.0,2.1,69.0,1005.0,0.0,0.0,-4.8,2024-01-17T02:15:00,2024-01-17T07:15:00,1705475700.0,0.0,16.0,304.0,12.7,7.1,Few clouds,c02n,801.0,4951257.0,Somerville,US,42.3876,-71.0995,MA,994971-99999,America/New_York
2024-01-17 02:30:00,,,,,-12.1,68.3,4.0,-9.6,0.0,0.0,-50.8,0.0,n,0.0,1003.0,2.1,69.0,1005.0,0.0,0.0,-4.8,2024-01-17T02:30:00,2024-01-17T07:30:00,1705476600.0,0.0,16.0,303.0,12.6,7.0,Few clouds,c02n,801.0,4951257.0,Somerville,US,42.3876,-71.0995,MA,994971-99999,America/New_York
2024-01-17 02:45:00,,,,,-12.2,72.1,5.0,-9.7,0.0,0.0,-48.2,0.0,n,0.0,1003.0,2.1,69.0,1005.0,0.0,0.0,-4.9,2024-01-17T02:45:00,2024-01-17T07:45:00,1705477500.0,0.0,16.0,302.0,12.5,6.9,Few clouds,c02n,801.0,4951257.0,Somerville,US,42.3876,-71.0995,MA,994971-99999,America/New_York
2024-01-17 03:00:00,,,,,-12.2,75.9,6.0,-9.8,0.0,0.0,-45.7,0.0,n,0.0,1004.0,2.1,69.0,1006.0,0.0,0.0,-5.0,2024-01-17T03:00:00,2024-01-17T08:00:00,1705478400.0,0.0,16.0,302.0,12.4,6.8,Few clouds,c02n,801.0,4951257.0,Somerville,US,42.3876,-71.0995,MA,994971-99999,America/New_York
2024-01-17 03:15:00,,,,,-12.4,78.7,7.0,-9.7,0.0,0.0,-42.9,0.0,n,0.0,1004.0,2.1,70.0,1006.0,0.0,0.0,-5.1,2024-01-17T03:15:00,2024-01-17T08:15:00,1705479300.0,0.0,16.0,302.0,12.4,6.8,Few clouds,c02n,801.0,4951257.0,Somerville,US,42.3876,-71.0995,MA,994971-99999,America/New_York
2024-01-17 03:30:00,,,,,-12.6,81.6,8.0,-9.8,0.0,0.0,-40.2,0.0,n,0.0,1004.0,2.1,70.0,1006.0,0.0,0.0,-5.3,2024-01-17T03:30:00,2024-01-17T08:30:00,1705480200.0,0.0,16.0,301.0,12.4,6.8,Few clouds,c02n,801.0,4951257.0,Somerville,US,42.3876,-71.0995,MA,994971-99999,America/New_York
2024-01-17 03:45:00,,,,,-12.7,84.5,8.0,-10.0,0.0,0.0,-37.4,0.0,n,0.0,1004.0,2.1,70.0,1006.0,0.0,0.0,-5.4,2024-01-17T03:45:00,2024-01-17T08:45:00,1705481100.0,0.0,16.0,300.0,12.4,6.8,Few clouds,c02n,801.0,4951257.0,Somerville,US,42.3876,-71.0995,MA,994971-99999,America/New_York
2024-01-17 04:00:00,,,,,-12.9,87.4,9.0,-9.9,0.0,0.0,-34.7,0.0,n,0.0,1004.0,2.1,71.0,1006.0,0.0,0.0,-5.5,2024-01-17T04:00:00,2024-01-17T09:00:00,1705482000.0,0.0,16.0,300.0,12.4,6.8,Few clouds,c02n,801.0,4951257.0,Somerville,US,42.3876,-71.0995,MA,994971-99999,America/New_York
2024-01-17 04:15:00,,,,,-12.9,89.8,8.0,-10.0,0.0,0.0,-31.9,0.0,n,0.0,1004.0,2.1,71.0,1006.0,0.0,0.0,-5.5,2024-01-17T04:15:00,2024-01-17T09:15:00,1705482900.0,0.0,16.0,301.0,12.3,6.7,Few clouds,c02n,801.0,4951257.0,Somerville,US,42.3876,-71.0995,MA,994971-99999,America/New_York
2024-01-17 04:30:00,,,,,-12.9,92.3,6.0,-10.0,0.0,0.0,-29.2,0.0,n,0.0,1004.0,2.1,71.0,1006.0,0.0,0.0,-5.6,2024-01-17T04:30:00,2024-01-17T09:30:00,1705483800.0,0.0,16.0,302.0,12.2,6.6,Few clouds,c02n,801.0,4951257.0,Somerville,US,42.3876,-71.0995,MA,994971-99999,America/New_York
2024-01-17 04:45:00,,,,,-12.9,94.8,5.0,-10.0,0.0,0.0,-26.4,0.0,n,0.0,1004.0,2.1,71.0,1006.0,0.0,0.0,-5.7,2024-01-17T04:45:00,2024-01-17T09:45:00,1705484700.0,0.0,16.0,303.0,12.1,6.5,Few clouds,c02n,801.0,4951257.0,Somerville,US,42.3876,-71.0995,MA,994971-99999,America/New_York
2024-01-17 05:00:00,,,,,-12.9,97.2,4.0,-10.1,0.0,0.0,-23.6,0.0,n,0.0,1004.0,2.1,71.0,1006.0,0.0,0.0,-5.7,2024-01-17T05:00:00,2024-01-17T10:00:00,1705485600.0,0.0,16.0,304.0,12.0,6.4,Few clouds,c02n,801.0,4951257.0,Somerville,US,42.3876,-71.0995,MA,994971-99999,America/New_York
2024-01-17 05:15:00,,,,,-12.9,99.6,4.0,-10.3,0.0,0.0,-20.9,0.0,n,0.0,1004.0,2.1,70.0,1006.0,0.0,0.0,-5.8,2024-01-17T05:15:00,2024-01-17T10:15:00,1705486500.0,0.0,16.0,304.0,11.8,6.3,Few clouds,c02n,801.0,4951257.0,Somerville,US,42.3876,-71.0995,MA,994971-99999,America/New_York
2024-01-17 05:30:00,,,,,-12.9,101.9,4.0,-10.4,0.0,0.0,-18.2,0.0,n,0.0,1005.0,2.1,70.0,1007.0,0.0,0.0,-5.8,2024-01-17T05:30:00,2024-01-17T10:30:00,1705487400.0,0.0,16.0,303.0,11.6,6.2,Few clouds,c02n,801.0,4951257.0,Somerville,US,42.3876,-71.0995,MA,994971-99999,America/New_York
2024-01-17 05:45:00,,,,,-12.9,104.3,3.0,-10.4,0.0,0.0,-15.5,0.0,n,0.0,1005.0,2.1,70.0,1007.0,0.0,0.0,-5.8,2024-01-17T05:45:00,2024-01-17T10:45:00,1705488300.0,0.0,16.0,302.0,11.4,6.1,Few clouds,c02n,801.0,4951257.0,Somerville,US,42.3876,-71.0995,MA,994971-99999,America/New_York
2024-01-17 06:00:00,,,,,-12.9,106.6,3.0,-10.6,0.0,0.0,-12.8,0.0,n,0.0,1005.0,2.1,69.0,1007.0,0.0,0.0,-5.9,2024-01-17T06:00:00,2024-01-17T11:00:00,1705489200.0,0.0,16.0,302.0,11.2,6.0,Few clouds,c02n,801.0,4951257.0,Somerville,US,42.3876,-71.0995,MA,994971-99999,America/New_York
2024-01-17 06:15:00,,,,,-13.0,109.0,3.0,-10.5,0.0,0.0,-10.2,0.0,n,0.0,1005.0,2.1,70.0,1007.0,0.0,0.0,-6.0,2024-01-17T06:15:00,2024-01-17T11:15:00,1705490100.0,0.0,16.0,301.0,11.0,6.0,Few clouds,c02n,801.0,4951257.0,Somerville,US,42.3876,-71.0995,MA,994971-99999,America/New_York
2024-01-17 06:30:00,,,,,-13.1,111.4,3.0,-10.6,0.0,0.0,-7.6,0.0,n,0.0,1005.0,2.1,70.0,1007.0,0.0,0.0,-6.0,2024-01-17T06:30:00,2024-01-17T11:30:00,1705491000.0,0.0,16.0,300.0,10.8,6.0,Few clouds,c02n,801.0,4951257.0,Somerville,US,42.3876,-71.0995,MA,994971-99999,America/New_York
2024-01-17 06:45:00,,,,,-13.2,113.8,3.0,-10.7,0.0,0.0,-5.1,0.0,n,0.0,1006.0,2.1,70.0,1008.0,0.0,0.0,-6.1,2024-01-17T06:45:00,2024-01-17T11:45:00,1705491900.0,0.0,16.0,299.0,10.6,6.0,Few clouds,c02n,801.0,4951257.0,Somerville,US,42.3876,-71.0995,MA,994971-99999,America/New_York
2024-01-17 07:00:00,,,,,-13.3,116.2,3.0,-10.6,0.0,0.0,-2.5,0.0,n,0.0,1006.0,2.1,71.0,1008.0,0.0,0.0,-6.2,2024-01-17T07:00:00,2024-01-17T12:00:00,1705492800.0,0.0,16.0,298.0,10.4,6.0,Few clouds,c02n,801.0,4951257.0,Somerville,US,42.3876,-71.0995,MA,994971-99999,America/New_York
2024-01-17 07:15:00,-1.2186657242879164,88.50291778571189,90.0,1.218665724287865,-13.3,118.8,3.0,-10.6,11.0,97.0,-0.1,21.0,d,0.0,1006.0,2.1,71.0,1008.0,0.0,21.0,-6.2,2024-01-17T07:15:00,2024-01-17T12:15:00,1705493700.0,0.0,16.0,296.0,10.4,5.9,Few clouds,c02n,801.0,4951257.0,Somerville,US,42.3876,-71.0995,MA,994971-99999,America/New_York
2024-01-17 07:30:00,-7.662302121818868,80.85546724723444,90.0000045177455,7.662302121818892,-13.2,121.4,2.0,-10.6,22.0,195.0,2.3,41.0,d,0.0,1006.0,2.1,71.0,1008.0,0.0,41.0,-6.2,2024-01-17T07:30:00,2024-01-17T12:30:00,1705494600.0,1.2,16.0,295.0,10.4,5.8,Few clouds,c02n,801.0,4951257.0,Somerville,US,42.3876,-71.0995,MA,994971-99999,America/New_York
2024-01-17 07:45:00,-14.997474194311323,72.79083120765253,90.0000017075473,14.99747419431133,-13.1,124.0,2.0,-10.6,33.0,292.0,4.6,62.0,d,0.0,1007.0,2.1,71.0,1009.0,0.0,62.0,-6.2,2024-01-17T07:45:00,2024-01-17T12:45:00,1705495500.0,1.2,16.0,294.0,10.4,5.7,Few clouds,c02d,801.0,4951257.0,Somerville,US,42.3876,-71.0995,MA,994971-99999,America/New_York
2024-01-17 08:00:00,-23.488924942493767,64.4824251553146,90.00000147877934,23.488924942493774,-13.1,126.5,2.0,-10.6,44.0,390.0,7.0,82.0,d,0.0,1007.0,2.1,71.0,1009.0,0.0,82.0,-6.2,2024-01-17T08:00:00,2024-01-17T13:00:00,1705496400.0,1.3,16.0,292.0,10.4,5.6,Few clouds,c02d,801.0,4951257.0,Somerville,US,42.3876,-71.0995,MA,994971-99999,America/New_York
2024-01-17 08:15:00,-34.129634814210945,55.842699979352545,90.0,34.129634814210945,-12.8,129.4,2.0,-10.5,50.0,446.0,9.0,117.0,d,0.0,1007.0,2.1,70.0,1009.0,0.0,117.0,-6.0,2024-01-17T08:15:00,2024-01-17T13:15:00,1705497300.0,1.3,16.0,290.0,8.2,5.6,Few clouds,c02d,801.0,4951257.0,Somerville,US,42.3876,-71.0995,MA,994971-99999,America/New_York
2024-01-17 08:30:00,-50.65109831727307,46.62656482223248,90.0,50.65109831727307,-12.5,132.3,2.0,-10.5,57.0,502.0,11.1,152.0,d,0.0,1007.0,2.1,69.0,1009.0,0.0,152.0,-5.8,2024-01-17T08:30:00,2024-01-17T13:30:00,1705498200.0,1.3,16.0,289.0,10.4,5.6,Few clouds,c02d,801.0,4951257.0,Somerville,US,42.3876,-71.0995,MA,994971-99999,America/New_York
2024-01-17 08:45:00,-60.0,44.74100015262449,90.0,59.99999999999999,-12.2,135.2,3.0,-10.5,63.0,558.0,13.1,187.0,d,0.0,1007.0,2.1,68.0,1009.0,0.0,187.0,-5.5,2024-01-17T08:45:00,2024-01-17T13:45:00,1705499100.0,1.4,16.0,288.0,10.4,5.6,Few clouds,c02d,801.0,4951257.0,Somerville,US,42.3876,-71.0995,MA,994971-99999,America/New_York
2024-01-17 09:00:00,-60.0,46.43395478457767,90.0,59.99999999999999,-11.9,138.1,3.0,-10.4,69.0,614.0,15.2,222.0,d,0.0,1007.0,2.1,67.0,1009.0,0.0,222.0,-5.3,2024-01-17T09:00:00,2024-01-17T14:00:00,1705500000.0,1.5,16.0,286.0,10.4,5.6,Few clouds,c02d,801.0,4951257.0,Somerville,US,42.3876,-71.0995,MA,994971-99999,America/New_York
2024-01-17 09:15:00,-60.0,48.34504015972076,90.0,59.99999999999999,-11.6,141.4,2.0,-10.4,73.0,640.0,16.8,252.0,d,0.0,1008.0,2.1,66.0,1010.0,0.0,252.0,-5.0,2024-01-17T09:15:00,2024-01-17T14:15:00,1705500900.0,1.6,16.0,286.0,8.2,5.6,Few clouds,c02d,801.0,4951257.0,Somerville,US,42.3876,-71.0995,MA,994971-99999,America/New_York
2024-01-17 09:30:00,-59.82793387511245,50.449596689382766,90.0,59.82793387511245,-11.3,144.7,2.0,-10.3,76.0,666.0,18.4,281.0,d,0.0,1008.0,2.1,65.0,1010.0,0.0,281.0,-4.8,2024-01-17T09:30:00,2024-01-17T14:30:00,1705501800.0,1.6,16.0,285.0,10.6,5.6,Few clouds,c02d,801.0,4951257.0,Somerville,US,42.3876,-71.0995,MA,994971-99999,America/New_York
2024-01-17 09:45:00,-55.359170944769296,52.58166214101627,90.0,55.359170944769296,-11.0,148.0,2.0,-10.3,80.0,691.0,20.0,311.0,d,0.0,1008.0,2.1,64.0,1010.0,0.0,311.0,-4.5,2024-01-17T09:45:00,2024-01-17T14:45:00,1705502700.0,1.7,16.0,284.0,10.7,5.6,Few clouds,c02d,801.0,4951257.0,Somerville,US,42.3876,-71.0995,MA,994971-99999,America/New_York
2024-01-17 10:00:00,-50.52833878316104,54.59699771031991,90.0,50.52833878316104,-10.7,151.3,1.0,-10.3,83.0,717.0,21.6,340.0,d,0.0,1008.0,2.1,63.0,1010.0,0.0,340.0,-4.3,2024-01-17T10:00:00,2024-01-17T15:00:00,1705503600.0,1.9,16.0,284.0,10.8,5.6,Clear Sky,c01d,800.0,4951257.0,Somerville,US,42.3876,-71.0995,MA,994971-99999,America/New_York
2024-01-17 10:15:00,-45.293753644862846,56.47105830957926,90.0,45.293753644862846,-10.5,154.9,1.0,-10.3,85.0,729.0,22.6,359.0,d,0.0,1008.0,2.1,62.0,1010.0,0.0,359.0,-4.2,2024-01-17T10:15:00,2024-01-17T15:15:00,1705504500.0,2.0,16.0,283.0,10.8,5.6,Clear Sky,c01d,800.0,4951257.0,Somerville,US,42.3876,-71.0995,MA,994971-99999,America/New_York
2024-01-17 10:30:00,-39.61953179383744,58.17570651683212,90.0,39.61953179383744,-10.3,158.6,0.0,-10.2,87.0,741.0,23.6,378.0,d,0.0,1008.0,2.1,62.0,1010.0,0.0,378.0,-4.0,2024-01-17T10:30:00,2024-01-17T15:30:00,1705505400.0,2.1,16.0,282.0,10.8,5.6,Clear Sky,c01d,800.0,4951257.0,Somerville,US,42.3876,-71.0995,MA,994971-99999,America/New_York
2024-01-17 10:45:00,-33.482692674671476,59.679536297579034,90.0,33.482692674671476,-10.1,162.3,0.0,-10.0,89.0,753.0,24.6,396.0,d,0.0,1008.0,2.1,62.0,1010.0,0.0,396.0,-3.9,2024-01-17T10:45:00,2024-01-17T15:45:00,1705506300.0,2.2,16.0,281.0,10.8,5.6,Clear Sky,c01d,800.0,4951257.0,Somerville,US,42.3876,-71.0995,MA,994971-99999,America/New_York
2024-01-17 11:00:00,-26.882448912720076,60.94891171712353,90.00000120741826,26.882448912720083,-9.9,165.9,0.0,-10.1,90.0,765.0,25.7,415.0,d,0.0,1008.0,2.1,61.0,1010.0,0.0,415.0,-3.7,2024-01-17T11:00:00,2024-01-17T16:00:00,1705507200.0,2.3,16.0,280.0,10.8,5.6,Clear Sky,c01d,800.0,4951257.0,Somerville,US,42.3876,-71.0995,MA,994971-99999,America/New_York
2024-01-17 11:15:00,-19.850353438180456,61.94997678390356,90.0,19.850353438180456,-9.7,169.8,1.0,-10.2,91.0,769.0,26.0,421.0,d,0.0,1008.0,2.1,60.0,1010.0,0.0,421.0,-3.5,2024-01-17T11:15:00,2024-01-17T16:15:00,1705508100.0,2.3,16.0,279.0,11.0,5.6,Clear Sky,c01d,800.0,4951257.0,Somerville,US,42.3876,-71.0995,MA,994971-99999,America/New_York
2024-01-17 11:30:00,-12.45827632389529,62.6516966492463,90.0000020913098,12.4582763238953,-9.5,173.7,2.0,-10.5,91.0,772.0,26.3,426.0,d,0.0,1007.0,2.1,58.0,1009.0,0.0,426.0,-3.4,2024-01-17T11:30:00,2024-01-17T16:30:00,1705509000.0,2.3,16.0,278.0,11.2,5.6,Few clouds,c02d,801.0,4951257.0,Somerville,US,42.3876,-71.0995,MA,994971-99999,America/New_York
2024-01-17 11:45:00,-4.819891233429029,63.029628047687964,90.0,4.819891233429028,-9.3,177.6,2.0,-10.5,92.0,775.0,26.6,432.0,d,0.0,1007.0,2.1,57.0,1009.0,0.0,432.0,-3.3,2024-01-17T11:45:00,2024-01-17T16:45:00,1705509900.0,2.3,16.0,277.0,11.4,5.6,Few clouds,c02d,801.0,4951257.0,Somerville,US,42.3876,-71.0995,MA,994971-99999,America/New_York
2024-01-17 12:00:00,2.9179429344804717,63.06956009224932,269.999990153802,2.917942934480515,-9.2,181.5,3.0,-10.6,92.0,778.0,26.9,438.0,d,0.0,1007.0,2.1,56.0,1009.0,0.0,438.0,-3.1,2024-01-17T12:00:00,2024-01-17T17:00:00,1705510800.0,2.4,16.0,276.0,11.6,5.6,Few clouds,c02d,801.0,4951257.0,Somerville,US,42.3876,-71.0995,MA,994971-99999,America/New_York
2024-01-17 12:15:00,10.593867021880824,62.7699281526832,270.0,10.593867021880818,-9.0,185.4,5.0,-10.5,92.0,774.0,26.4,429.0,d,0.0,1007.0,2.1,56.0,1009.0,0.0,429.0,-3.0,2024-01-17T12:15:00,2024-01-17T17:15:00,1705511700.0,2.3,16.0,274.0,11.5,5.7,Few clouds,c02d,801.0,4951257.0,Somerville,US,42.3876,-71.0995,MA,994971-99999,America/New_York
2024-01-17 12:30:00,18.0556170324636,62.142083104866764,269.9999980909041,18.05561703246361,-8.9,189.3,7.0,-10.3,91.0,769.0,26.0,421.0,d,0.0,1007.0,2.1,56.0,1009.0,0.0,421.0,-2.8,2024-01-17T12:30:00,2024-01-17T17:30:00,1705512600.0,2.2,16.0,273.0,11.4,5.8,Few clouds,c02d,801.0,4951257.0,Somerville,US,42.3876,-71.0995,MA,994971-99999,America/New_York
2024-01-17 12:45:00,25.18050379100573,61.208339059126224,270.0,25.180503791005723,-8.8,193.1,9.0,-10.2,90.0,764.0,25.5,413.0,d,0.0,1007.0,2.1,56.0,1009.0,0.0,413.0,-2.6,2024-01-17T12:45:00,2024-01-17T17:45:00,1705513500.0,2.1,16.0,272.0,11.3,5.9,Few clouds,c02d,801.0,4951257.0,Somerville,US,42.3876,-71.0995,MA,994971-99999,America/New_York
2024-01-17 13:00:00,31.886598850432243,59.99850627438641,269.9999987925817,31.886598850432247,-8.6,197.0,11.0,-10.0,90.0,759.0,25.1,405.0,d,0.0,1007.0,2.1,56.0,1009.0,0.0,405.0,-2.5,2024-01-17T13:00:00,2024-01-17T18:00:00,1705514400.0,2.0,16.0,270.0,11.2,6.0,Few clouds,c02d,801.0,4951257.0,Somerville,US,42.3876,-71.0995,MA,994971-99999,America/New_York
2024-01-17 13:15:00,38.13339361744735,58.54607304832507,270.0,38.13339361744735,-8.5,200.6,10.0,-10.0,87.0,745.0,24.0,384.0,d,0.0,1007.0,2.1,56.0,1009.0,0.0,384.0,-2.4,2024-01-17T13:15:00,2024-01-17T18:15:00,1705515300.0,2.0,16.0,268.0,9.8,5.9,Few clouds,c02d,801.0,4951257.0,Somerville,US,42.3876,-71.0995,MA,994971-99999,America/New_York
2024-01-17 13:30:00,43.91494459006005,56.884932013622084,269.99999914622634,43.91494459006006,-8.3,204.2,9.0,-9.9,85.0,731.0,22.8,363.0,d,0.0,1007.0,2.1,56.0,1009.0,0.0,363.0,-2.4,2024-01-17T13:30:00,2024-01-17T18:30:00,1705516200.0,1.9,16.0,267.0,11.2,5.8,Few clouds,c02d,801.0,4951257.0,Somerville,US,42.3876,-71.0995,MA,994971-99999,America/New_York
2024-01-17 13:45:00,49.249900930950666,55.04713251624216,270.0,49.249900930950666,-8.2,207.8,8.0,-10.1,83.0,717.0,21.7,342.0,d,0.0,1007.0,2.1,55.0,1009.0,0.0,342.0,-2.3,2024-01-17T13:45:00,2024-01-17T18:45:00,1705517100.0,1.8,16.0,266.0,11.2,5.7,Few clouds,c02d,801.0,4951257.0,Somerville,US,42.3876,-71.0995,MA,994971-99999,America/New_York
2024-01-17 14:00:00,54.17183470184501,53.06162277614656,270.0,54.17183470184501,-8.0,211.4,7.0,-10.0,81.0,703.0,20.6,321.0,d,0.0,1007.0,2.1,55.0,1009.0,0.0,321.0,-2.2,2024-01-17T14:00:00,2024-01-17T19:00:00,1705518000.0,1.7,16.0,264.0,9.8,5.6,Few clouds,c02d,801.0,4951257.0,Somerville,US,42.3876,-71.0995,MA,994971-99999,America/New_York
2024-01-17 14:15:00,58.72157599908827,50.95378936415353,270.0,58.72157599908827,-8.2,214.6,10.0,-10.3,77.0,673.0,18.9,290.0,d,0.0,1007.0,2.1,54.0,1009.0,0.0,290.0,-2.3,2024-01-17T14:15:00,2024-01-17T19:15:00,1705518900.0,1.6,16.0,263.0,11.2,5.7,Few clouds,c02d,801.0,4951257.0,Somerville,US,42.3876,-71.0995,MA,994971-99999,America/New_York
2024-01-17 14:30:00,60.0,48.811689092892834,270.0,59.99999999999999,-8.5,217.8,12.0,-10.5,73.0,644.0,17.2,259.0,d,0.0,1007.0,2.1,54.0,1009.0,0.0,259.0,-2.5,2024-01-17T14:30:00,2024-01-17T19:30:00,1705519800.0,1.5,16.0,262.0,11.2,5.8,Few clouds,c02d,801.0,4951257.0,Somerville,US,42.3876,-71.0995,MA,994971-99999,America/New_York
2024-01-17 14:45:00,60.0,46.845588141599,270.0,59.99999999999999,-8.7,221.0,14.0,-10.6,70.0,615.0,15.5,228.0,d,0.0,1007.0,2.1,54.0,1009.0,0.0,228.0,-2.6,2024-01-17T14:45:00,2024-01-17T19:45:00,1705520700.0,1.4,16.0,261.0,11.2,5.9,Few clouds,c02d,801.0,4951257.0,Somerville,US,42.3876,-71.0995,MA,994971-99999,America/New_York
2024-01-17 15:00:00,60.0,45.09128711147518,270.0,59.99999999999999,-8.9,224.3,17.0,-10.9,66.0,585.0,13.8,197.0,d,0.0,1007.0,2.1,53.0,1009.0,0.0,197.0,-2.7,2024-01-17T15:00:00,2024-01-17T20:00:00,1705521600.0,1.3,16.0,260.0,11.2,6.0,Few clouds,c02d,801.0,4951257.0,Somerville,US,42.3876,-71.0995,MA,994971-99999,America/New_York
2024-01-17 15:15:00,58.450595887385525,44.00084466544658,270.0,58.45059588738552,-9.0,227.1,20.0,-11.0,58.0,518.0,11.6,162.0,d,0.0,1007.0,2.1,53.0,1009.0,0.0,161.0,-2.8,2024-01-17T15:15:00,2024-01-17T20:15:00,1705522500.0,1.2,16.0,260.0,10.8,5.9,Few clouds,c02d,801.0,4951257.0,Somerville,US,42.3876,-71.0995,MA,994971-99999,America/New_York
2024-01-17 15:30:00,37.5777800227822,53.44130689828286,270.0,37.5777800227822,-9.1,229.9,24.0,-11.4,51.0,451.0,9.5,127.0,d,0.0,1007.0,2.1,52.0,1009.0,0.0,126.0,-3.0,2024-01-17T15:30:00,2024-01-17T20:30:00,1705523400.0,1.1,16.0,259.0,10.4,5.8,Scattered clouds,c02d,802.0,4951257.0,Somerville,US,42.3876,-71.0995,MA,994971-99999,America/New_York
2024-01-17 15:45:00,26.02414192350946,62.20328808718345,269.9999987925817,26.024141923509468,-9.2,232.8,27.0,-11.5,44.0,384.0,7.4,92.0,d,0.0,1007.0,2.1,52.0,1009.0,0.0,91.0,-3.1,2024-01-17T15:45:00,2024-01-17T20:45:00,1705524300.0,1.0,16.0,258.0,10.0,5.7,Scattered clouds,c02d,802.0,4951257.0,Somerville,US,42.3876,-71.0995,MA,994971-99999,America/New_York
2024-01-17 16:00:00,17.116574767314532,70.58466953762819,269.9999985212207,17.11657476731454,-9.3,235.6,30.0,-11.6,37.0,317.0,5.3,57.0,d,0.0,1008.0,2.1,52.0,1010.0,0.0,56.0,-3.2,2024-01-17T16:00:00,2024-01-17T21:00:00,1705525200.0,1.0,16.0,258.0,9.6,5.6,Scattered clouds,c02d,802.0,4951257.0,Somerville,US,42.3876,-71.0995,MA,994971-99999,America/New_York
2024-01-17 16:15:00,9.533343296346288,78.71541616122175,269.9999985212207,9.533343296346294,-9.4,238.1,27.0,-11.7,28.0,238.0,2.9,43.0,d,0.0,1008.0,2.1,52.0,1010.0,0.0,43.0,-3.3,2024-01-17T16:15:00,2024-01-17T21:15:00,1705526100.0,1.0,16.0,260.0,9.7,5.6,Scattered clouds,c02n,802.0,4951257.0,Somerville,US,42.3876,-71.0995,MA,994971-99999,America/New_York
2024-01-17 16:30:00,2.8524383398790434,86.51641735678267,269.9999982924527,2.8524383398790443,-9.6,240.7,24.0,-11.9,19.0,159.0,0.5,28.0,d,0.0,1008.0,2.1,52.0,1010.0,0.0,28.0,-3.5,2024-01-17T16:30:00,2024-01-17T21:30:00,1705527000.0,1.0,16.0,262.0,9.8,5.6,Scattered clouds,c02n,802.0,4951257.0,Somerville,US,42.3876,-71.0995,MA,994971-99999,America/New_York
2024-01-17 16:45:00,,,,,-9.8,243.2,21.0,-11.7,9.0,79.0,-2.0,14.0,d,0.0,1008.0,2.1,53.0,1010.0,0.0,14.0,-3.6,2024-01-17T16:45:00,2024-01-17T21:45:00,1705527900.0,0.0,16.0,264.0,9.9,5.6,Scattered clouds,c02n,802.0,4951257.0,Somerville,US,42.3876,-71.0995,MA,994971-99999,America/New_York
2024-01-17 17:00:00,,,,,-9.9,245.8,18.0,-11.9,0.0,0.0,-4.4,0.0,n,0.0,1009.0,2.1,53.0,1011.0,0.0,0.0,-3.7,2024-01-17T17:00:00,2024-01-17T22:00:00,1705528800.0,0.0,16.0,266.0,10.0,5.6,Few clouds,c02n,801.0,4951257.0,Somerville,US,42.3876,-71.0995,MA,994971-99999,America/New_York
2024-01-17 17:15:00,,,,,-10.1,248.2,14.0,-11.9,0.0,0.0,-7.0,0.0,n,0.0,1009.0,2.1,53.0,1011.0,0.0,0.0,-3.7,2024-01-17T17:15:00,2024-01-17T22:15:00,1705529700.0,0.0,16.0,268.0,10.1,5.8,Few clouds,c02n,801.0,4951257.0,Somerville,US,42.3876,-71.0995,MA,994971-99999,America/New_York
2024-01-17 17:30:00,,,,,-10.2,250.5,11.0,-11.9,0.0,0.0,-9.6,0.0,n,0.0,1009.0,2.1,53.0,1011.0,0.0,0.0,-3.8,2024-01-17T17:30:00,2024-01-17T22:30:00,1705530600.0,0.0,16.0,269.0,10.2,6.0,Few clouds,c02n,801.0,4951257.0,Somerville,US,42.3876,-71.0995,MA,994971-99999,America/New_York
2024-01-17 17:45:00,,,,,-10.3,252.9,8.0,-11.9,0.0,0.0,-12.2,0.0,n,0.0,1009.0,2.1,53.0,1011.0,0.0,0.0,-3.8,2024-01-17T17:45:00,2024-01-17T22:45:00,1705531500.0,0.0,16.0,270.0,10.3,6.2,Few clouds,c02n,801.0,4951257.0,Somerville,US,42.3876,-71.0995,MA,994971-99999,America/New_York
2024-01-17 18:00:00,,,,,-10.5,255.3,4.0,-12.0,0.0,0.0,-14.8,0.0,n,0.0,1010.0,2.1,53.0,1012.0,0.0,0.0,-3.8,2024-01-17T18:00:00,2024-01-17T23:00:00,1705532400.0,0.0,16.0,272.0,10.4,6.4,Few clouds,c02n,801.0,4951257.0,Somerville,US,42.3876,-71.0995,MA,994971-99999,America/New_York
2024-01-17 18:15:00,,,,,-10.7,257.6,3.0,-12.1,0.0,0.0,-17.5,0.0,n,0.0,1010.0,2.1,53.0,1012.0,0.0,0.0,-3.9,2024-01-17T18:15:00,2024-01-17T23:15:00,1705533300.0,0.0,16.0,273.0,10.4,6.5,Few clouds,c02n,801.0,4951257.0,Somerville,US,42.3876,-71.0995,MA,994971-99999,America/New_York
2024-01-17 18:30:00,,,,,-10.9,260.0,2.0,-12.0,0.0,0.0,-20.3,0.0,n,0.0,1010.0,2.1,54.0,1012.0,0.0,0.0,-4.0,2024-01-17T18:30:00,2024-01-17T23:30:00,1705534200.0,0.0,16.0,274.0,10.4,6.6,Few clouds,c02n,801.0,4951257.0,Somerville,US,42.3876,-71.0995,MA,994971-99999,America/New_York
2024-01-17 18:45:00,,,,,-11.1,262.4,2.0,-12.1,0.0,0.0,-23.0,0.0,n,0.0,1010.0,2.1,54.0,1012.0,0.0,0.0,-4.2,2024-01-17T18:45:00,2024-01-17T23:45:00,1705535100.0,0.0,16.0,275.0,10.4,6.7,Few clouds,c02n,801.0,4951257.0,Somerville,US,42.3876,-71.0995,MA,994971-99999,America/New_York
2024-01-17 19:00:00,,,,,-11.3,264.7,1.0,-12.2,0.0,0.0,-25.7,0.0,n,0.0,1011.0,2.1,54.0,1013.0,0.0,0.0,-4.3,2024-01-17T19:00:00,2024-01-18T00:00:00,1705536000.0,0.0,16.0,276.0,10.4,6.8,Clear Sky,c01n,800.0,4951257.0,Somerville,US,42.3876,-71.0995,MA,994971-99999,America/New_York
2024-01-17 19:15:00,,,,,-11.5,267.2,1.0,-12.3,0.0,0.0,-28.5,0.0,n,0.0,1011.0,2.1,54.0,1013.0,0.0,0.0,-4.5,2024-01-17T19:15:00,2024-01-18T00:15:00,1705536900.0,0.0,16.0,276.0,10.2,6.8,Clear Sky,c01n,800.0,4951257.0,Somerville,US,42.3876,-71.0995,MA,994971-99999,America/New_York
2024-01-17 19:30:00,,,,,-11.7,269.8,2.0,-12.5,0.0,0.0,-31.2,0.0,n,0.0,1011.0,2.1,54.0,1013.0,0.0,0.0,-4.6,2024-01-17T19:30:00,2024-01-18T00:30:00,1705537800.0,0.0,16.0,276.0,10.0,6.8,Few clouds,c02n,801.0,4951257.0,Somerville,US,42.3876,-71.0995,MA,994971-99999,America/New_York
2024-01-17 19:45:00,,,,,-11.9,272.3,2.0,-12.6,0.0,0.0,-34.0,0.0,n,0.0,1011.0,2.1,54.0,1013.0,0.0,0.0,-4.8,2024-01-17T19:45:00,2024-01-18T00:45:00,1705538700.0,0.0,16.0,276.0,9.8,6.8,Few clouds,c02n,801.0,4951257.0,Somerville,US,42.3876,-71.0995,MA,994971-99999,America/New_York
2024-01-17 20:00:00,,,,,-12.1,274.8,2.0,-12.7,0.0,0.0,-36.8,0.0,n,0.0,1012.0,2.1,54.0,1014.0,0.0,0.0,-4.9,2024-01-17T20:00:00,2024-01-18T01:00:00,1705539600.0,0.0,16.0,276.0,9.6,6.8,Few clouds,c02n,801.0,4951257.0,Somerville,US,42.3876,-71.0995,MA,994971-99999,America/New_York
2024-01-17 20:15:00,,,,,-12.2,277.8,2.0,-12.6,0.0,0.0,-39.5,0.0,n,0.0,1012.0,2.1,55.0,1014.0,0.0,0.0,-5.0,2024-01-17T20:15:00,2024-01-18T01:15:00,1705540500.0,0.0,16.0,274.0,9.4,6.6,Few clouds,c02n,801.0,4951257.0,Somerville,US,42.3876,-71.0995,MA,994971-99999,America/New_York
2024-01-17 20:30:00,,,,,-12.2,280.9,2.0,-12.5,0.0,0.0,-42.2,0.0,n,0.0,1012.0,2.1,56.0,1014.0,0.0,0.0,-5.2,2024-01-17T20:30:00,2024-01-18T01:30:00,1705541400.0,0.0,16.0,273.0,9.2,6.4,Few clouds,c02n,801.0,4951257.0,Somerville,US,42.3876,-71.0995,MA,994971-99999,America/New_York
2024-01-17 20:45:00,,,,,-12.3,283.9,2.0,-12.6,0.0,0.0,-44.9,0.0,n,0.0,1012.0,2.1,56.0,1014.0,0.0,0.0,-5.3,2024-01-17T20:45:00,2024-01-18T01:45:00,1705542300.0,0.0,16.0,272.0,9.0,6.2,Few clouds,c02n,801.0,4951257.0,Somerville,US,42.3876,-71.0995,MA,994971-99999,America/New_York
2024-01-17 21:00:00,,,,,-12.3,286.9,2.0,-12.5,0.0,0.0,-47.6,0.0,n,0.0,1012.0,2.1,57.0,1014.0,0.0,0.0,-5.4,2024-01-17T21:00:00,2024-01-18T02:00:00,1705543200.0,0.0,16.0,270.0,8.8,6.0,Few clouds,c02n,801.0,4951257.0,Somerville,US,42.3876,-71.0995,MA,994971-99999,America/New_York
2024-01-17 21:15:00,,,,,-12.4,290.9,2.0,-12.4,0.0,0.0,-50.1,0.0,n,0.0,1013.0,2.1,58.0,1015.0,0.0,0.0,-5.5,2024-01-17T21:15:00,2024-01-18T02:15:00,1705544100.0,0.0,16.0,268.0,9.0,6.0,Few clouds,c02n,801.0,4951257.0,Somerville,US,42.3876,-71.0995,MA,994971-99999,America/New_York
2024-01-17 21:30:00,,,,,-12.6,295.0,2.0,-12.5,0.0,0.0,-52.7,0.0,n,0.0,1013.0,2.1,58.0,1015.0,0.0,0.0,-5.6,2024-01-17T21:30:00,2024-01-18T02:30:00,1705545000.0,0.0,16.0,266.0,9.2,6.0,Few clouds,c02n,801.0,4951257.0,Somerville,US,42.3876,-71.0995,MA,994971-99999,America/New_York
2024-01-17 21:45:00,,,,,-12.7,299.1,2.0,-12.6,0.0,0.0,-55.2,0.0,n,0.0,1013.0,2.1,58.0,1015.0,0.0,0.0,-5.7,2024-01-17T21:45:00,2024-01-18T02:45:00,1705545900.0,0.0,16.0,264.0,9.4,6.0,Few clouds,c02n,801.0,4951257.0,Somerville,US,42.3876,-71.0995,MA,994971-99999,America/New_York
2024-01-17 22:00:00,,,,,-12.8,303.2,2.0,-12.5,0.0,0.0,-57.7,0.0,n,0.0,1013.0,2.1,59.0,1015.0,0.0,0.0,-5.8,2024-01-17T22:00:00,2024-01-18T03:00:00,1705546800.0,0.0,16.0,262.0,9.6,6.0,Few clouds,c02n,801.0,4951257.0,Somerville,US,42.3876,-71.0995,MA,994971-99999,America/New_York
2024-01-17 22:15:00,,,,,-13.0,309.4,2.0,-12.8,0.0,0.0,-59.6,0.0,n,0.0,1013.0,2.1,58.0,1015.0,0.0,0.0,-5.9,2024-01-17T22:15:00,2024-01-18T03:15:00,1705547700.0,0.0,16.0,261.0,9.7,6.0,Few clouds,c02n,801.0,4951257.0,Somerville,US,42.3876,-71.0995,MA,994971-99999,America/New_York
2024-01-17 22:30:00,,,,,-13.1,315.6,1.0,-12.9,0.0,0.0,-61.6,0.0,n,0.0,1013.0,2.1,58.0,1015.0,0.0,0.0,-6.0,2024-01-17T22:30:00,2024-01-18T03:30:00,1705548600.0,0.0,16.0,260.0,9.8,6.0,Clear Sky,c01n,800.0,4951257.0,Somerville,US,42.3876,-71.0995,MA,994971-99999,America/New_York
2024-01-17 22:45:00,,,,,-13.3,321.8,0.0,-13.3,0.0,0.0,-63.5,0.0,n,0.0,1013.0,2.1,57.0,1015.0,0.0,0.0,-6.2,2024-01-17T22:45:00,2024-01-18T03:45:00,1705549500.0,0.0,16.0,259.0,9.9,6.0,Clear Sky,c01n,800.0,4951257.0,Somerville,US,42.3876,-71.0995,MA,994971-99999,America/New_York
2024-01-17 23:00:00,,,,,-13.4,328.0,0.0,-13.6,0.0,0.0,-65.5,0.0,n,0.0,1013.0,2.1,56.0,1015.0,0.0,0.0,-6.3,2024-01-17T23:00:00,2024-01-18T04:00:00,1705550400.0,0.0,16.0,258.0,10.0,6.0,Clear Sky,c01n,800.0,4951257.0,Somerville,US,42.3876,-71.0995,MA,994971-99999,America/New_York
2024-01-17 23:15:00,,,,,-13.4,246.9,0.0,-13.6,0.0,0.0,-66.2,0.0,n,0.0,1013.0,2.1,56.0,1015.0,0.0,0.0,-6.3,2024-01-17T23:15:00,2024-01-18T04:15:00,1705551300.0,0.0,16.0,257.0,10.0,6.0,Clear Sky,c01n,800.0,4951257.0,Somerville,US,42.3876,-71.0995,MA,994971-99999,America/New_York
2024-01-17 23:30:00,,,,,-13.4,165.8,0.0,-13.8,0.0,0.0,-66.9,0.0,n,0.0,1013.0,2.1,55.0,1015.0,0.0,0.0,-6.3,2024-01-17T23:30:00,2024-01-18T04:30:00,1705552200.0,0.0,16.0,256.0,10.0,6.0,Clear Sky,c01n,800.0,4951257.0,Somerville,US,42.3876,-71.0995,MA,994971-99999,America/New_York
2024-01-17 23:45:00,,,,,-13.4,84.7,1.0,-14.1,0.0,0.0,-67.6,0.0,n,0.0,1013.0,2.1,54.0,1015.0,0.0,0.0,-6.3,2024-01-17T23:45:00,2024-01-18T04:45:00,1705553100.0,0.0,16.0,255.0,10.0,6.0,Clear Sky,c01n,800.0,4951257.0,Somerville,US,42.3876,-71.0995,MA,994971-99999,America/New_York
2024-01-18 00:00:00,,,,,-13.4,3.6,1.0,-14.1,0.0,0.0,-68.3,0.0,n,0.0,1013.0,2.1,54.0,1015.0,0.0,0.0,-6.3,2024-01-18T00:00:00,2024-01-18T05:00:00,1705554000.0,0.0,16.0,254.0,10.0,6.0,Clear Sky,c01n,800.0,4951257.0,Somerville,US,42.3876,-71.0995,MA,994971-99999,America/New_York
2024-01-18 00:15:00,,,,,-13.6,12.1,1.0,-14.2,0.0,0.0,-67.3,0.0,n,0.0,1014.0,2.1,54.0,1016.0,0.0,0.0,-6.4,2024-01-18T00:15:00,2024-01-18T05:15:00,1705554900.0,0.0,16.0,254.0,10.0,6.0,Clear Sky,c01n,800.0,4951257.0,Somerville,US,42.3876,-71.0995,MA,994971-99999,America/New_York
2024-01-18 00:30:00,,,,,-13.8,20.6,0.0,-14.3,0.0,0.0,-66.3,0.0,n,0.0,1014.0,2.1,54.0,1016.0,0.0,0.0,-6.5,2024-01-18T00:30:00,2024-01-18T05:30:00,1705555800.0,0.0,16.0,253.0,10.0,6.0,Clear Sky,c01n,800.0,4951257.0,Somerville,US,42.3876,-71.0995,MA,994971-99999,America/New_York
2024-01-18 00:45:00,,,,,-13.9,29.0,0.0,-14.4,0.0,0.0,-65.3,0.0,n,0.0,1014.0,2.1,54.0,1016.0,0.0,0.0,-6.7,2024-01-18T00:45:00,2024-01-18T05:45:00,1705556700.0,0.0,16.0,252.0,10.0,6.0,Clear Sky,c01n,800.0,4951257.0,Somerville,US,42.3876,-71.0995,MA,994971-99999,America/New_York
2024-01-18 01:00:00,,,,,-14.1,37.5,0.0,-14.5,0.0,0.0,-64.3,0.0,n,0.0,1014.0,2.1,54.0,1016.0,0.0,0.0,-6.8,2024-01-18T01:00:00,2024-01-18T06:00:00,1705557600.0,0.0,16.0,252.0,10.0,6.0,Clear Sky,c01n,800.0,4951257.0,Somerville,US,42.3876,-71.0995,MA,994971-99999,America/New_York
2024-01-18 01:15:00,,,,,-14.1,43.2,0.0,-14.5,0.0,0.0,-62.2,0.0,n,0.0,1014.0,2.1,54.0,1016.0,0.0,0.0,-6.8,2024-01-18T01:15:00,2024-01-18T06:15:00,1705558500.0,0.0,16.0,252.0,10.2,6.0,Clear Sky,c01n,800.0,4951257.0,Somerville,US,42.3876,-71.0995,MA,994971-99999,America/New_York
2024-01-18 01:30:00,,,,,-14.1,48.9,0.0,-14.8,0.0,0.0,-60.1,0.0,n,0.0,1014.0,2.1,53.0,1016.0,0.0,0.0,-6.8,2024-01-18T01:30:00,2024-01-18T06:30:00,1705559400.0,0.0,16.0,251.0,10.4,6.0,Clear Sky,c01n,800.0,4951257.0,Somerville,US,42.3876,-71.0995,MA,994971-99999,America/New_York
2024-01-18 01:45:00,,,,,-14.2,54.6,0.0,-15.0,0.0,0.0,-58.0,0.0,n,0.0,1014.0,2.1,52.0,1016.0,0.0,0.0,-6.9,2024-01-18T01:45:00,2024-01-18T06:45:00,1705560300.0,0.0,16.0,250.0,10.6,6.0,Clear Sky,c01n,800.0,4951257.0,Somerville,US,42.3876,-71.0995,MA,994971-99999,America/New_York
2024-01-18 02:00:00,,,,,-14.2,60.4,0.0,-15.1,0.0,0.0,-55.9,0.0,n,0.0,1014.0,2.1,52.0,1016.0,0.0,0.0,-6.9,2024-01-18T02:00:00,2024-01-18T07:00:00,1705561200.0,0.0,16.0,250.0,10.8,6.0,Clear Sky,c01n,800.0,4951257.0,Somerville,US,42.3876,-71.0995,MA,994971-99999,America/New_York
2024-01-18 02:15:00,,,,,-14.1,64.2,3.0,-15.3,0.0,0.0,-53.3,0.0,n,0.0,1014.0,2.1,51.0,1016.0,0.0,0.0,-6.8,2024-01-18T02:15:00,2024-01-18T07:15:00,1705562100.0,0.0,16.0,250.0,10.8,6.0,Few clouds,c02n,801.0,4951257.0,Somerville,US,42.3876,-71.0995,MA,994971-99999,America/New_York
2024-01-18 02:30:00,,,,,-14.1,68.0,6.0,-15.4,0.0,0.0,-50.7,0.0,n,0.0,1015.0,2.1,50.0,1017.0,0.0,0.0,-6.8,2024-01-18T02:30:00,2024-01-18T07:30:00,1705563000.0,0.0,16.0,250.0,10.8,6.0,Few clouds,c02n,801.0,4951257.0,Somerville,US,42.3876,-71.0995,MA,994971-99999,America/New_York
2024-01-18 02:45:00,,,,,-14.0,71.8,10.0,-15.4,0.0,0.0,-48.2,0.0,n,0.0,1015.0,2.1,50.0,1017.0,0.0,0.0,-6.8,2024-01-18T02:45:00,2024-01-18T07:45:00,1705563900.0,0.0,16.0,250.0,10.8,6.0,Few clouds,c02n,801.0,4951257.0,Somerville,US,42.3876,-71.0995,MA,994971-99999,America/New_York
2024-01-18 03:00:00,,,,,-14.0,75.6,13.0,-15.6,0.0,0.0,-45.6,0.0,n,0.0,1015.0,2.1,49.0,1017.0,0.0,0.0,-6.7,2024-01-18T03:00:00,2024-01-18T08:00:00,1705564800.0,0.0,16.0,250.0,10.8,6.0,Few clouds,c02n,801.0,4951257.0,Somerville,US,42.3876,-71.0995,MA,994971-99999,America/New_York
2024-01-18 03:15:00,,,,,-14.0,78.5,20.0,-15.4,0.0,0.0,-42.9,0.0,n,0.0,1015.0,2.1,50.0,1017.0,0.0,0.0,-6.7,2024-01-18T03:15:00,2024-01-18T08:15:00,1705565700.0,0.0,16.0,250.0,10.9,6.1,Few clouds,c02n,801.0,4951257.0,Somerville,US,42.3876,-71.0995,MA,994971-99999,America/New_York
2024-01-18 03:30:00,,,,,-14.1,81.3,28.0,-15.4,0.0,0.0,-40.1,0.0,n,0.0,1015.0,2.1,50.0,1017.0,0.0,0.0,-6.7,2024-01-18T03:30:00,2024-01-18T08:30:00,1705566600.0,0.0,16.0,249.0,11.0,6.2,Scattered clouds,c02n,802.0,4951257.0,Somerville,US,42.3876,-71.0995,MA,994971-99999,America/New_York
2024-01-18 03:45:00,,,,,-14.1,84.2,36.0,-15.1,0.0,0.0,-37.4,0.0,n,0.0,1015.0,2.1,51.0,1017.0,0.0,0.0,-6.7,2024-01-18T03:45:00,2024-01-18T08:45:00,1705567500.0,0.0,16.0,248.0,11.1,6.3,Scattered clouds,c02n,802.0,4951257.0,Somerville,US,42.3876,-71.0995,MA,994971-99999,America/New_York
2024-01-18 04:00:00,,,,,-14.2,87.1,43.0,-14.9,0.0,0.0,-34.6,0.0,n,0.0,1015.0,2.1,52.0,1017.0,0.0,0.0,-6.7,2024-01-18T04:00:00,2024-01-18T09:00:00,1705568400.0,0.0,16.0,248.0,11.2,6.4,Broken clouds,c03n,803.0,4951257.0,Somerville,US,42.3876,-71.0995,MA,994971-99999,America/New_York
2024-01-18 04:15:00,,,,,-14.2,89.6,34.0,-14.7,0.0,0.0,-31.9,0.0,n,0.0,1015.0,2.1,53.0,1017.0,0.0,0.0,-6.7,2024-01-18T04:15:00,2024-01-18T09:15:00,1705569300.0,0.0,16.0,249.0,11.2,6.4,Scattered clouds,c02n,802.0,4951257.0,Somerville,US,42.3876,-71.0995,MA,994971-99999,America/New_York
2024-01-18 04:30:00,,,,,-14.2,92.1,26.0,-14.4,0.0,0.0,-29.1,0.0,n,0.0,1015.0,2.1,54.0,1017.0,0.0,0.0,-6.7,2024-01-18T04:30:00,2024-01-18T09:30:00,1705570200.0,0.0,16.0,250.0,11.2,6.4,Scattered clouds,c02n,802.0,4951257.0,Somerville,US,42.3876,-71.0995,MA,994971-99999,America/New_York
2024-01-18 04:45:00,,,,,-14.2,94.5,17.0,-14.4,0.0,0.0,-26.3,0.0,n,0.0,1016.0,2.1,54.0,1018.0,0.0,0.0,-6.7,2024-01-18T04:45:00,2024-01-18T09:45:00,1705571100.0,0.0,16.0,251.0,11.2,6.4,Few clouds,c02n,801.0,4951257.0,Somerville,US,42.3876,-71.0995,MA,994971-99999,America/New_York
2024-01-18 05:00:00,,,,,-14.2,97.0,8.0,-14.2,0.0,0.0,-23.6,0.0,n,0.0,1016.0,2.1,55.0,1018.0,0.0,0.0,-6.7,2024-01-18T05:00:00,2024-01-18T10:00:00,1705572000.0,0.0,16.0,252.0,11.2,6.4,Few clouds,c02n,801.0,4951257.0,Somerville,US,42.3876,-71.0995,MA,994971-99999,America/New_York
2024-01-18 05:15:00,,,,,-14.2,99.4,30.0,-14.3,0.0,0.0,-20.9,0.0,n,0.0,1016.0,2.1,55.0,1018.0,0.0,0.0,-6.8,2024-01-18T05:15:00,2024-01-18T10:15:00,1705572900.0,0.0,16.0,252.0,11.0,6.3,Scattered clouds,c02n,802.0,4951257.0,Somerville,US,42.3876,-71.0995,MA,994971-99999,America/New_York
2024-01-18 05:30:00,,,,,-14.2,101.7,52.0,-14.3,0.0,0.0,-18.2,0.0,n,0.0,1016.0,2.1,55.0,1018.0,0.0,0.0,-6.8,2024-01-18T05:30:00,2024-01-18T10:30:00,1705573800.0,0.0,16.0,253.0,10.8,6.2,Broken clouds,c03n,803.0,4951257.0,Somerville,US,42.3876,-71.0995,MA,994971-99999,America/New_York
2024-01-18 05:45:00,,,,,-14.2,104.1,74.0,-14.3,0.0,0.0,-15.4,0.0,n,0.0,1016.0,2.1,55.0,1018.0,0.0,0.0,-6.8,2024-01-18T05:45:00,2024-01-18T10:45:00,1705574700.0,0.0,16.0,254.0,10.6,6.1,Overcast clouds,c04n,804.0,4951257.0,Somerville,US,42.3876,-71.0995,MA,994971-99999,America/New_York
2024-01-18 06:00:00,,,,,-14.2,106.4,96.0,-14.4,0.0,0.0,-12.7,0.0,n,0.0,1016.0,2.1,55.0,1018.0,0.0,0.0,-6.9,2024-01-18T06:00:00,2024-01-18T11:00:00,1705575600.0,0.0,16.0,254.0,10.4,6.0,Overcast clouds,c04n,804.0,4951257.0,Somerville,US,42.3876,-71.0995,MA,994971-99999,America/New_York
2024-01-18 06:15:00,,,,,-14.1,108.8,95.0,-14.1,0.0,0.0,-10.1,0.0,n,0.0,1016.0,2.1,56.0,1018.0,0.0,0.0,-6.8,2024-01-18T06:15:00,2024-01-18T11:15:00,1705576500.0,0.0,16.0,254.0,10.1,5.9,Overcast clouds,c04n,804.0,4951257.0,Somerville,US,42.3876,-71.0995,MA,994971-99999,America/New_York
2024-01-18 06:30:00,,,,,-14.0,111.2,94.0,-13.9,0.0,0.0,-7.6,0.0,n,0.0,1016.0,2.1,57.0,1018.0,0.0,0.0,-6.8,2024-01-18T06:30:00,2024-01-18T11:30:00,1705577400.0,0.0,16.0,255.0,9.8,5.8,Overcast clouds,c04n,804.0,4951257.0,Somerville,US,42.3876,-71.0995,MA,994971-99999,America/New_York
2024-01-18 06:45:00,,,,,-13.8,113.6,93.0,-13.6,0.0,0.0,-5.0,0.0,n,0.0,1016.0,2.1,58.0,1018.0,0.0,0.0,-6.8,2024-01-18T06:45:00,2024-01-18T11:45:00,1705578300.0,0.0,16.0,256.0,9.5,5.7,Overcast clouds,c04n,804.0,4951257.0,Somerville,US,42.3876,-71.0995,MA,994971-99999,America/New_York
2024-01-18 07:00:00,,,,,-13.7,116.0,92.0,-13.3,0.0,0.0,-2.4,0.0,n,0.0,1016.0,2.1,59.0,1018.0,0.0,0.0,-6.7,2024-01-18T07:00:00,2024-01-18T12:00:00,1705579200.0,0.0,16.0,256.0,9.2,5.6,Overcast clouds,c04n,804.0,4951257.0,Somerville,US,42.3876,-71.0995,MA,994971-99999,America/New_York
2024-01-18 07:15:00,-1.436720109363037,88.2318588211379,90.00001491051572,1.4367201093630857,-13.5,118.6,93.0,-13.3,11.0,98.0,0.0,21.0,d,0.0,1016.0,2.1,59.0,1018.0,0.0,17.0,-6.6,2024-01-18T07:15:00,2024-01-18T12:15:00,1705580100.0,0.4,16.0,257.0,9.2,5.5,Overcast clouds,c04n,804.0,4951257.0,Somerville,US,42.3876,-71.0995,MA,994971-99999,America/New_York
2024-01-18 07:30:00,-7.914634383897791,80.5372614687726,90.00000362225481,7.914634383897807,-13.4,121.2,94.0,-13.2,22.0,197.0,2.3,42.0,d,0.0,1016.0,2.1,59.0,1018.0,0.0,33.0,-6.5,2024-01-18T07:30:00,2024-01-18T12:30:00,1705581000.0,0.4,16.0,258.0,9.2,5.4,Overcast clouds,c04n,804.0,4951257.0,Somerville,US,42.3876,-71.0995,MA,994971-99999,America/New_York
2024-01-18 07:45:00,-15.281305500184388,72.43456497117857,90.0,15.281305500184384,-13.2,123.8,94.0,-13.1,33.0,295.0,4.7,63.0,d,0.0,1016.0,2.1,59.0,1018.0,0.0,50.0,-6.5,2024-01-18T07:45:00,2024-01-18T12:45:00,1705581900.0,0.4,16.0,259.0,9.2,5.3,Overcast clouds,c04d,804.0,4951257.0,Somerville,US,42.3876,-71.0995,MA,994971-99999,America/New_York
2024-01-18 08:00:00,-23.820736305727657,64.08217086619968,90.0,23.820736305727653,-13.1,126.4,95.0,-13.1,45.0,394.0,7.1,84.0,d,0.0,1017.0,2.1,59.0,1019.0,0.0,65.0,-6.4,2024-01-18T08:00:00,2024-01-18T13:00:00,1705582800.0,0.4,16.0,260.0,9.2,5.2,Overcast clouds,c04d,804.0,4951257.0,Somerville,US,42.3876,-71.0995,MA,994971-99999,America/New_York
2024-01-18 08:15:00,-34.56034513178839,55.38268264028592,90.0,34.56034513178838,-12.9,129.3,96.0,-13.2,51.0,449.0,9.1,119.0,d,0.0,1017.0,2.1,58.0,1019.0,0.0,77.0,-6.3,2024-01-18T08:15:00,2024-01-18T13:15:00,1705583700.0,0.4,16.0,259.0,9.2,5.1,Overcast clouds,c04d,804.0,4951257.0,Somerville,US,42.3876,-71.0995,MA,994971-99999,America/New_York
2024-01-18 08:30:00,-51.46197335270921,46.076392214318716,90.0,51.46197335270921,-12.7,132.2,96.0,-13.1,57.0,505.0,11.2,154.0,d,0.0,1017.0,2.1,58.0,1019.0,0.0,90.0,-6.3,2024-01-18T08:30:00,2024-01-18T13:30:00,1705584600.0,0.5,16.0,258.0,9.2,5.0,Overcast clouds,c04d,804.0,4951257.0,Somerville,US,42.3876,-71.0995,MA,994971-99999,America/New_York
2024-01-18 08:45:00,-60.0,44.52878002559872,90.0,59.99999999999999,-12.6,135.1,96.0,-13.3,63.0,561.0,13.3,189.0,d,0.0,1017.0,2.1,57.0,1019.0,0.0,104.0,-6.2,2024-01-18T08:45:00,2024-01-18T13:45:00,1705585500.0,0.5,16.0,257.0,9.2,4.9,Overcast clouds,c04d,804.0,4951257.0,Somerville,US,42.3876,-71.0995,MA,994971-99999,America/New_York
2024-01-18 09:00:00,-60.0,46.22384293450028,90.0,59.99999999999999,-12.4,138.0,97.0,-13.4,70.0,617.0,15.3,225.0,d,0.0,1017.0,2.1,56.0,1019.0,0.0,112.0,-6.1,2024-01-18T09:00:00,2024-01-18T14:00:00,1705586400.0,0.5,16.0,256.0,9.2,4.8,Overcast clouds,c04d,804.0,4951257.0,Somerville,US,42.3876,-71.0995,MA,994971-99999,America/New_York
2024-01-18 09:15:00,-60.0,48.137994491652634,90.0,59.99999999999999,-12.2,141.3,98.0,-13.4,73.0,642.0,16.9,254.0,d,0.0,1017.0,2.1,55.0,1019.0,0.0,114.0,-5.8,2024-01-18T09:15:00,2024-01-18T14:15:00,1705587300.0,0.5,16.0,255.0,9.3,4.9,Overcast clouds,c04d,804.0,4951257.0,Somerville,US,42.3876,-71.0995,MA,994971-99999,America/New_York
2024-01-18 09:30:00,-59.727249649804406,50.24599311390949,90.0,59.727249649804406,-11.9,144.5,98.0,-13.4,77.0,668.0,18.5,284.0,d,0.0,1017.0,2.1,54.0,1019.0,0.0,122.0,-5.6,2024-01-18T09:30:00,2024-01-18T14:30:00,1705588200.0,0.5,16.0,254.0,9.4,5.0,Overcast clouds,c04d,804.0,4951257.0,Somerville,US,42.3876,-71.0995,MA,994971-99999,America/New_York
2024-01-18 09:45:00,-55.26624731284034,52.37572831552762,90.0,55.26624731284034,-11.7,147.8,99.0,-13.2,80.0,693.0,20.1,313.0,d,0.0,1017.0,2.1,54.0,1019.0,0.0,121.0,-5.3,2024-01-18T09:45:00,2024-01-18T14:45:00,1705589100.0,0.6,16.0,253.0,9.5,5.1,Overcast clouds,c04d,804.0,4951257.0,Somerville,US,42.3876,-71.0995,MA,994971-99999,America/New_York
2024-01-18 10:00:00,-50.44666110650491,54.38869731630898,90.00000085377364,50.44666110650492,-11.4,151.1,100.0,-13.2,83.0,719.0,21.8,343.0,d,0.0,1017.0,2.1,53.0,1019.0,0.0,117.0,-5.1,2024-01-18T10:00:00,2024-01-18T15:00:00,1705590000.0,0.6,16.0,252.0,9.6,5.2,Overcast clouds,c04d,804.0,4951257.0,Somerville,US,42.3876,-71.0995,MA,994971-99999,America/New_York
2024-01-18 10:15:00,-45.22765236086604,56.260524279509795,90.0,45.22765236086603,-11.1,154.8,99.0,-12.9,85.0,731.0,22.8,362.0,d,0.0,1017.0,2.1,53.0,1019.0,0.0,132.0,-4.8,2024-01-18T10:15:00,2024-01-18T15:15:00,1705590900.0,0.6,16.0,252.0,9.3,5.2,Overcast clouds,c04d,804.0,4951257.0,Somerville,US,42.3876,-71.0995,MA,994971-99999,America/New_York
2024-01-18 10:30:00,-39.57419004756311,57.963304489597505,90.0,39.57419004756311,-10.8,158.5,98.0,-12.9,87.0,743.0,23.8,381.0,d,0.0,1017.0,2.1,52.0,1019.0,0.0,148.0,-4.6,2024-01-18T10:30:00,2024-01-18T15:30:00,1705591800.0,0.7,16.0,251.0,9.6,5.2,Overcast clouds,c04d,804.0,4951257.0,Somerville,US,42.3876,-71.0995,MA,994971-99999,America/New_York
2024-01-18 10:45:00,-33.46398614817694,59.46593959741504,90.0,33.46398614817694,-10.5,162.1,98.0,-12.7,89.0,755.0,24.8,400.0,d,0.0,1017.0,2.1,52.0,1019.0,0.0,153.0,-4.3,2024-01-18T10:45:00,2024-01-18T15:45:00,1705592700.0,0.7,16.0,250.0,9.6,5.2,Overcast clouds,c04d,804.0,4951257.0,Somerville,US,42.3876,-71.0995,MA,994971-99999,America/New_York
2024-01-18 11:00:00,-26.896525701442275,60.73516248375502,90.0,26.896525701442275,-10.2,165.8,97.0,-12.5,91.0,767.0,25.8,418.0,d,0.0,1017.0,2.1,52.0,1019.0,0.0,170.0,-4.1,2024-01-18T11:00:00,2024-01-18T16:00:00,1705593600.0,0.8,16.0,250.0,9.6,5.2,Overcast clouds,c04d,804.0,4951257.0,Somerville,US,42.3876,-71.0995,MA,994971-99999,America/New_York
2024-01-18 11:15:00,-19.902896611225128,61.73750763685721,90.0,19.902896611225124,-9.9,169.7,97.0,-12.5,91.0,771.0,26.2,424.0,d,0.0,1017.0,2.1,51.0,1019.0,0.0,171.0,-3.9,2024-01-18T11:15:00,2024-01-18T16:15:00,1705594500.0,0.8,16.0,250.0,9.7,5.3,Overcast clouds,c04d,804.0,4951257.0,Somerville,US,42.3876,-71.0995,MA,994971-99999,America/New_York
2024-01-18 11:30:00,-12.553504992751355,62.44228929456453,90.00000120741826,12.553504992751359,-9.7,173.6,97.0,-12.5,92.0,774.0,26.5,430.0,d,0.0,1016.0,2.1,50.0,1018.0,0.0,173.0,-3.6,2024-01-18T11:30:00,2024-01-18T16:30:00,1705595400.0,0.8,16.0,250.0,9.8,5.4,Overcast clouds,c04d,804.0,4951257.0,Somerville,US,42.3876,-71.0995,MA,994971-99999,America/New_York
2024-01-18 11:45:00,-4.959535845677294,62.825275517347706,90.0,4.959535845677261,-9.5,177.5,97.0,-12.3,92.0,777.0,26.8,436.0,d,0.0,1016.0,2.1,50.0,1018.0,0.0,174.0,-3.4,2024-01-18T11:45:00,2024-01-18T16:45:00,1705596300.0,0.8,16.0,250.0,9.9,5.5,Overcast clouds,c04d,804.0,4951257.0,Somerville,US,42.3876,-71.0995,MA,994971-99999,America/New_York
2024-01-18 12:00:00,2.7353104814083533,62.87225329568248,270.0,2.735310481408293,-9.3,181.4,97.0,-12.4,93.0,780.0,27.1,441.0,d,0.0,1016.0,2.1,49.0,1018.0,0.0,176.0,-3.2,2024-01-18T12:00:00,2024-01-18T17:00:00,1705597200.0,0.8,16.0,250.0,10.0,5.6,Overcast clouds,c04d,804.0,4951257.0,Somerville,US,42.3876,-71.0995,MA,994971-99999,America/New_York
2024-01-18 12:15:00,10.372812201606527,62.58140532335919,269.99999704244135,10.372812201606543,-9.0,185.3,98.0,-11.9,92.0,775.0,26.6,433.0,d,0.0,1015.0,2.1,50.0,1017.0,0.0,161.0,-3.0,2024-01-18T12:15:00,2024-01-18T17:15:00,1705598100.0,0.8,16.0,250.0,10.0,5.5,Overcast clouds,c04d,804.0,4951257.0,Somerville,US,42.3876,-71.0995,MA,994971-99999,America/New_York
2024-01-18 12:30:00,17.803075980137855,61.963629002947485,270.0,17.803075980137844,-8.7,189.2,98.0,-11.7,91.0,771.0,26.2,425.0,d,0.0,1015.0,2.1,50.0,1017.0,0.0,159.0,-2.8,2024-01-18T12:30:00,2024-01-18T17:30:00,1705599000.0,0.8,16.0,250.0,10.0,5.4,Overcast clouds,c04d,804.0,4951257.0,Somerville,US,42.3876,-71.0995,MA,994971-99999,America/New_York
2024-01-18 12:45:00,24.904563887699524,61.04066843149163,269.9999987925817,24.90456388769953,-8.4,193.1,99.0,-11.6,91.0,766.0,25.8,417.0,d,0.0,1015.0,2.1,50.0,1017.0,0.0,145.0,-2.6,2024-01-18T12:45:00,2024-01-18T17:45:00,1705599900.0,0.7,16.0,250.0,10.0,5.3,Overcast clouds,c04d,804.0,4951257.0,Somerville,US,42.3876,-71.0995,MA,994971-99999,America/New_York
2024-01-18 13:00:00,31.59527758958102,59.841776817529784,270.0,31.59527758958102,-8.0,197.0,100.0,-11.1,90.0,762.0,25.3,409.0,d,0.0,1015.0,2.1,51.0,1017.0,0.0,131.0,-2.4,2024-01-18T13:00:00,2024-01-18T18:00:00,1705600800.0,0.7,16.0,250.0,7.2,5.2,Overcast clouds,c04d,804.0,4951257.0,Somerville,US,42.3876,-71.0995,MA,994971-99999,America/New_York
2024-01-18 13:15:00,37.83375743884687,58.399965963303714,270.0,37.83375743884686,-7.8,200.6,97.0,-11.2,88.0,748.0,24.2,388.0,d,0.0,1015.0,2.1,50.0,1017.0,0.0,161.0,-2.2,2024-01-18T13:15:00,2024-01-18T18:15:00,1705601700.0,0.7,16.0,250.0,7.2,5.2,Overcast clouds,c04d,804.0,4951257.0,Somerville,US,42.3876,-71.0995,MA,994971-99999,America/New_York
2024-01-18 13:30:00,43.612674310826826,56.74878763260751,270.0,43.612674310826826,-7.5,204.2,94.0,-11.0,86.0,734.0,23.0,367.0,d,0.0,1015.0,2.1,50.0,1017.0,0.0,99.0,-1.9,2024-01-18T13:30:00,2024-01-18T18:30:00,1705602600.0,0.7,16.0,249.0,10.0,5.2,Overcast clouds,c04d,804.0,4951257.0,Somerville,US,42.3876,-71.0995,MA,994971-99999,America/New_York
2024-01-18 13:45:00,48.94922586538563,54.92007381286619,270.0,48.94922586538562,-7.2,207.8,91.0,-11.0,84.0,720.0,21.9,346.0,d,0.0,1015.0,2.1,49.0,1017.0,0.0,120.0,-1.7,2024-01-18T13:45:00,2024-01-18T18:45:00,1705603500.0,0.7,16.0,248.0,10.0,5.2,Overcast clouds,c04d,804.0,4951257.0,Somerville,US,42.3876,-71.0995,MA,994971-99999,America/New_York
2024-01-18 14:00:00,53.87568933473974,52.94266642362065,270.0,53.87568933473973,-6.9,211.4,88.0,-11.1,82.0,706.0,20.8,325.0,d,0.0,1014.0,2.1,48.0,1016.0,0.0,136.0,-1.5,2024-01-18T14:00:00,2024-01-18T19:00:00,1705604400.0,0.7,16.0,248.0,10.0,5.2,Overcast clouds,c04d,804.0,4951257.0,Somerville,US,42.3876,-71.0995,MA,994971-99999,America/New_York
2024-01-18 14:15:00,58.4318494482471,50.84192103142687,270.0,58.4318494482471,-7.0,214.6,74.0,-11.1,78.0,677.0,19.1,294.0,d,0.0,1014.0,2.1,48.0,1016.0,0.0,199.0,-1.6,2024-01-18T14:15:00,2024-01-18T19:15:00,1705605300.0,0.8,16.0,247.0,7.2,5.2,Overcast clouds,c04d,804.0,4951257.0,Somerville,US,42.3876,-71.0995,MA,994971-99999,America/New_York
2024-01-18 14:30:00,60.0,48.69403232297439,270.0,59.99999999999999,-7.0,217.9,60.0,-11.1,74.0,648.0,17.4,263.0,d,0.0,1014.0,2.1,48.0,1016.0,0.0,221.0,-1.6,2024-01-18T14:30:00,2024-01-18T19:30:00,1705606200.0,0.9,16.0,246.0,9.6,5.2,Broken clouds,c03d,803.0,4951257.0,Somerville,US,42.3876,-71.0995,MA,994971-99999,America/New_York
2024-01-18 14:45:00,60.0,46.715844267275116,270.0,59.99999999999999,-7.1,221.1,45.0,-10.9,70.0,619.0,15.7,232.0,d,0.0,1014.0,2.1,49.0,1016.0,0.0,218.0,-1.6,2024-01-18T14:45:00,2024-01-18T19:45:00,1705607100.0,1.0,16.0,245.0,9.4,5.2,Broken clouds,c03d,803.0,4951257.0,Somerville,US,42.3876,-71.0995,MA,994971-99999,America/New_York
2024-01-18 15:00:00,60.0,44.94925448719711,270.0,59.99999999999999,-7.2,224.3,31.0,-11.0,66.0,590.0,14.0,200.0,d,0.0,1014.0,2.1,49.0,1016.0,0.0,197.0,-1.7,2024-01-18T15:00:00,2024-01-18T20:00:00,1705608000.0,1.1,16.0,244.0,9.2,5.2,Scattered clouds,c02d,802.0,4951257.0,Somerville,US,42.3876,-71.0995,MA,994971-99999,America/New_York
2024-01-18 15:15:00,60.0,43.41951602755359,270.0,59.99999999999999,-7.0,227.1,36.0,-10.7,59.0,524.0,11.9,165.0,d,0.0,1014.0,2.1,50.0,1016.0,0.0,160.0,-1.7,2024-01-18T15:15:00,2024-01-18T20:15:00,1705608900.0,1.0,16.0,242.0,7.7,5.0,Scattered clouds,c02d,802.0,4951257.0,Somerville,US,42.3876,-71.0995,MA,994971-99999,America/New_York
2024-01-18 15:30:00,38.68007857274307,52.559399981214334,270.0,38.68007857274307,-6.9,230.0,40.0,-10.7,52.0,458.0,9.7,130.0,d,0.0,1014.0,2.1,50.0,1016.0,0.0,125.0,-1.6,2024-01-18T15:30:00,2024-01-18T20:30:00,1705609800.0,1.0,16.0,241.0,8.2,4.8,Scattered clouds,c02d,802.0,4951257.0,Somerville,US,42.3876,-71.0995,MA,994971-99999,America/New_York
2024-01-18 15:45:00,26.81373384863315,61.41050839366154,270.0,26.813733848633145,-6.7,232.8,44.0,-10.7,45.0,392.0,7.6,95.0,d,0.0,1014.0,2.1,50.0,1016.0,0.0,90.0,-1.6,2024-01-18T15:45:00,2024-01-18T20:45:00,1705610700.0,0.9,16.0,240.0,7.7,4.6,Broken clouds,c03d,803.0,4951257.0,Somerville,US,42.3876,-71.0995,MA,994971-99999,America/New_York
2024-01-18 16:00:00,17.77038832534943,69.85261560883006,269.9999987925817,17.770388325349433,-6.5,235.7,49.0,-10.4,38.0,326.0,5.5,60.0,d,0.0,1014.0,2.1,51.0,1016.0,0.0,55.0,-1.6,2024-01-18T16:00:00,2024-01-18T21:00:00,1705611600.0,0.8,16.0,238.0,7.2,4.4,Broken clouds,c03d,803.0,4951257.0,Somerville,US,42.3876,-71.0995,MA,994971-99999,America/New_York
2024-01-18 16:15:00,10.108066058830033,78.03249804069979,269.99999716835316,10.108066058830046,-6.3,238.2,54.0,-10.1,28.0,245.0,3.1,45.0,d,0.0,1014.0,2.1,52.0,1016.0,0.0,40.0,-1.6,2024-01-18T16:15:00,2024-01-18T21:15:00,1705612500.0,0.8,16.0,237.0,7.2,4.2,Broken clouds,c03n,803.0,4951257.0,Somerville,US,42.3876,-71.0995,MA,994971-99999,America/New_York
2024-01-18 16:30:00,3.356970416308272,85.8975774147516,269.99999076502604,3.3569704163083154,-6.1,240.8,60.0,-9.8,19.0,163.0,0.7,30.0,d,0.0,1014.0,2.1,53.0,1016.0,0.0,25.0,-1.5,2024-01-18T16:30:00,2024-01-18T21:30:00,1705613400.0,0.7,16.0,236.0,6.8,4.0,Broken clouds,c03n,803.0,4951257.0,Somerville,US,42.3876,-71.0995,MA,994971-99999,America/New_York
2024-01-18 16:45:00,,,,,-5.9,243.3,65.0,-9.5,9.0,82.0,-1.8,15.0,d,0.0,1014.0,2.1,54.0,1016.0,0.0,12.0,-1.4,2024-01-18T16:45:00,2024-01-18T21:45:00,1705614300.0,0.0,16.0,235.0,6.6,3.8,Broken clouds,c03n,803.0,4951257.0,Somerville,US,42.3876,-71.0995,MA,994971-99999,America/New_York
2024-01-18 17:00:00,,,,,-5.7,245.9,70.0,-9.2,0.0,0.0,-4.2,0.0,n,0.0,1014.0,2.1,55.0,1016.0,0.0,0.0,-1.4,2024-01-18T17:00:00,2024-01-18T22:00:00,1705615200.0,0.0,16.0,234.0,7.2,3.6,Broken clouds,c03n,803.0,4951257.0,Somerville,US,42.3876,-71.0995,MA,994971-99999,America/New_York
2024-01-18 17:15:00,,,,,-5.8,248.3,71.0,-9.0,0.0,0.0,-6.8,0.0,n,0.0,1014.0,2.1,56.0,1016.0,0.0,0.0,-1.4,2024-01-18T17:15:00,2024-01-18T22:15:00,1705616100.0,0.0,16.0,236.0,7.2,3.7,Overcast clouds,c04n,804.0,4951257.0,Somerville,US,42.3876,-71.0995,MA,994971-99999,America/New_York
2024-01-18 17:30:00,,,,,-5.9,250.6,72.0,-9.1,0.0,0.0,-9.4,0.0,n,0.0,1015.0,2.1,56.0,1017.0,0.0,0.0,-1.5,2024-01-18T17:30:00,2024-01-18T22:30:00,1705617000.0,0.0,16.0,238.0,6.6,3.8,Overcast clouds,c04n,804.0,4951257.0,Somerville,US,42.3876,-71.0995,MA,994971-99999,America/New_York
2024-01-18 17:45:00,,,,,-6.1,253.0,74.0,-9.1,0.0,0.0,-12.0,0.0,n,0.0,1015.0,2.1,56.0,1017.0,0.0,0.0,-1.5,2024-01-18T17:45:00,2024-01-18T22:45:00,1705617900.0,0.0,16.0,240.0,6.7,3.9,Overcast clouds,c04n,804.0,4951257.0,Somerville,US,42.3876,-71.0995,MA,994971-99999,America/New_York
2024-01-18 18:00:00,,,,,-6.2,255.4,75.0,-8.9,0.0,0.0,-14.6,0.0,n,0.0,1015.0,2.1,57.0,1017.0,0.0,0.0,-1.5,2024-01-18T18:00:00,2024-01-18T23:00:00,1705618800.0,0.0,16.0,242.0,6.8,4.0,Overcast clouds,c04n,804.0,4951257.0,Somerville,US,42.3876,-71.0995,MA,994971-99999,America/New_York
2024-01-18 18:15:00,,,,,-6.2,257.8,64.0,-9.0,0.0,0.0,-17.3,0.0,n,0.0,1015.0,2.1,57.0,1017.0,0.0,0.0,-1.6,2024-01-18T18:15:00,2024-01-18T23:15:00,1705619700.0,0.0,16.0,244.0,6.7,4.0,Broken clouds,c03n,803.0,4951257.0,Somerville,US,42.3876,-71.0995,MA,994971-99999,America/New_York
2024-01-18 18:30:00,,,,,-6.3,260.1,54.0,-8.8,0.0,0.0,-20.1,0.0,n,0.0,1015.0,2.1,58.0,1017.0,0.0,0.0,-1.6,2024-01-18T18:30:00,2024-01-18T23:30:00,1705620600.0,0.0,16.0,245.0,6.6,4.0,Broken clouds,c03n,803.0,4951257.0,Somerville,US,42.3876,-71.0995,MA,994971-99999,America/New_York
2024-01-18 18:45:00,,,,,-6.3,262.5,44.0,-8.8,0.0,0.0,-22.8,0.0,n,0.0,1014.0,2.1,58.0,1016.0,0.0,0.0,-1.7,2024-01-18T18:45:00,2024-01-18T23:45:00,1705621500.0,0.0,16.0,246.0,6.5,4.0,Broken clouds,c03n,803.0,4951257.0,Somerville,US,42.3876,-71.0995,MA,994971-99999,America/New_York
2024-01-18 19:00:00,,,,,-6.4,264.8,33.0,-8.9,0.0,0.0,-25.5,0.0,n,0.0,1014.0,2.1,58.0,1016.0,0.0,0.0,-1.7,2024-01-18T19:00:00,2024-01-19T00:00:00,1705622400.0,0.0,16.0,248.0,7.2,4.0,Scattered clouds,c02n,802.0,4951257.0,Somerville,US,42.3876,-71.0995,MA,994971-99999,America/New_York
2024-01-18 19:15:00,,,,,-6.5,267.4,41.0,-8.7,0.0,0.0,-28.3,0.0,n,0.0,1014.0,2.1,59.0,1016.0,0.0,0.0,-1.8,2024-01-18T19:15:00,2024-01-19T00:15:00,1705623300.0,0.0,16.0,249.0,6.4,4.0,Broken clouds,c03n,803.0,4951257.0,Somerville,US,42.3876,-71.0995,MA,994971-99999,America/New_York
2024-01-18 19:30:00,,,,,-6.6,269.9,48.0,-8.6,0.0,0.0,-31.0,0.0,n,0.0,1015.0,2.1,60.0,1017.0,0.0,0.0,-1.9,2024-01-18T19:30:00,2024-01-19T00:30:00,1705624200.0,0.0,16.0,250.0,6.4,4.0,Broken clouds,c03n,803.0,4951257.0,Somerville,US,42.3876,-71.0995,MA,994971-99999,America/New_York
2024-01-18 19:45:00,,,,,-6.7,272.4,56.0,-8.5,0.0,0.0,-33.8,0.0,n,0.0,1015.0,2.1,61.0,1017.0,0.0,0.0,-2.0,2024-01-18T19:45:00,2024-01-19T00:45:00,1705625100.0,0.0,16.0,251.0,6.4,4.0,Broken clouds,c03n,803.0,4951257.0,Somerville,US,42.3876,-71.0995,MA,994971-99999,America/New_York
2024-01-18 20:00:00,,,,,-6.9,275.0,64.0,-8.4,0.0,0.0,-36.6,0.0,n,0.0,1015.0,2.1,62.0,1017.0,0.0,0.0,-2.1,2024-01-18T20:00:00,2024-01-19T01:00:00,1705626000.0,0.0,16.0,252.0,6.4,4.0,Broken clouds,c03n,803.0,4951257.0,Somerville,US,42.3876,-71.0995,MA,994971-99999,America/New_York
2024-01-18 20:15:00,,,,,-6.8,278.0,71.0,-8.4,0.0,0.0,-39.3,0.0,n,0.0,1015.0,2.1,62.0,1017.0,0.0,0.0,-2.1,2024-01-18T20:15:00,2024-01-19T01:15:00,1705626900.0,0.0,16.0,254.0,6.4,3.9,Overcast clouds,c04n,804.0,4951257.0,Somerville,US,42.3876,-71.0995,MA,994971-99999,America/New_York
2024-01-18 20:30:00,,,,,-6.8,281.0,78.0,-8.4,0.0,0.0,-42.0,0.0,n,0.0,1015.0,2.1,62.0,1017.0,0.0,0.0,-2.1,2024-01-18T20:30:00,2024-01-19T01:30:00,1705627800.0,0.0,16.0,255.0,6.4,3.8,Overcast clouds,c04n,804.0,4951257.0,Somerville,US,42.3876,-71.0995,MA,994971-99999,America/New_York
2024-01-18 20:45:00,,,,,-6.7,284.0,85.0,-8.4,0.0,0.0,-44.7,0.0,n,0.0,1015.0,2.1,62.0,1017.0,0.0,0.0,-2.2,2024-01-18T20:45:00,2024-01-19T01:45:00,1705628700.0,0.0,16.0,256.0,6.4,3.7,Overcast clouds,c04n,804.0,4951257.0,Somerville,US,42.3876,-71.0995,MA,994971-99999,America/New_York
2024-01-18 21:00:00,,,,,-6.7,287.0,92.0,-8.5,0.0,0.0,-47.4,0.0,n,0.0,1015.0,2.1,62.0,1017.0,0.0,0.0,-2.2,2024-01-18T21:00:00,2024-01-19T02:00:00,1705629600.0,0.0,16.0,258.0,6.4,3.6,Overcast clouds,c04n,804.0,4951257.0,Somerville,US,42.3876,-71.0995,MA,994971-99999,America/New_York
2024-01-18 21:15:00,,,,,-6.7,291.1,92.0,-8.5,0.0,0.0,-49.9,0.0,n,0.0,1015.0,2.1,62.0,1017.0,0.0,0.0,-2.2,2024-01-18T21:15:00,2024-01-19T02:15:00,1705630500.0,0.0,16.0,258.0,6.3,3.6,Overcast clouds,c04n,804.0,4951257.0,Somerville,US,42.3876,-71.0995,MA,994971-99999,America/New_York
2024-01-18 21:30:00,,,,,-6.7,295.2,92.0,-8.3,0.0,0.0,-52.5,0.0,n,0.0,1015.0,2.1,63.0,1017.0,0.0,0.0,-2.2,2024-01-18T21:30:00,2024-01-19T02:30:00,1705631400.0,0.0,16.0,258.0,6.2,3.6,Overcast clouds,c04n,804.0,4951257.0,Somerville,US,42.3876,-71.0995,MA,994971-99999,America/New_York
2024-01-18 21:45:00,,,,,-6.7,299.2,91.0,-8.1,0.0,0.0,-55.0,0.0,n,0.0,1015.0,2.1,64.0,1017.0,0.0,0.0,-2.2,2024-01-18T21:45:00,2024-01-19T02:45:00,1705632300.0,0.0,16.0,258.0,6.1,3.6,Overcast clouds,c04n,804.0,4951257.0,Somerville,US,42.3876,-71.0995,MA,994971-99999,America/New_York
2024-01-18 22:00:00,,,,,-6.7,303.3,91.0,-8.1,0.0,0.0,-57.5,0.0,n,0.0,1015.0,2.1,64.0,1017.0,0.0,0.0,-2.2,2024-01-18T22:00:00,2024-01-19T03:00:00,1705633200.0,0.0,16.0,258.0,6.0,3.6,Overcast clouds,c04n,804.0,4951257.0,Somerville,US,42.3876,-71.0995,MA,994971-99999,America/New_York
2024-01-18 22:15:00,,,,,-6.6,309.5,91.0,-7.8,0.0,0.0,-59.4,0.0,n,0.0,1015.0,2.1,65.0,1017.0,0.0,0.0,-2.2,2024-01-18T22:15:00,2024-01-19T03:15:00,1705634100.0,0.0,16.0,259.0,5.9,3.5,Overcast clouds,c04n,804.0,4951257.0,Somerville,US,42.3876,-71.0995,MA,994971-99999,America/New_York
2024-01-18 22:30:00,,,,,-6.4,315.7,92.0,-7.6,0.0,0.0,-61.4,0.0,n,0.0,1015.0,2.1,66.0,1017.0,0.0,0.0,-2.1,2024-01-18T22:30:00,2024-01-19T03:30:00,1705635000.0,0.0,16.0,260.0,5.8,3.4,Overcast clouds,c04n,804.0,4951257.0,Somerville,US,42.3876,-71.0995,MA,994971-99999,America/New_York
2024-01-18 22:45:00,,,,,-6.3,321.9,92.0,-7.6,0.0,0.0,-63.3,0.0,n,0.0,1015.0,2.1,66.0,1017.0,0.0,0.0,-2.1,2024-01-18T22:45:00,2024-01-19T03:45:00,1705635900.0,0.0,16.0,261.0,5.7,3.3,Overcast clouds,c04n,804.0,4951257.0,Somerville,US,42.3876,-71.0995,MA,994971-99999,America/New_York
2024-01-18 23:00:00,,,,,-6.2,328.1,92.0,-7.4,0.0,0.0,-65.3,0.0,n,0.0,1015.0,2.1,67.0,1017.0,0.0,0.0,-2.1,2024-01-18T23:00:00,2024-01-19T04:00:00,1705636800.0,0.0,16.0,262.0,5.6,3.2,Overcast clouds,c04n,804.0,4951257.0,Somerville,US,42.3876,-71.0995,MA,994971-99999,America/New_York
2024-01-18 23:15:00,,,,,-6.1,246.9,90.0,-7.2,0.0,0.0,-66.0,0.0,n,0.0,1014.0,2.1,68.0,1016.0,0.0,0.0,-2.1,2024-01-18T23:15:00,2024-01-19T04:15:00,1705637700.0,0.0,16.0,264.0,5.5,3.1,Overcast clouds,c04n,804.0,4951257.0,Somerville,US,42.3876,-71.0995,MA,994971-99999,America/New_York
2024-01-18 23:30:00,,,,,-6.0,165.7,87.0,-7.2,0.0,0.0,-66.7,0.0,n,0.0,1014.0,2.1,68.0,1016.0,0.0,0.0,-2.1,2024-01-18T23:30:00,2024-01-19T04:30:00,1705638600.0,0.0,16.0,265.0,5.4,3.0,Overcast clouds,c04n,804.0,4951257.0,Somerville,US,42.3876,-71.0995,MA,994971-99999,America/New_York
2024-01-18 23:45:00,,,,,-5.9,84.5,84.0,-7.2,0.0,0.0,-67.4,0.0,n,0.0,1014.0,2.1,68.0,1016.0,0.0,0.0,-2.1,2024-01-18T23:45:00,2024-01-19T04:45:00,1705639500.0,0.0,16.0,266.0,5.3,2.9,Overcast clouds,c04n,804.0,4951257.0,Somerville,US,42.3876,-71.0995,MA,994971-99999,America/New_York
2024-01-19 00:00:00,,,,,-5.8,3.3,82.0,-7.0,0.0,0.0,-68.1,0.0,n,0.0,1014.0,2.1,69.0,1016.0,0.0,0.0,-2.1,2024-01-19T00:00:00,2024-01-19T05:00:00,1705640400.0,0.0,16.0,268.0,5.2,2.8,Overcast clouds,c04n,804.0,4951257.0,Somerville,US,42.3876,-71.0995,MA,994971-99999,America/New_York
2024-01-19 00:15:00,,,,,-5.9,11.8,73.0,-6.9,0.0,0.0,-67.1,0.0,n,0.0,1014.0,2.1,70.0,1016.0,0.0,0.0,-2.1,2024-01-19T00:15:00,2024-01-19T05:15:00,1705641300.0,0.0,16.0,269.0,5.2,2.8,Overcast clouds,c04n,804.0,4951257.0,Somerville,US,42.3876,-71.0995,MA,994971-99999,America/New_York
2024-01-19 00:30:00,,,,,-5.9,20.2,64.0,-6.7,0.0,0.0,-66.1,0.0,n,0.0,1013.0,2.1,71.0,1015.0,0.0,0.0,-2.2,2024-01-19T00:30:00,2024-01-19T05:30:00,1705642200.0,0.0,16.0,270.0,5.2,2.8,Broken clouds,c03n,803.0,4951257.0,Somerville,US,42.3876,-71.0995,MA,994971-99999,America/New_York
2024-01-19 00:45:00,,,,,-6.0,28.7,54.0,-6.6,0.0,0.0,-65.1,0.0,n,0.0,1013.0,2.1,72.0,1015.0,0.0,0.0,-2.3,2024-01-19T00:45:00,2024-01-19T05:45:00,1705643100.0,0.0,16.0,271.0,5.2,2.8,Broken clouds,c03n,803.0,4951257.0,Somerville,US,42.3876,-71.0995,MA,994971-99999,America/New_York
2024-01-19 01:00:00,,,,,-6.1,37.2,45.0,-6.5,0.0,0.0,-64.1,0.0,n,0.0,1013.0,2.1,73.0,1015.0,0.0,0.0,-2.3,2024-01-19T01:00:00,2024-01-19T06:00:00,1705644000.0,0.0,16.0,272.0,5.2,2.8,Broken clouds,c03n,803.0,4951257.0,Somerville,US,42.3876,-71.0995,MA,994971-99999,America/New_York
2024-01-19 01:15:00,,,,,-6.2,42.9,55.0,-6.3,0.0,0.0,-62.0,0.0,n,0.0,1013.0,2.1,74.0,1015.0,0.0,0.0,-2.3,2024-01-19T01:15:00,2024-01-19T06:15:00,1705644900.0,0.0,16.0,276.0,5.1,2.9,Broken clouds,c03n,803.0,4951257.0,Somerville,US,42.3876,-71.0995,MA,994971-99999,America/New_York
2024-01-19 01:30:00,,,,,-6.3,48.6,66.0,-6.3,0.0,0.0,-60.0,0.0,n,0.0,1013.0,2.1,74.0,1015.0,0.0,0.0,-2.3,2024-01-19T01:30:00,2024-01-19T06:30:00,1705645800.0,0.0,16.0,279.0,5.0,3.0,Broken clouds,c03n,803.0,4951257.0,Somerville,US,42.3876,-71.0995,MA,994971-99999,America/New_York
2024-01-19 01:45:00,,,,,-6.3,54.3,76.0,-6.3,0.0,0.0,-57.9,0.0,n,0.0,1013.0,2.1,74.0,1015.0,0.0,0.0,-2.3,2024-01-19T01:45:00,2024-01-19T06:45:00,1705646700.0,0.0,16.0,282.0,4.9,3.1,Overcast clouds,c04n,804.0,4951257.0,Somerville,US,42.3876,-71.0995,MA,994971-99999,America/New_York
2024-01-19 02:00:00,,,,,-6.4,60.0,86.0,-6.1,0.0,0.0,-55.8,0.0,n,0.0,1012.0,2.1,75.0,1014.0,0.0,0.0,-2.3,2024-01-19T02:00:00,2024-01-19T07:00:00,1705647600.0,0.0,16.0,286.0,4.8,3.2,Overcast clouds,c04n,804.0,4951257.0,Somerville,US,42.3876,-71.0995,MA,994971-99999,America/New_York
2024-01-19 02:15:00,,,,,-6.6,63.8,90.0,-6.2,0.0,0.0,-53.2,0.0,n,0.0,1012.0,2.1,75.0,1014.0,0.0,0.0,-2.4,2024-01-19T02:15:00,2024-01-19T07:15:00,1705648500.0,0.0,16.0,288.0,4.8,3.2,Overcast clouds,c04n,804.0,4951257.0,Somerville,US,42.3876,-71.0995,MA,994971-99999,America/New_York
2024-01-19 02:30:00,,,,,-6.7,67.6,93.0,-6.3,0.0,0.0,-50.6,0.0,n,0.0,1012.0,2.1,75.0,1014.0,0.0,0.0,-2.5,2024-01-19T02:30:00,2024-01-19T07:30:00,1705649400.0,0.0,16.0,290.0,4.8,3.2,Overcast clouds,c04n,804.0,4951257.0,Somerville,US,42.3876,-71.0995,MA,994971-99999,America/New_York
2024-01-19 02:45:00,,,,,-6.8,71.5,96.0,-6.4,0.0,0.0,-48.1,0.0,n,0.0,1012.0,2.1,75.0,1014.0,0.0,0.0,-2.6,2024-01-19T02:45:00,2024-01-19T07:45:00,1705650300.0,0.0,16.0,292.0,4.8,3.2,Overcast clouds,c04n,804.0,4951257.0,Somerville,US,42.3876,-71.0995,MA,994971-99999,America/New_York
2024-01-19 03:00:00,,,,,-6.9,75.3,100.0,-6.5,0.0,0.0,-45.5,0.0,n,0.0,1012.0,2.1,75.0,1014.0,0.0,0.0,-2.7,2024-01-19T03:00:00,2024-01-19T08:00:00,1705651200.0,0.0,16.0,294.0,4.8,3.2,Overcast clouds,c04n,804.0,4951257.0,Somerville,US,42.3876,-71.0995,MA,994971-99999,America/New_York
2024-01-19 03:15:00,,,,,-6.9,78.2,100.0,-6.4,0.0,0.0,-42.8,0.0,n,0.0,1012.0,2.1,76.0,1014.0,0.0,0.0,-2.8,2024-01-19T03:15:00,2024-01-19T08:15:00,1705652100.0,0.0,16.0,296.0,4.7,3.1,Overcast clouds,c04n,804.0,4951257.0,Somerville,US,42.3876,-71.0995,MA,994971-99999,America/New_York
2024-01-19 03:30:00,,,,,-6.9,81.1,100.0,-6.4,0.0,0.0,-40.0,0.0,n,0.0,1012.0,2.1,76.0,1014.0,0.0,0.0,-2.8,2024-01-19T03:30:00,2024-01-19T08:30:00,1705653000.0,0.0,16.0,298.0,4.6,3.0,Overcast clouds,c04n,804.0,4951257.0,Somerville,US,42.3876,-71.0995,MA,994971-99999,America/New_York
2024-01-19 03:45:00,,,,,-6.8,84.0,100.0,-6.5,0.0,0.0,-37.3,0.0,n,0.0,1012.0,2.1,76.0,1014.0,0.0,0.0,-2.9,2024-01-19T03:45:00,2024-01-19T08:45:00,1705653900.0,0.0,16.0,300.0,4.5,2.9,Overcast clouds,c04n,804.0,4951257.0,Somerville,US,42.3876,-71.0995,MA,994971-99999,America/New_York
2024-01-19 04:00:00,,,,,-6.8,86.9,100.0,-6.4,0.0,0.0,-34.6,0.0,n,0.0,1012.0,2.1,77.0,1014.0,0.0,0.0,-2.9,2024-01-19T04:00:00,2024-01-19T09:00:00,1705654800.0,0.0,16.0,302.0,4.4,2.8,Overcast clouds,c04n,804.0,4951257.0,Somerville,US,42.3876,-71.0995,MA,994971-99999,America/New_York
2024-01-19 04:15:00,,,,,-6.8,89.3,100.0,-6.4,0.0,0.0,-31.8,0.0,n,0.0,1011.0,2.1,77.0,1013.0,0.0,0.0,-2.9,2024-01-19T04:15:00,2024-01-19T09:15:00,1705655700.0,0.0,16.0,306.0,4.4,2.8,Overcast clouds,c04n,804.0,4951257.0,Somerville,US,42.3876,-71.0995,MA,994971-99999,America/New_York
2024-01-19 04:30:00,,,,,-6.8,91.8,100.0,-6.4,0.0,0.0,-29.0,0.0,n,0.0,1011.0,2.1,77.0,1013.0,0.0,0.0,-2.9,2024-01-19T04:30:00,2024-01-19T09:30:00,1705656600.0,0.0,16.0,311.0,4.4,2.8,Overcast clouds,c04n,804.0,4951257.0,Somerville,US,42.3876,-71.0995,MA,994971-99999,America/New_York
2024-01-19 04:45:00,,,,,-6.8,94.3,100.0,-6.4,0.0,0.0,-26.3,0.0,n,0.0,1011.0,2.1,77.0,1013.0,0.0,0.0,-2.9,2024-01-19T04:45:00,2024-01-19T09:45:00,1705657500.0,0.0,16.0,316.0,4.4,2.8,Overcast clouds,c04n,804.0,4951257.0,Somerville,US,42.3876,-71.0995,MA,994971-99999,America/New_York
2024-01-19 05:00:00,,,,,-6.8,96.8,100.0,-6.4,0.0,0.0,-23.5,0.0,n,0.0,1011.0,2.1,77.0,1013.0,0.0,0.0,-2.9,2024-01-19T05:00:00,2024-01-19T10:00:00,1705658400.0,0.0,16.0,320.0,4.4,2.8,Overcast clouds,c04n,804.0,4951257.0,Somerville,US,42.3876,-71.0995,MA,994971-99999,America/New_York
2024-01-19 05:15:00,,,,,-6.8,99.1,100.0,-6.2,0.0,0.0,-20.8,0.0,n,0.0,1011.0,2.1,78.0,1013.0,0.0,0.0,-3.0,2024-01-19T05:15:00,2024-01-19T10:15:00,1705659300.0,0.0,16.0,324.0,4.5,2.8,Overcast clouds,c04n,804.0,4951257.0,Somerville,US,42.3876,-71.0995,MA,994971-99999,America/New_York
2024-01-19 05:30:00,,,,,-6.9,101.5,100.0,-6.3,0.0,0.0,-18.1,0.0,n,0.0,1011.0,2.1,78.0,1013.0,0.0,0.0,-3.0,2024-01-19T05:30:00,2024-01-19T10:30:00,1705660200.0,0.0,16.0,328.0,4.6,2.8,Overcast clouds,c04n,804.0,4951257.0,Somerville,US,42.3876,-71.0995,MA,994971-99999,America/New_York
2024-01-19 05:45:00,,,,,-7.0,103.8,100.0,-6.3,0.0,0.0,-15.4,0.0,n,0.0,1011.0,2.1,78.0,1013.0,0.0,0.0,-3.0,2024-01-19T05:45:00,2024-01-19T10:45:00,1705661100.0,0.0,16.0,332.0,4.7,2.8,Overcast clouds,c04n,804.0,4951257.0,Somerville,US,42.3876,-71.0995,MA,994971-99999,America/New_York
2024-01-19 06:00:00,,,,,-7.0,106.2,100.0,-6.2,0.0,0.0,-12.7,0.0,n,0.0,1011.0,2.1,79.0,1013.0,0.0,0.0,-3.1,2024-01-19T06:00:00,2024-01-19T11:00:00,1705662000.0,0.0,16.0,336.0,4.8,2.8,Overcast clouds,c04n,804.0,4951257.0,Somerville,US,42.3876,-71.0995,MA,994971-99999,America/New_York
2024-01-19 06:15:00,,,,,-7.2,108.6,100.0,-6.5,0.0,0.0,-10.1,0.0,n,0.0,1011.0,2.1,78.0,1013.0,0.0,0.0,-3.2,2024-01-19T06:15:00,2024-01-19T11:15:00,1705662900.0,0.0,16.0,338.0,4.8,2.9,Overcast clouds,c04n,804.0,4951257.0,Somerville,US,42.3876,-71.0995,MA,994971-99999,America/New_York
2024-01-19 06:30:00,,,,,-7.5,111.0,100.0,-6.6,0.0,0.0,-7.5,0.0,n,0.0,1011.0,2.1,78.0,1013.0,0.0,0.0,-3.3,2024-01-19T06:30:00,2024-01-19T11:30:00,1705663800.0,0.0,16.0,340.0,4.8,3.0,Overcast clouds,c04n,804.0,4951257.0,Somerville,US,42.3876,-71.0995,MA,994971-99999,America/New_York
2024-01-19 06:45:00,,,,,-7.7,113.4,100.0,-6.7,0.0,0.0,-4.9,0.0,n,0.0,1011.0,2.1,78.0,1013.0,0.0,0.0,-3.4,2024-01-19T06:45:00,2024-01-19T11:45:00,1705664700.0,0.0,16.0,342.0,4.8,3.1,Overcast clouds,c04n,804.0,4951257.0,Somerville,US,42.3876,-71.0995,MA,994971-99999,America/New_York
2024-01-19 07:00:00,,,,,-7.9,115.8,100.0,-6.9,0.0,0.0,-2.3,0.0,n,0.0,1011.0,2.1,77.0,1013.0,0.0,0.0,-3.5,2024-01-19T07:00:00,2024-01-19T12:00:00,1705665600.0,0.0,16.0,344.0,4.8,3.2,Overcast clouds,c04n,804.0,4951257.0,Somerville,US,42.3876,-71.0995,MA,994971-99999,America/New_York
2024-01-19 07:15:00,-1.6711089178794936,87.93968413840163,90.00001349934664,1.6711089178795397,-8.1,118.4,100.0,-7.0,11.0,99.0,0.1,21.0,d,0.0,1010.0,2.1,77.0,1012.0,0.0,13.0,-3.6,2024-01-19T07:15:00,2024-01-19T12:15:00,1705666500.0,0.4,16.0,345.0,4.8,3.3,Overcast clouds,c04n,804.0,4951257.0,Somerville,US,42.3876,-71.0995,MA,994971-99999,America/New_York
2024-01-19 07:30:00,-8.185234266438187,80.19617452687262,90.0,8.185234266438187,-8.3,121.0,100.0,-7.1,22.0,199.0,2.5,43.0,d,0.0,1010.0,2.1,77.0,1012.0,0.0,26.0,-3.6,2024-01-19T07:30:00,2024-01-19T12:30:00,1705667400.0,0.4,16.0,346.0,4.8,3.4,Overcast clouds,c04n,804.0,4951257.0,Somerville,US,42.3876,-71.0995,MA,994971-99999,America/New_York
2024-01-19 07:45:00,-15.585793747885276,72.05391231453294,90.0000020913098,15.585793747885287,-8.4,123.6,100.0,-7.1,34.0,298.0,4.8,64.0,d,0.0,1010.0,2.1,77.0,1012.0,0.0,40.0,-3.7,2024-01-19T07:45:00,2024-01-19T12:45:00,1705668300.0,0.4,16.0,347.0,4.8,3.5,Overcast clouds,c04d,804.0,4951257.0,Somerville,US,42.3876,-71.0995,MA,994971-99999,America/New_York
2024-01-19 08:00:00,-24.177659876322075,63.65528709376484,90.0,24.17765987632207,-8.6,126.2,100.0,-7.2,45.0,398.0,7.2,86.0,d,0.0,1010.0,2.1,77.0,1012.0,0.0,54.0,-3.8,2024-01-19T08:00:00,2024-01-19T13:00:00,1705669200.0,0.4,16.0,348.0,4.8,3.6,Overcast clouds,c04d,804.0,4951257.0,Somerville,US,42.3876,-71.0995,MA,994971-99999,America/New_York
2024-01-19 08:15:00,-35.026702097682325,54.892396503119805,90.0,35.026702097682325,-8.6,129.1,100.0,-7.4,51.0,453.0,9.3,121.0,d,0.0,1010.0,2.1,76.0,1012.0,0.0,63.0,-3.8,2024-01-19T08:15:00,2024-01-19T13:15:00,1705670100.0,0.4,16.0,351.0,5.0,3.6,Overcast clouds,c04d,804.0,4951257.0,Somerville,US,42.3876,-71.0995,MA,994971-99999,America/New_York
2024-01-19 08:30:00,-52.36915402478093,45.489353702801424,90.0,52.36915402478093,-8.6,132.0,100.0,-7.4,57.0,509.0,11.3,156.0,d,0.0,1010.0,2.1,76.0,1012.0,0.0,73.0,-3.8,2024-01-19T08:30:00,2024-01-19T13:30:00,1705671000.0,0.4,16.0,354.0,5.2,3.6,Overcast clouds,c04d,804.0,4951257.0,Somerville,US,42.3876,-71.0995,MA,994971-99999,America/New_York
2024-01-19 08:45:00,-60.0,44.31202922945591,90.0,59.99999999999999,-8.6,134.9,100.0,-7.4,64.0,564.0,13.4,192.0,d,0.0,1010.0,2.1,76.0,1012.0,0.0,83.0,-3.8,2024-01-19T08:45:00,2024-01-19T13:45:00,1705671900.0,0.4,16.0,357.0,5.4,3.6,Overcast clouds,c04d,804.0,4951257.0,Somerville,US,42.3876,-71.0995,MA,994971-99999,America/New_York
2024-01-19 09:00:00,-60.0,46.009629155993466,90.0,59.99999999999999,-8.6,137.8,100.0,-7.6,70.0,619.0,15.5,227.0,d,0.0,1010.0,2.1,75.0,1012.0,0.0,93.0,-3.8,2024-01-19T09:00:00,2024-01-19T14:00:00,1705672800.0,0.5,16.0,360.0,5.6,3.6,Overcast clouds,c04d,804.0,4951257.0,Somerville,US,42.3876,-71.0995,MA,994971-99999,America/New_York
2024-01-19 09:15:00,-60.0,47.92727255432356,90.0,59.99999999999999,-8.6,141.1,100.0,-7.7,73.0,645.0,17.1,257.0,d,0.0,1010.0,2.1,74.0,1012.0,0.0,99.0,-3.7,2024-01-19T09:15:00,2024-01-19T14:15:00,1705673700.0,0.5,16.0,274.0,5.8,3.7,Overcast clouds,c04d,804.0,4951257.0,Somerville,US,42.3876,-71.0995,MA,994971-99999,America/New_York
2024-01-19 09:30:00,-59.617941728701894,50.038925453725824,90.0,59.617941728701894,-8.6,144.4,100.0,-7.6,77.0,670.0,18.7,287.0,d,0.0,1010.0,2.1,74.0,1012.0,0.0,106.0,-3.6,2024-01-19T09:30:00,2024-01-19T14:30:00,1705674600.0,0.5,16.0,188.0,6.0,3.8,Overcast clouds,c04d,804.0,4951257.0,Somerville,US,42.3876,-71.0995,MA,994971-99999,America/New_York
2024-01-19 09:45:00,-55.164471856854405,52.16611761937764,90.0,55.164471856854405,-8.6,147.7,100.0,-7.5,80.0,696.0,20.3,316.0,d,0.0,1009.0,2.1,74.0,1011.0,0.0,112.0,-3.6,2024-01-19T09:45:00,2024-01-19T14:45:00,1705675500.0,0.6,16.0,102.0,6.2,3.9,Overcast clouds,c04d,804.0,4951257.0,Somerville,US,42.3876,-71.0995,MA,994971-99999,America/New_York
2024-01-19 10:00:00,-50.35590949609955,54.17647846468515,90.0,50.35590949609955,-8.6,151.0,100.0,-7.6,84.0,721.0,21.9,346.0,d,0.0,1009.0,2.1,73.0,1011.0,0.0,119.0,-3.5,2024-01-19T10:00:00,2024-01-19T15:00:00,1705676400.0,0.6,16.0,16.0,6.4,4.0,Overcast clouds,c04d,804.0,4951257.0,Somerville,US,42.3876,-71.0995,MA,994971-99999,America/New_York
2024-01-19 10:15:00,-45.15227144132377,56.04579625740469,90.0,45.15227144132377,-8.2,154.7,100.0,-7.6,86.0,733.0,22.9,365.0,d,0.0,1009.0,2.1,72.0,1011.0,0.0,123.0,-3.3,2024-01-19T10:15:00,2024-01-19T15:15:00,1705677300.0,0.6,16.0,17.0,6.4,3.9,Overcast clouds,c04d,804.0,4951257.0,Somerville,US,42.3876,-71.0995,MA,994971-99999,America/New_York
2024-01-19 10:30:00,-39.519394901788274,57.74640250401119,90.0,39.519394901788274,-7.9,158.3,100.0,-7.7,87.0,745.0,24.0,384.0,d,0.0,1009.0,2.1,70.0,1011.0,0.0,125.0,-3.0,2024-01-19T10:30:00,2024-01-19T15:30:00,1705678200.0,0.7,16.0,18.0,6.4,3.8,Overcast clouds,c04d,804.0,4951257.0,Somerville,US,42.3876,-71.0995,MA,994971-99999,America/New_York
2024-01-19 10:45:00,-33.435707605039696,59.247506116573376,90.0,33.435707605039696,-7.5,162.0,100.0,-7.9,89.0,757.0,25.0,403.0,d,0.0,1009.0,2.1,68.0,1011.0,0.0,129.0,-2.8,2024-01-19T10:45:00,2024-01-19T15:45:00,1705679100.0,0.7,16.0,19.0,6.4,3.7,Overcast clouds,c04d,804.0,4951257.0,Somerville,US,42.3876,-71.0995,MA,994971-99999,America/New_York
2024-01-19 11:00:00,-26.90100087907065,60.516211326986905,90.0,26.901000879070654,-7.2,165.7,100.0,-7.9,91.0,769.0,26.0,422.0,d,0.0,1009.0,2.1,67.0,1011.0,0.0,133.0,-2.6,2024-01-19T11:00:00,2024-01-19T16:00:00,1705680000.0,0.7,16.0,20.0,6.4,3.6,Overcast clouds,c04d,804.0,4951257.0,Somerville,US,42.3876,-71.0995,MA,994971-99999,America/New_York
2024-01-19 11:15:00,-19.945943786999397,61.5194511905126,90.0,19.945943786999386,-6.8,169.6,100.0,-7.9,92.0,772.0,26.3,428.0,d,0.0,1008.0,2.1,66.0,1010.0,0.0,135.0,-2.5,2024-01-19T11:15:00,2024-01-19T16:15:00,1705680900.0,0.7,16.0,20.0,7.2,3.4,Overcast clouds,c04d,804.0,4951257.0,Somerville,US,42.3876,-71.0995,MA,994971-99999,America/New_York
2024-01-19 11:30:00,-12.6395335557743,62.22689806366899,90.0000020913098,12.639533555774308,-6.4,173.5,100.0,-8.2,92.0,776.0,26.7,433.0,d,0.0,1008.0,2.1,64.0,1010.0,0.0,135.0,-2.3,2024-01-19T11:30:00,2024-01-19T16:30:00,1705681800.0,0.7,16.0,20.0,6.4,3.2,Overcast clouds,c04d,804.0,4951257.0,Somerville,US,42.3876,-71.0995,MA,994971-99999,America/New_York
2024-01-19 11:45:00,-5.090517899014864,62.61454893371756,90.00000362225481,5.090517899014874,-6.1,177.4,100.0,-8.2,93.0,779.0,27.0,439.0,d,0.0,1007.0,2.1,63.0,1009.0,0.0,137.0,-2.1,2024-01-19T11:45:00,2024-01-19T16:45:00,1705682700.0,0.7,16.0,20.0,6.4,3.0,Overcast clouds,c04d,804.0,4951257.0,Somerville,US,42.3876,-71.0995,MA,994971-99999,America/New_York
2024-01-19 12:00:00,2.560534813381434,62.66820821579366,270.0,2.560534813381408,-5.7,181.4,100.0,-8.3,93.0,782.0,27.3,445.0,d,0.0,1007.0,2.1,62.0,1009.0,0.0,138.0,-2.0,2024-01-19T12:00:00,2024-01-19T17:00:00,1705683600.0,0.8,16.0,20.0,6.4,2.8,Overcast clouds,c04d,804.0,4951257.0,Somerville,US,42.3876,-71.0995,MA,994971-99999,America/New_York
2024-01-19 12:15:00,10.158558411304536,62.385828736496016,270.0,10.158558411304533,-5.7,185.3,100.0,-8.2,92.0,778.0,26.9,437.0,d,0.0,1007.0,2.1,62.0,1009.0,0.0,136.0,-1.9,2024-01-19T12:15:00,2024-01-19T17:15:00,1705684500.0,0.7,16.0,16.0,6.5,2.9,Overcast clouds,c04d,804.0,4951257.0,Somerville,US,42.3876,-71.0995,MA,994971-99999,America/New_York
2024-01-19 12:30:00,17.556097871910723,61.77786609992744,270.0,17.556097871910715,-5.8,189.2,100.0,-8.2,92.0,773.0,26.4,429.0,d,0.0,1006.0,2.1,62.0,1008.0,0.0,135.0,-1.9,2024-01-19T12:30:00,2024-01-19T17:30:00,1705685400.0,0.7,16.0,13.0,6.6,3.0,Overcast clouds,c04d,804.0,4951257.0,Somerville,US,42.3876,-71.0995,MA,994971-99999,America/New_York
2024-01-19 12:45:00,24.632866681667497,60.865508960479175,269.9999987925817,24.632866681667505,-5.8,193.1,99.0,-8.1,91.0,768.0,26.0,421.0,d,0.0,1006.0,2.1,62.0,1008.0,0.0,146.0,-1.9,2024-01-19T12:45:00,2024-01-19T17:45:00,1705686300.0,0.7,16.0,10.0,6.7,3.1,Overcast clouds,c04d,804.0,4951257.0,Somerville,US,42.3876,-71.0995,MA,994971-99999,America/New_York
2024-01-19 13:00:00,31.306900266261113,59.67744784889015,270.0,31.306900266261113,-5.8,197.0,99.0,-8.1,90.0,764.0,25.5,413.0,d,0.0,1006.0,2.1,62.0,1008.0,0.0,144.0,-1.8,2024-01-19T13:00:00,2024-01-19T18:00:00,1705687200.0,0.7,16.0,6.0,7.2,3.2,Overcast clouds,c04d,804.0,4951257.0,Somerville,US,42.3876,-71.0995,MA,994971-99999,America/New_York
2024-01-19 13:15:00,37.53587007622373,58.24621330995006,269.9999987925817,37.53587007622374,-6.0,200.6,99.0,-8.1,88.0,750.0,24.4,392.0,d,0.0,1005.0,2.1,62.0,1007.0,0.0,139.0,-1.8,2024-01-19T13:15:00,2024-01-19T18:15:00,1705688100.0,0.7,16.0,94.0,7.0,3.4,Overcast clouds,c04d,804.0,4951257.0,Somerville,US,42.3876,-71.0995,MA,994971-99999,America/New_York
2024-01-19 13:30:00,43.31111083442117,56.60500311007997,270.0,43.31111083442117,-6.1,204.2,100.0,-8.0,86.0,736.0,23.3,371.0,d,0.0,1005.0,2.1,62.0,1007.0,0.0,123.0,-1.8,2024-01-19T13:30:00,2024-01-19T18:30:00,1705689000.0,0.6,16.0,182.0,7.2,3.6,Overcast clouds,c04d,804.0,4951257.0,Somerville,US,42.3876,-71.0995,MA,994971-99999,America/New_York
2024-01-19 13:45:00,48.64838726958903,54.78541865416794,270.0,48.64838726958903,-6.2,207.8,100.0,-8.0,84.0,722.0,22.1,350.0,d,0.0,1005.0,2.1,62.0,1007.0,0.0,119.0,-1.7,2024-01-19T13:45:00,2024-01-19T18:45:00,1705689900.0,0.6,16.0,270.0,7.4,3.8,Overcast clouds,c04d,804.0,4951257.0,Somerville,US,42.3876,-71.0995,MA,994971-99999,America/New_York
2024-01-19 14:00:00,53.578677954044224,52.81618212981678,270.0,53.578677954044224,-6.4,211.4,100.0,-8.0,82.0,709.0,21.0,329.0,d,0.0,1005.0,2.1,62.0,1007.0,0.0,115.0,-1.7,2024-01-19T14:00:00,2024-01-19T19:00:00,1705690800.0,0.6,16.0,358.0,7.2,4.0,Overcast clouds,c04d,804.0,4951257.0,Somerville,US,42.3876,-71.0995,MA,994971-99999,America/New_York
2024-01-19 14:15:00,58.14070547228424,50.722608404323246,270.0,58.14070547228424,-6.4,214.7,100.0,-8.0,78.0,680.0,19.3,298.0,d,0.0,1005.0,2.1,62.0,1007.0,0.0,108.0,-1.7,2024-01-19T14:15:00,2024-01-19T19:15:00,1705691700.0,0.5,16.0,356.0,7.2,4.0,Overcast clouds,c04d,804.0,4951257.0,Somerville,US,42.3876,-71.0995,MA,994971-99999,America/New_York
2024-01-19 14:30:00,60.0,48.57010036268041,270.0,59.99999999999999,-6.4,217.9,100.0,-8.0,74.0,651.0,17.6,267.0,d,0.0,1004.0,2.1,62.0,1006.0,0.0,101.0,-1.7,2024-01-19T14:30:00,2024-01-19T19:30:00,1705692600.0,0.5,16.0,355.0,7.8,4.0,Overcast clouds,c04d,804.0,4951257.0,Somerville,US,42.3876,-71.0995,MA,994971-99999,America/New_York
2024-01-19 14:45:00,60.0,46.579714225087564,270.0,59.99999999999999,-6.4,221.1,100.0,-8.0,71.0,623.0,15.9,235.0,d,0.0,1004.0,2.1,62.0,1006.0,0.0,95.0,-1.7,2024-01-19T14:45:00,2024-01-19T19:45:00,1705693500.0,0.5,16.0,354.0,7.9,4.0,Overcast clouds,c04d,804.0,4951257.0,Somerville,US,42.3876,-71.0995,MA,994971-99999,America/New_York
2024-01-19 15:00:00,60.0,44.800738082915785,270.0,59.99999999999999,-6.4,224.4,100.0,-8.0,67.0,594.0,14.2,204.0,d,0.0,1004.0,2.1,62.0,1006.0,0.0,87.0,-1.7,2024-01-19T15:00:00,2024-01-19T20:00:00,1705694400.0,0.4,16.0,352.0,8.0,4.0,Overcast clouds,c04d,804.0,4951257.0,Somerville,US,42.3876,-71.0995,MA,994971-99999,America/New_York
2024-01-19 15:15:00,60.0,43.25870716662128,270.0,59.99999999999999,-6.7,227.2,100.0,-8.2,60.0,529.0,12.1,169.0,d,0.0,1004.0,2.1,62.0,1006.0,0.0,77.0,-1.9,2024-01-19T15:15:00,2024-01-19T20:15:00,1705695300.0,0.4,16.0,348.0,7.2,4.1,Overcast clouds,c04d,804.0,4951257.0,Somerville,US,42.3876,-71.0995,MA,994971-99999,America/New_York
2024-01-19 15:30:00,39.83503639953898,51.65220821431422,270.0,39.83503639953898,-7.1,230.1,100.0,-8.4,53.0,465.0,9.9,133.0,d,0.0,1004.0,2.1,62.0,1006.0,0.0,66.0,-2.1,2024-01-19T15:30:00,2024-01-19T20:30:00,1705696200.0,0.4,16.0,345.0,7.8,4.2,Overcast clouds,c04d,804.0,4951257.0,Somerville,US,42.3876,-71.0995,MA,994971-99999,America/New_York
2024-01-19 15:45:00,27.62591423329937,60.598805290203586,270.0,27.62591423329937,-7.4,232.9,100.0,-8.6,46.0,400.0,7.8,98.0,d,0.0,1004.0,2.1,62.0,1006.0,0.0,56.0,-2.4,2024-01-19T15:45:00,2024-01-19T20:45:00,1705697100.0,0.4,16.0,342.0,7.7,4.3,Overcast clouds,c04d,804.0,4951257.0,Somerville,US,42.3876,-71.0995,MA,994971-99999,America/New_York
2024-01-19 16:00:00,18.43845683957818,69.10522007880587,270.0,18.43845683957818,-7.8,235.7,100.0,-8.9,39.0,336.0,5.7,63.0,d,0.0,1004.0,2.1,62.0,1006.0,0.0,45.0,-2.6,2024-01-19T16:00:00,2024-01-19T21:00:00,1705698000.0,0.4,16.0,338.0,7.2,4.4,Overcast clouds,c04d,804.0,4951257.0,Somerville,US,42.3876,-71.0995,MA,994971-99999,America/New_York
2024-01-19 16:15:00,10.693952037423415,77.33584638492476,269.9999982924527,10.693952037423418,-7.8,238.3,100.0,-9.1,29.0,252.0,3.3,47.0,d,0.0,1004.0,2.1,61.0,1006.0,0.0,34.0,-2.6,2024-01-19T16:15:00,2024-01-19T21:15:00,1705698900.0,0.4,16.0,335.0,7.2,4.3,Overcast clouds,c04n,804.0,4951257.0,Somerville,US,42.3876,-71.0995,MA,994971-99999,America/New_York
2024-01-19 16:30:00,3.8731921293424847,85.26350895208506,270.0,3.87319212934245,-7.7,240.9,100.0,-9.4,19.0,168.0,0.9,31.0,d,0.0,1004.0,2.1,60.0,1006.0,0.0,22.0,-2.7,2024-01-19T16:30:00,2024-01-19T21:30:00,1705699800.0,0.4,16.0,332.0,8.0,4.2,Overcast clouds,c04n,804.0,4951257.0,Somerville,US,42.3876,-71.0995,MA,994971-99999,America/New_York
2024-01-19 16:45:00,,,,,-7.7,243.4,100.0,-9.6,10.0,84.0,-1.6,16.0,d,0.0,1003.0,2.1,59.0,1005.0,0.0,12.0,-2.8,2024-01-19T16:45:00,2024-01-19T21:45:00,1705700700.0,0.0,16.0,329.0,8.2,4.1,Overcast clouds,c04n,804.0,4951257.0,Somerville,US,42.3876,-71.0995,MA,994971-99999,America/New_York
2024-01-19 17:00:00,,,,,-7.7,246.0,100.0,-9.9,0.0,0.0,-4.0,0.0,n,0.0,1003.0,2.1,58.0,1005.0,0.0,0.0,-2.8,2024-01-19T17:00:00,2024-01-19T22:00:00,1705701600.0,0.0,16.0,326.0,8.4,4.0,Overcast clouds,c04n,804.0,4951257.0,Somerville,US,42.3876,-71.0995,MA,994971-99999,America/New_York
2024-01-19 17:15:00,,,,,-7.9,248.4,100.0,-9.9,0.0,0.0,-6.6,0.0,n,0.0,1003.0,2.1,58.0,1005.0,0.0,0.0,-2.8,2024-01-19T17:15:00,2024-01-19T22:15:00,1705702500.0,0.0,16.0,326.0,8.8,4.2,Overcast clouds,c04n,804.0,4951257.0,Somerville,US,42.3876,-71.0995,MA,994971-99999,America/New_York
2024-01-19 17:30:00,,,,,-8.1,250.7,100.0,-10.0,0.0,0.0,-9.2,0.0,n,0.0,1003.0,2.1,58.0,1005.0,0.0,0.0,-2.9,2024-01-19T17:30:00,2024-01-19T22:30:00,1705703400.0,0.0,16.0,325.0,9.2,4.4,Overcast clouds,c04n,804.0,4951257.0,Somerville,US,42.3876,-71.0995,MA,994971-99999,America/New_York
2024-01-19 17:45:00,,,,,-8.3,253.1,100.0,-10.0,0.0,0.0,-11.8,0.0,n,0.0,1003.0,2.1,58.0,1005.0,0.0,0.0,-3.0,2024-01-19T17:45:00,2024-01-19T22:45:00,1705704300.0,0.0,16.0,324.0,9.6,4.6,Overcast clouds,c04n,804.0,4951257.0,Somerville,US,42.3876,-71.0995,MA,994971-99999,America/New_York
2024-01-19 18:00:00,,,,,-8.5,255.5,100.0,-10.1,0.0,0.0,-14.4,0.0,n,0.0,1004.0,2.1,58.0,1006.0,0.0,0.0,-3.0,2024-01-19T18:00:00,2024-01-19T23:00:00,1705705200.0,0.0,16.0,324.0,10.0,4.8,Overcast clouds,c04n,804.0,4951257.0,Somerville,US,42.3876,-71.0995,MA,994971-99999,America/New_York
2024-01-19 18:15:00,,,,,-8.9,257.9,100.0,-10.5,0.0,0.0,-17.1,0.0,n,0.0,1004.0,2.1,57.0,1006.0,0.0,0.0,-3.2,2024-01-19T18:15:00,2024-01-19T23:15:00,1705706100.0,0.0,16.0,324.0,7.7,4.9,Overcast clouds,c04n,804.0,4951257.0,Somerville,US,42.3876,-71.0995,MA,994971-99999,America/New_York
2024-01-19 18:30:00,,,,,-9.2,260.2,100.0,-10.9,0.0,0.0,-19.9,0.0,n,0.0,1004.0,2.1,56.0,1006.0,0.0,0.0,-3.4,2024-01-19T18:30:00,2024-01-19T23:30:00,1705707000.0,0.0,16.0,324.0,10.4,5.0,Overcast clouds,c04n,804.0,4951257.0,Somerville,US,42.3876,-71.0995,MA,994971-99999,America/New_York
2024-01-19 18:45:00,,,,,-9.5,262.6,100.0,-11.1,0.0,0.0,-22.6,0.0,n,0.0,1004.0,2.1,56.0,1006.0,0.0,0.0,-3.6,2024-01-19T18:45:00,2024-01-19T23:45:00,1705707900.0,0.0,16.0,324.0,10.6,5.1,Overcast clouds,c04n,804.0,4951257.0,Somerville,US,42.3876,-71.0995,MA,994971-99999,America/New_York
2024-01-19 19:00:00,,,,,-9.8,265.0,100.0,-11.5,0.0,0.0,-25.3,0.0,n,0.0,1004.0,2.1,55.0,1006.0,0.0,0.0,-3.8,2024-01-19T19:00:00,2024-01-20T00:00:00,1705708800.0,0.0,16.0,324.0,7.7,5.2,Overcast clouds,c04n,804.0,4951257.0,Somerville,US,42.3876,-71.0995,MA,994971-99999,America/New_York
2024-01-19 19:15:00,,,,,-10.0,267.5,100.0,-11.6,0.0,0.0,-28.1,0.0,n,0.0,1004.0,2.1,55.0,1006.0,0.0,0.0,-3.9,2024-01-19T19:15:00,2024-01-20T00:15:00,1705709700.0,0.0,16.0,322.0,7.7,5.3,Overcast clouds,c04n,804.0,4951257.0,Somerville,US,42.3876,-71.0995,MA,994971-99999,America/New_York
2024-01-19 19:30:00,,,,,-10.2,270.1,100.0,-12.0,0.0,0.0,-30.9,0.0,n,0.0,1004.0,2.1,54.0,1006.0,0.0,0.0,-4.0,2024-01-19T19:30:00,2024-01-20T00:30:00,1705710600.0,0.0,16.0,320.0,10.8,5.4,Overcast clouds,c04n,804.0,4951257.0,Somerville,US,42.3876,-71.0995,MA,994971-99999,America/New_York
2024-01-19 19:45:00,,,,,-10.4,272.6,100.0,-12.1,0.0,0.0,-33.6,0.0,n,0.0,1004.0,2.1,54.0,1006.0,0.0,0.0,-4.2,2024-01-19T19:45:00,2024-01-20T00:45:00,1705711500.0,0.0,16.0,318.0,10.8,5.5,Overcast clouds,c04n,804.0,4951257.0,Somerville,US,42.3876,-71.0995,MA,994971-99999,America/New_York
2024-01-19 20:00:00,,,,,-10.7,275.1,100.0,-12.2,0.0,0.0,-36.4,0.0,n,0.0,1004.0,2.1,54.0,1006.0,0.0,0.0,-4.3,2024-01-19T20:00:00,2024-01-20T01:00:00,1705712400.0,0.0,16.0,316.0,10.8,5.6,Overcast clouds,c04n,804.0,4951257.0,Somerville,US,42.3876,-71.0995,MA,994971-99999,America/New_York
2024-01-19 20:15:00,,,,,-10.8,278.1,100.0,-12.3,0.0,0.0,-39.1,0.0,n,0.0,1004.0,2.1,54.0,1006.0,0.0,0.0,-4.4,2024-01-19T20:15:00,2024-01-20T01:15:00,1705713300.0,0.0,16.0,315.0,10.7,5.6,Overcast clouds,c04n,804.0,4951257.0,Somerville,US,42.3876,-71.0995,MA,994971-99999,America/New_York
2024-01-19 20:30:00,,,,,-11.0,281.2,100.0,-12.4,0.0,0.0,-41.8,0.0,n,0.0,1004.0,2.1,54.0,1006.0,0.0,0.0,-4.5,2024-01-19T20:30:00,2024-01-20T01:30:00,1705714200.0,0.0,16.0,314.0,10.6,5.6,Overcast clouds,c04n,804.0,4951257.0,Somerville,US,42.3876,-71.0995,MA,994971-99999,America/New_York
2024-01-19 20:45:00,,,,,-11.1,284.2,100.0,-12.5,0.0,0.0,-44.5,0.0,n,0.0,1004.0,2.1,54.0,1006.0,0.0,0.0,-4.7,2024-01-19T20:45:00,2024-01-20T01:45:00,1705715100.0,0.0,16.0,313.0,10.5,5.6,Overcast clouds,c04n,804.0,4951257.0,Somerville,US,42.3876,-71.0995,MA,994971-99999,America/New_York
2024-01-19 21:00:00,,,,,-11.3,287.2,100.0,-12.7,0.0,0.0,-47.3,0.0,n,0.0,1004.0,2.1,54.0,1006.0,0.0,0.0,-4.8,2024-01-19T21:00:00,2024-01-20T02:00:00,1705716000.0,0.0,16.0,312.0,10.4,5.6,Overcast clouds,c04n,804.0,4951257.0,Somerville,US,42.3876,-71.0995,MA,994971-99999,America/New_York
2024-01-19 21:15:00,,,,,-11.5,291.3,100.0,-12.8,0.0,0.0,-49.8,0.0,n,0.0,1004.0,2.1,54.0,1006.0,0.0,0.0,-4.9,2024-01-19T21:15:00,2024-01-20T02:15:00,1705716900.0,0.0,16.0,312.0,10.4,5.6,Overcast clouds,c04n,804.0,4951257.0,Somerville,US,42.3876,-71.0995,MA,994971-99999,America/New_York
2024-01-19 21:30:00,,,,,-11.6,295.3,100.0,-12.7,0.0,0.0,-52.3,0.0,n,0.0,1004.0,2.1,55.0,1006.0,0.0,0.0,-5.0,2024-01-19T21:30:00,2024-01-20T02:30:00,1705717800.0,0.0,16.0,312.0,10.4,5.6,Overcast clouds,c04n,804.0,4951257.0,Somerville,US,42.3876,-71.0995,MA,994971-99999,America/New_York
2024-01-19 21:45:00,,,,,-11.8,299.4,100.0,-12.6,0.0,0.0,-54.8,0.0,n,0.0,1004.0,2.1,56.0,1006.0,0.0,0.0,-5.2,2024-01-19T21:45:00,2024-01-20T02:45:00,1705718700.0,0.0,16.0,312.0,10.4,5.6,Overcast clouds,c04n,804.0,4951257.0,Somerville,US,42.3876,-71.0995,MA,994971-99999,America/New_York
2024-01-19 22:00:00,,,,,-11.9,303.5,100.0,-12.7,0.0,0.0,-57.3,0.0,n,0.0,1004.0,2.1,56.0,1006.0,0.0,0.0,-5.3,2024-01-19T22:00:00,2024-01-20T03:00:00,1705719600.0,0.0,16.0,312.0,10.4,5.6,Overcast clouds,c04n,804.0,4951257.0,Somerville,US,42.3876,-71.0995,MA,994971-99999,America/New_York
2024-01-19 22:15:00,,,,,-12.1,309.6,100.0,-12.8,0.0,0.0,-59.2,0.0,n,0.0,1004.0,2.1,56.0,1006.0,0.0,0.0,-5.4,2024-01-19T22:15:00,2024-01-20T03:15:00,1705720500.0,0.0,16.0,312.0,10.4,5.7,Overcast clouds,c04n,804.0,4951257.0,Somerville,US,42.3876,-71.0995,MA,994971-99999,America/New_York
2024-01-19 22:30:00,,,,,-12.4,315.8,100.0,-12.9,0.0,0.0,-61.2,0.0,n,0.0,1004.0,2.1,56.0,1006.0,0.0,0.0,-5.5,2024-01-19T22:30:00,2024-01-20T03:30:00,1705721400.0,0.0,16.0,313.0,10.4,5.8,Overcast clouds,c04n,804.0,4951257.0,Somerville,US,42.3876,-71.0995,MA,994971-99999,America/New_York
2024-01-19 22:45:00,,,,,-12.6,322.0,100.0,-13.2,0.0,0.0,-63.1,0.0,n,0.0,1004.0,2.1,55.0,1006.0,0.0,0.0,-5.7,2024-01-19T22:45:00,2024-01-20T03:45:00,1705722300.0,0.0,16.0,314.0,10.4,5.9,Overcast clouds,c04n,804.0,4951257.0,Somerville,US,42.3876,-71.0995,MA,994971-99999,America/New_York
2024-01-19 23:00:00,,,,,-12.8,328.1,100.0,-13.4,0.0,0.0,-65.1,0.0,n,0.0,1004.0,2.1,55.0,1006.0,0.0,0.0,-5.8,2024-01-19T23:00:00,2024-01-20T04:00:00,1705723200.0,0.0,16.0,314.0,10.4,6.0,Overcast clouds,c04n,804.0,4951257.0,Somerville,US,42.3876,-71.0995,MA,994971-99999,America/New_York
2024-01-19 23:15:00,,,,,-13.1,246.9,100.0,-13.5,0.0,0.0,-65.8,0.0,n,0.0,1004.0,2.1,55.0,1006.0,0.0,0.0,-6.0,2024-01-19T23:15:00,2024-01-20T04:15:00,1705724100.0,0.0,16.0,314.0,10.4,6.1,Overcast clouds,c04n,804.0,4951257.0,Somerville,US,42.3876,-71.0995,MA,994971-99999,America/New_York
2024-01-19 23:30:00,,,,,-13.3,165.6,100.0,-13.6,0.0,0.0,-66.5,0.0,n,0.0,1004.0,2.1,55.0,1006.0,0.0,0.0,-6.1,2024-01-19T23:30:00,2024-01-20T04:30:00,1705725000.0,0.0,16.0,315.0,10.4,6.2,Overcast clouds,c04n,804.0,4951257.0,Somerville,US,42.3876,-71.0995,MA,994971-99999,America/New_York
2024-01-19 23:45:00,,,,,-13.6,84.4,100.0,-13.8,0.0,0.0,-67.2,0.0,n,0.0,1004.0,2.1,55.0,1006.0,0.0,0.0,-6.3,2024-01-19T23:45:00,2024-01-20T04:45:00,1705725900.0,0.0,16.0,316.0,10.4,6.3,Overcast clouds,c04n,804.0,4951257.0,Somerville,US,42.3876,-71.0995,MA,994971-99999,America/New_York
2024-01-20 00:00:00,,,,,-13.8,3.1,100.0,-13.9,0.0,0.0,-67.9,0.0,n,0.0,1004.0,2.1,55.0,1006.0,0.0,0.0,-6.4,2024-01-20T00:00:00,2024-01-20T05:00:00,1705726800.0,0.0,16.0,316.0,10.4,6.4,Overcast clouds,c04n,804.0,4951257.0,Somerville,US,42.3876,-71.0995,MA,994971-99999,America/New_York
2024-01-20 00:15:00,,,,,-14.0,11.5,100.0,-13.9,0.0,0.0,-66.9,0.0,n,0.0,1004.0,2.1,56.0,1006.0,0.0,0.0,-6.6,2024-01-20T00:15:00,2024-01-20T05:15:00,1705727700.0,0.0,16.0,316.0,10.3,6.3,Overcast clouds,c04n,804.0,4951257.0,Somerville,US,42.3876,-71.0995,MA,994971-99999,America/New_York
2024-01-20 00:30:00,,,,,-14.2,20.0,100.0,-14.1,0.0,0.0,-65.9,0.0,n,0.0,1004.0,2.1,56.0,1006.0,0.0,0.0,-6.8,2024-01-20T00:30:00,2024-01-20T05:30:00,1705728600.0,0.0,16.0,315.0,10.2,6.2,Overcast clouds,c04n,804.0,4951257.0,Somerville,US,42.3876,-71.0995,MA,994971-99999,America/New_York
2024-01-20 00:45:00,,,,,-14.4,28.4,100.0,-14.3,0.0,0.0,-65.0,0.0,n,0.0,1004.0,2.1,56.0,1006.0,0.0,0.0,-7.0,2024-01-20T00:45:00,2024-01-20T05:45:00,1705729500.0,0.0,16.0,314.0,10.1,6.1,Overcast clouds,c04n,804.0,4951257.0,Somerville,US,42.3876,-71.0995,MA,994971-99999,America/New_York
2024-01-20 01:00:00,,,,,-14.6,36.8,100.0,-14.2,0.0,0.0,-64.0,0.0,n,0.0,1004.0,2.1,57.0,1006.0,0.0,0.0,-7.2,2024-01-20T01:00:00,2024-01-20T06:00:00,1705730400.0,0.0,16.0,314.0,10.0,6.0,Overcast clouds,c04n,804.0,4951257.0,Somerville,US,42.3876,-71.0995,MA,994971-99999,America/New_York
2024-01-20 01:15:00,,,,,-14.8,42.5,100.0,-14.4,0.0,0.0,-61.9,0.0,n,0.0,1004.0,2.1,57.0,1006.0,0.0,0.0,-7.4,2024-01-20T01:15:00,2024-01-20T06:15:00,1705731300.0,0.0,16.0,314.0,10.3,6.0,Overcast clouds,c04n,804.0,4951257.0,Somerville,US,42.3876,-71.0995,MA,994971-99999,America/New_York
2024-01-20 01:30:00,,,,,-15.1,48.2,100.0,-14.6,0.0,0.0,-59.8,0.0,n,0.0,1004.0,2.1,57.0,1006.0,0.0,0.0,-7.6,2024-01-20T01:30:00,2024-01-20T06:30:00,1705732200.0,0.0,16.0,313.0,10.6,6.0,Overcast clouds,c04n,804.0,4951257.0,Somerville,US,42.3876,-71.0995,MA,994971-99999,America/New_York
2024-01-20 01:45:00,,,,,-15.4,53.9,100.0,-14.8,0.0,0.0,-57.7,0.0,n,0.0,1004.0,2.1,57.0,1006.0,0.0,0.0,-7.8,2024-01-20T01:45:00,2024-01-20T06:45:00,1705733100.0,0.0,16.0,312.0,10.9,6.0,Overcast clouds,c04n,804.0,4951257.0,Somerville,US,42.3876,-71.0995,MA,994971-99999,America/New_York
2024-01-20 02:00:00,,,,,-15.6,59.7,100.0,-15.0,0.0,0.0,-55.7,0.0,n,0.0,1005.0,2.1,57.0,1007.0,0.0,0.0,-8.0,2024-01-20T02:00:00,2024-01-20T07:00:00,1705734000.0,0.0,16.0,312.0,11.2,6.0,Overcast clouds,c04n,804.0,4951257.0,Somerville,US,42.3876,-71.0995,MA,994971-99999,America/New_York
2024-01-20 02:15:00,,,,,-15.7,63.5,100.0,-14.8,0.0,0.0,-53.1,0.0,n,0.0,1005.0,2.1,58.0,1007.0,0.0,0.0,-8.1,2024-01-20T02:15:00,2024-01-20T07:15:00,1705734900.0,0.0,16.0,312.0,11.2,6.0,Overcast clouds,c04n,804.0,4951257.0,Somerville,US,42.3876,-71.0995,MA,994971-99999,America/New_York
2024-01-20 02:30:00,,,,,-15.8,67.3,100.0,-14.9,0.0,0.0,-50.5,0.0,n,0.0,1005.0,2.1,58.0,1007.0,0.0,0.0,-8.1,2024-01-20T02:30:00,2024-01-20T07:30:00,1705735800.0,0.0,16.0,312.0,11.2,6.0,Overcast clouds,c04n,804.0,4951257.0,Somerville,US,42.3876,-71.0995,MA,994971-99999,America/New_York
2024-01-20 02:45:00,,,,,-15.9,71.1,100.0,-14.8,0.0,0.0,-48.0,0.0,n,0.0,1005.0,2.1,59.0,1007.0,0.0,0.0,-8.2,2024-01-20T02:45:00,2024-01-20T07:45:00,1705736700.0,0.0,16.0,312.0,11.2,6.0,Overcast clouds,c04n,804.0,4951257.0,Somerville,US,42.3876,-71.0995,MA,994971-99999,America/New_York
2024-01-20 03:00:00,,,,,-15.9,75.0,100.0,-14.6,0.0,0.0,-45.4,0.0,n,0.0,1005.0,2.1,60.0,1007.0,0.0,0.0,-8.3,2024-01-20T03:00:00,2024-01-20T08:00:00,1705737600.0,0.0,16.0,312.0,11.2,6.0,Overcast clouds,c04n,804.0,4951257.0,Somerville,US,42.3876,-71.0995,MA,994971-99999,America/New_York
2024-01-20 03:15:00,,,,,-16.0,77.9,100.0,-14.7,0.0,0.0,-42.7,0.0,n,0.0,1005.0,2.1,60.0,1007.0,0.0,0.0,-8.3,2024-01-20T03:15:00,2024-01-20T08:15:00,1705738500.0,0.0,16.0,312.0,11.2,6.0,Overcast clouds,c04n,804.0,4951257.0,Somerville,US,42.3876,-71.0995,MA,994971-99999,America/New_York
2024-01-20 03:30:00,,,,,-16.1,80.8,100.0,-14.8,0.0,0.0,-40.0,0.0,n,0.0,1005.0,2.1,60.0,1007.0,0.0,0.0,-8.4,2024-01-20T03:30:00,2024-01-20T08:30:00,1705739400.0,0.0,16.0,311.0,11.2,6.0,Overcast clouds,c04n,804.0,4951257.0,Somerville,US,42.3876,-71.0995,MA,994971-99999,America/New_York
2024-01-20 03:45:00,,,,,-16.2,83.7,99.0,-14.8,0.0,0.0,-37.2,0.0,n,0.0,1005.0,2.1,60.0,1007.0,0.0,0.0,-8.5,2024-01-20T03:45:00,2024-01-20T08:45:00,1705740300.0,0.0,16.0,310.0,11.2,6.0,Overcast clouds,c04n,804.0,4951257.0,Somerville,US,42.3876,-71.0995,MA,994971-99999,America/New_York
2024-01-20 04:00:00,,,,,-16.3,86.6,99.0,-14.9,0.0,0.0,-34.5,0.0,n,0.0,1005.0,2.1,60.0,1007.0,0.0,0.0,-8.6,2024-01-20T04:00:00,2024-01-20T09:00:00,1705741200.0,0.0,16.0,310.0,11.2,6.0,Overcast clouds,c04n,804.0,4951257.0,Somerville,US,42.3876,-71.0995,MA,994971-99999,America/New_York
2024-01-20 04:15:00,,,,,-16.3,89.1,98.0,-14.8,0.0,0.0,-31.7,0.0,n,0.0,1005.0,2.1,61.0,1007.0,0.0,0.0,-8.6,2024-01-20T04:15:00,2024-01-20T09:15:00,1705742100.0,0.0,16.0,309.0,11.2,5.8,Overcast clouds,c04n,804.0,4951257.0,Somerville,US,42.3876,-71.0995,MA,994971-99999,America/New_York
2024-01-20 04:30:00,,,,,-16.2,91.6,96.0,-14.6,0.0,0.0,-29.0,0.0,n,0.0,1005.0,2.1,62.0,1007.0,0.0,0.0,-8.7,2024-01-20T04:30:00,2024-01-20T09:30:00,1705743000.0,0.0,16.0,308.0,11.2,5.6,Overcast clouds,c04n,804.0,4951257.0,Somerville,US,42.3876,-71.0995,MA,994971-99999,America/New_York
2024-01-20 04:45:00,,,,,-16.2,94.1,95.0,-14.5,0.0,0.0,-26.2,0.0,n,0.0,1005.0,2.1,63.0,1007.0,0.0,0.0,-8.8,2024-01-20T04:45:00,2024-01-20T09:45:00,1705743900.0,0.0,16.0,307.0,11.2,5.4,Overcast clouds,c04n,804.0,4951257.0,Somerville,US,42.3876,-71.0995,MA,994971-99999,America/New_York
2024-01-20 05:00:00,,,,,-16.1,96.6,94.0,-14.4,0.0,0.0,-23.4,0.0,n,0.0,1005.0,2.1,64.0,1007.0,0.0,0.0,-8.8,2024-01-20T05:00:00,2024-01-20T10:00:00,1705744800.0,0.0,16.0,306.0,8.2,5.2,Overcast clouds,c04n,804.0,4951257.0,Somerville,US,42.3876,-71.0995,MA,994971-99999,America/New_York
2024-01-20 05:15:00,,,,,-16.4,98.9,93.0,-14.5,0.0,0.0,-20.7,0.0,n,0.0,1006.0,2.1,64.0,1008.0,0.0,0.0,-8.9,2024-01-20T05:15:00,2024-01-20T10:15:00,1705745700.0,0.0,16.0,306.0,8.2,5.4,Overcast clouds,c04n,804.0,4951257.0,Somerville,US,42.3876,-71.0995,MA,994971-99999,America/New_York
2024-01-20 05:30:00,,,,,-16.6,101.3,92.0,-14.7,0.0,0.0,-18.0,0.0,n,0.0,1006.0,2.1,63.0,1008.0,0.0,0.0,-9.0,2024-01-20T05:30:00,2024-01-20T10:30:00,1705746600.0,0.0,16.0,306.0,11.2,5.6,Overcast clouds,c04n,804.0,4951257.0,Somerville,US,42.3876,-71.0995,MA,994971-99999,America/New_York
2024-01-20 05:45:00,,,,,-16.8,103.6,92.0,-15.0,0.0,0.0,-15.3,0.0,n,0.0,1006.0,2.1,62.0,1008.0,0.0,0.0,-9.1,2024-01-20T05:45:00,2024-01-20T10:45:00,1705747500.0,0.0,16.0,306.0,11.2,5.8,Overcast clouds,c04n,804.0,4951257.0,Somerville,US,42.3876,-71.0995,MA,994971-99999,America/New_York
2024-01-20 06:00:00,,,,,-17.0,106.0,91.0,-15.0,0.0,0.0,-12.6,0.0,n,0.0,1006.0,2.1,62.0,1008.0,0.0,0.0,-9.1,2024-01-20T06:00:00,2024-01-20T11:00:00,1705748400.0,0.0,16.0,306.0,11.2,6.0,Overcast clouds,c04n,804.0,4951257.0,Somerville,US,42.3876,-71.0995,MA,994971-99999,America/New_York
2024-01-20 06:15:00,,,,,-17.1,108.4,91.0,-15.1,0.0,0.0,-10.0,0.0,n,0.0,1006.0,2.1,62.0,1008.0,0.0,0.0,-9.2,2024-01-20T06:15:00,2024-01-20T11:15:00,1705749300.0,0.0,16.0,306.0,11.2,6.0,Overcast clouds,c04n,804.0,4951257.0,Somerville,US,42.3876,-71.0995,MA,994971-99999,America/New_York
2024-01-20 06:30:00,,,,,-17.2,110.8,91.0,-15.0,0.0,0.0,-7.4,0.0,n,0.0,1006.0,2.1,63.0,1008.0,0.0,0.0,-9.3,2024-01-20T06:30:00,2024-01-20T11:30:00,1705750200.0,0.0,16.0,307.0,11.2,6.0,Overcast clouds,c04n,804.0,4951257.0,Somerville,US,42.3876,-71.0995,MA,994971-99999,America/New_York
2024-01-20 06:45:00,,,,,-17.3,113.2,91.0,-14.9,0.0,0.0,-4.8,0.0,n,0.0,1006.0,2.1,64.0,1008.0,0.0,0.0,-9.3,2024-01-20T06:45:00,2024-01-20T11:45:00,1705751100.0,0.0,16.0,308.0,11.2,6.0,Overcast clouds,c04n,804.0,4951257.0,Somerville,US,42.3876,-71.0995,MA,994971-99999,America/New_York
2024-01-20 07:00:00,,,,,-17.4,115.6,91.0,-14.9,0.0,0.0,-2.2,0.0,n,0.0,1006.0,2.1,64.0,1008.0,0.0,0.0,-9.4,2024-01-20T07:00:00,2024-01-20T12:00:00,1705752000.0,0.0,16.0,308.0,11.2,6.0,Overcast clouds,c04n,804.0,4951257.0,Somerville,US,42.3876,-71.0995,MA,994971-99999,America/New_York
2024-01-20 07:15:00,-1.9219595958714137,87.6261294332285,90.00000627392937,1.9219595958714255,-17.3,118.2,92.0,-14.9,11.0,101.0,0.2,22.0,d,0.0,1007.0,2.1,64.0,1009.0,0.0,18.0,-9.3,2024-01-20T07:15:00,2024-01-20T12:15:00,1705752900.0,0.5,16.0,308.0,11.2,5.9,Overcast clouds,c04n,804.0,4951257.0,Somerville,US,42.3876,-71.0995,MA,994971-99999,America/New_York
2024-01-20 07:30:00,-8.474087407537723,79.83214391543936,90.00000295755866,8.474087407537734,-17.1,120.8,94.0,-15.0,23.0,201.0,2.6,44.0,d,0.0,1007.0,2.1,63.0,1009.0,0.0,35.0,-9.3,2024-01-20T07:30:00,2024-01-20T12:30:00,1705753800.0,0.4,16.0,308.0,11.2,5.8,Overcast clouds,c04n,804.0,4951257.0,Somerville,US,42.3876,-71.0995,MA,994971-99999,America/New_York
2024-01-20 07:45:00,-15.910971867652577,71.648809533267,90.00000120741826,15.91097186765258,-17.0,123.4,95.0,-15.2,34.0,302.0,4.9,66.0,d,0.0,1007.0,2.1,62.0,1009.0,0.0,50.0,-9.3,2024-01-20T07:45:00,2024-01-20T12:45:00,1705754700.0,0.4,16.0,308.0,11.2,5.7,Overcast clouds,c04d,804.0,4951257.0,Somerville,US,42.3876,-71.0995,MA,994971-99999,America/New_York
2024-01-20 08:00:00,-24.559932881644045,63.201616077008055,90.0,24.559932881644045,-16.8,126.0,96.0,-15.1,45.0,402.0,7.3,87.0,d,0.0,1007.0,2.1,62.0,1009.0,0.0,64.0,-9.2,2024-01-20T08:00:00,2024-01-20T13:00:00,1705755600.0,0.4,16.0,308.0,11.2,5.6,Overcast clouds,c04d,804.0,4951257.0,Somerville,US,42.3876,-71.0995,MA,994971-99999,America/New_York
2024-01-20 08:15:00,-35.52972435701992,54.37146685170356,90.0,35.52972435701992,-16.8,128.9,96.0,-15.1,52.0,457.0,9.4,123.0,d,0.0,1007.0,2.1,62.0,1009.0,0.0,79.0,-9.1,2024-01-20T08:15:00,2024-01-20T13:15:00,1705756500.0,0.4,16.0,308.0,11.3,5.6,Overcast clouds,c04d,804.0,4951257.0,Somerville,US,42.3876,-71.0995,MA,994971-99999,America/New_York
2024-01-20 08:30:00,-53.3861783757095,44.86453741622921,90.0,53.3861783757095,-16.7,131.8,97.0,-15.2,58.0,512.0,11.5,158.0,d,0.0,1007.0,2.1,61.0,1009.0,0.0,88.0,-9.1,2024-01-20T08:30:00,2024-01-20T13:30:00,1705757400.0,0.5,16.0,308.0,11.4,5.6,Overcast clouds,c04d,804.0,4951257.0,Somerville,US,42.3876,-71.0995,MA,994971-99999,America/New_York
2024-01-20 08:45:00,-60.0,44.09086291907702,90.0,59.99999999999999,-16.7,134.7,98.0,-15.4,64.0,567.0,13.5,194.0,d,0.0,1007.0,2.1,60.0,1009.0,0.0,95.0,-9.1,2024-01-20T08:45:00,2024-01-20T13:45:00,1705758300.0,0.5,16.0,308.0,11.5,5.6,Overcast clouds,c04d,804.0,4951257.0,Somerville,US,42.3876,-71.0995,MA,994971-99999,America/New_York
2024-01-20 09:00:00,-60.0,45.791433892908415,90.0,59.99999999999999,-16.6,137.6,98.0,-15.3,70.0,622.0,15.6,230.0,d,0.0,1007.0,2.1,60.0,1009.0,0.0,107.0,-9.0,2024-01-20T09:00:00,2024-01-20T14:00:00,1705759200.0,0.5,16.0,308.0,9.8,5.6,Overcast clouds,c04d,804.0,4951257.0,Somerville,US,42.3876,-71.0995,MA,994971-99999,America/New_York
2024-01-20 09:15:00,-60.0,47.71299871625181,90.0,59.99999999999999,-16.4,140.9,98.0,-15.2,74.0,647.0,17.2,259.0,d,0.0,1007.0,2.1,60.0,1009.0,0.0,115.0,-8.9,2024-01-20T09:15:00,2024-01-20T14:15:00,1705760100.0,0.5,16.0,309.0,9.8,5.5,Overcast clouds,c04d,804.0,4951257.0,Somerville,US,42.3876,-71.0995,MA,994971-99999,America/New_York
2024-01-20 09:30:00,-59.50016593973545,49.828475528440016,90.0,59.50016593973545,-16.2,144.2,98.0,-15.3,77.0,672.0,18.8,289.0,d,0.0,1007.0,2.1,59.0,1009.0,0.0,123.0,-8.8,2024-01-20T09:30:00,2024-01-20T14:30:00,1705761000.0,0.5,16.0,310.0,11.4,5.4,Overcast clouds,c04d,804.0,4951257.0,Somerville,US,42.3876,-71.0995,MA,994971-99999,America/New_York
2024-01-20 09:45:00,-55.054010399010146,51.95291386058151,90.0,55.054010399010146,-16.0,147.5,98.0,-15.4,81.0,698.0,20.5,319.0,d,0.0,1007.0,2.1,58.0,1009.0,0.0,132.0,-8.7,2024-01-20T09:45:00,2024-01-20T14:45:00,1705761900.0,0.6,16.0,311.0,11.3,5.3,Overcast clouds,c04d,804.0,4951257.0,Somerville,US,42.3876,-71.0995,MA,994971-99999,America/New_York
2024-01-20 10:00:00,-50.25625812557848,53.96042590072307,90.0,50.25625812557848,-15.8,150.8,98.0,-15.3,84.0,723.0,22.1,349.0,d,0.0,1007.0,2.1,58.0,1009.0,0.0,140.0,-8.6,2024-01-20T10:00:00,2024-01-20T15:00:00,1705762800.0,0.6,16.0,312.0,10.8,5.2,Overcast clouds,c04d,804.0,4951257.0,Somerville,US,42.3876,-71.0995,MA,994971-99999,America/New_York
2024-01-20 10:15:00,-45.06779026492329,55.82696426038331,90.00000085377364,45.067790264923296,-15.6,154.5,98.0,-15.2,86.0,735.0,23.1,368.0,d,0.0,1007.0,2.1,58.0,1009.0,0.0,145.0,-8.5,2024-01-20T10:15:00,2024-01-20T15:15:00,1705763700.0,0.7,16.0,312.0,10.8,5.1,Overcast clouds,c04d,804.0,4951257.0,Somerville,US,42.3876,-71.0995,MA,994971-99999,America/New_York
2024-01-20 10:30:00,-39.4553256433323,57.5250960464586,90.0,39.4553256433323,-15.3,158.2,98.0,-15.1,88.0,747.0,24.2,387.0,d,0.0,1007.0,2.1,58.0,1009.0,0.0,150.0,-8.3,2024-01-20T10:30:00,2024-01-20T15:30:00,1705764600.0,0.7,16.0,311.0,10.8,5.0,Overcast clouds,c04d,804.0,4951257.0,Somerville,US,42.3876,-71.0995,MA,994971-99999,America/New_York
2024-01-20 10:45:00,-33.39802812937404,59.02433698547039,90.0,33.39802812937404,-15.1,161.9,97.0,-14.7,90.0,759.0,25.2,406.0,d,0.0,1007.0,2.1,59.0,1009.0,0.0,167.0,-8.2,2024-01-20T10:45:00,2024-01-20T15:45:00,1705765500.0,0.7,16.0,310.0,10.6,4.9,Overcast clouds,c04d,804.0,4951257.0,Somerville,US,42.3876,-71.0995,MA,994971-99999,America/New_York
2024-01-20 11:00:00,-26.896025966752397,60.29216592764207,90.0,26.89602596675239,-14.8,165.6,97.0,-14.6,91.0,771.0,26.2,425.0,d,0.0,1007.0,2.1,59.0,1009.0,0.0,171.0,-8.1,2024-01-20T11:00:00,2024-01-20T16:00:00,1705766400.0,0.8,16.0,310.0,10.4,4.8,Overcast clouds,c04d,804.0,4951257.0,Somerville,US,42.3876,-71.0995,MA,994971-99999,America/New_York
2024-01-20 11:15:00,-19.979612543662263,61.29592023413357,90.0,19.979612543662256,-14.7,169.5,98.0,-14.7,92.0,774.0,26.5,431.0,d,0.0,1007.0,2.1,58.0,1009.0,0.0,161.0,-7.9,2024-01-20T11:15:00,2024-01-20T16:15:00,1705767300.0,0.8,16.0,310.0,10.4,4.8,Overcast clouds,c04d,804.0,4951257.0,Somerville,US,42.3876,-71.0995,MA,994971-99999,America/New_York
2024-01-20 11:30:00,-12.71642964204321,62.00564110473489,90.0,12.7164296420432,-14.5,173.4,98.0,-14.6,92.0,778.0,26.9,437.0,d,0.0,1006.0,2.1,58.0,1008.0,0.0,162.0,-7.8,2024-01-20T11:30:00,2024-01-20T16:30:00,1705768200.0,0.8,16.0,309.0,10.4,4.8,Overcast clouds,c04d,804.0,4951257.0,Somerville,US,42.3876,-71.0995,MA,994971-99999,America/New_York
2024-01-20 11:45:00,-5.212840295348776,62.39756825753558,90.0,5.212840295348753,-14.3,177.4,99.0,-14.4,93.0,781.0,27.2,443.0,d,0.0,1006.0,2.1,58.0,1008.0,0.0,151.0,-7.6,2024-01-20T11:45:00,2024-01-20T16:45:00,1705769100.0,0.8,16.0,308.0,10.4,4.8,Overcast clouds,c04d,804.0,4951257.0,Somerville,US,42.3876,-71.0995,MA,994971-99999,America/New_York
2024-01-20 12:00:00,2.393687526984927,62.45754239509668,269.99998870563627,2.393687526984974,-14.1,181.3,100.0,-14.5,93.0,784.0,27.5,449.0,d,0.0,1006.0,2.1,57.0,1008.0,0.0,138.0,-7.5,2024-01-20T12:00:00,2024-01-20T17:00:00,1705770000.0,0.8,16.0,308.0,10.8,4.8,Overcast clouds,c04d,804.0,4951257.0,Somerville,US,42.3876,-71.0995,MA,994971-99999,America/New_York
2024-01-20 12:15:00,9.951253318346716,62.18330850741534,269.99999692167535,9.95125331834673,-13.8,185.2,100.0,-14.5,93.0,780.0,27.1,441.0,d,0.0,1006.0,2.1,56.0,1008.0,0.0,137.0,-7.2,2024-01-20T12:15:00,2024-01-20T17:15:00,1705770900.0,0.8,16.0,308.0,10.8,4.8,Overcast clouds,c04d,804.0,4951257.0,Somerville,US,42.3876,-71.0995,MA,994971-99999,America/New_York
2024-01-20 12:30:00,17.31489894678169,61.58489803837991,269.9999985212207,17.314898946781696,-13.5,189.1,100.0,-14.2,92.0,775.0,26.6,433.0,d,0.0,1006.0,2.1,56.0,1008.0,0.0,135.0,-7.0,2024-01-20T12:30:00,2024-01-20T17:30:00,1705771800.0,0.7,16.0,307.0,10.4,4.8,Overcast clouds,c04d,804.0,4951257.0,Somerville,US,42.3876,-71.0995,MA,994971-99999,America/New_York
2024-01-20 12:45:00,24.365682445923955,60.68295281632475,270.0,24.365682445923955,-13.1,193.0,100.0,-14.0,91.0,771.0,26.2,425.0,d,0.0,1006.0,2.1,56.0,1008.0,0.0,134.0,-6.7,2024-01-20T12:45:00,2024-01-20T17:45:00,1705772700.0,0.7,16.0,306.0,10.4,4.8,Overcast clouds,c04d,804.0,4951257.0,Somerville,US,42.3876,-71.0995,MA,994971-99999,America/New_York
2024-01-20 13:00:00,31.02177344111415,59.505599591046185,270.0,31.02177344111415,-12.8,196.9,100.0,-13.9,91.0,766.0,25.8,417.0,d,0.0,1006.0,2.1,55.0,1008.0,0.0,133.0,-6.4,2024-01-20T13:00:00,2024-01-20T18:00:00,1705773600.0,0.7,16.0,306.0,10.4,4.8,Overcast clouds,c04d,804.0,4951257.0,Somerville,US,42.3876,-71.0995,MA,994971-99999,America/New_York
2024-01-20 13:15:00,37.24005719168345,58.08488419697988,270.0,37.24005719168345,-12.8,200.6,100.0,-13.9,89.0,752.0,24.6,396.0,d,0.0,1006.0,2.1,55.0,1008.0,0.0,129.0,-6.4,2024-01-20T13:15:00,2024-01-20T18:15:00,1705774500.0,0.7,16.0,306.0,10.3,4.8,Overcast clouds,c04d,804.0,4951257.0,Somerville,US,42.3876,-71.0995,MA,994971-99999,America/New_York
2024-01-20 13:30:00,43.01058473747382,56.45363410331569,270.0,43.01058473747382,-12.8,204.2,100.0,-13.9,86.0,739.0,23.5,375.0,d,0.0,1006.0,2.1,55.0,1008.0,0.0,124.0,-6.4,2024-01-20T13:30:00,2024-01-20T18:30:00,1705775400.0,0.6,16.0,306.0,10.2,4.8,Overcast clouds,c04d,804.0,4951257.0,Somerville,US,42.3876,-71.0995,MA,994971-99999,America/New_York
2024-01-20 13:45:00,48.347710324003025,54.64321168229361,270.0,48.347710324003025,-12.8,207.8,99.0,-13.9,84.0,725.0,22.3,354.0,d,0.0,1006.0,2.1,55.0,1008.0,0.0,130.0,-6.4,2024-01-20T13:45:00,2024-01-20T18:45:00,1705776300.0,0.6,16.0,306.0,10.1,4.8,Overcast clouds,c04d,804.0,4951257.0,Somerville,US,42.3876,-71.0995,MA,994971-99999,America/New_York
2024-01-20 14:00:00,53.28111369509872,52.6822057753351,270.0,53.28111369509872,-12.8,211.5,99.0,-13.9,82.0,712.0,21.2,333.0,d,0.0,1006.0,2.1,55.0,1008.0,0.0,125.0,-6.4,2024-01-20T14:00:00,2024-01-20T19:00:00,1705777200.0,0.6,16.0,306.0,10.0,4.8,Overcast clouds,c04d,804.0,4951257.0,Somerville,US,42.3876,-71.0995,MA,994971-99999,America/New_York
2024-01-20 14:15:00,57.84844143206213,50.59588028758148,270.0,57.84844143206213,-13.0,214.7,99.0,-13.8,79.0,683.0,19.5,302.0,d,0.0,1006.0,2.1,56.0,1008.0,0.0,118.0,-6.5,2024-01-20T14:15:00,2024-01-20T19:15:00,1705778100.0,0.6,16.0,306.0,10.1,4.9,Overcast clouds,c04d,804.0,4951257.0,Somerville,US,42.3876,-71.0995,MA,994971-99999,America/New_York
2024-01-20 14:30:00,60.0,48.43995554212674,270.0,59.99999999999999,-13.3,217.9,100.0,-14.0,75.0,655.0,17.8,270.0,d,0.0,1006.0,2.1,56.0,1008.0,0.0,102.0,-6.7,2024-01-20T14:30:00,2024-01-20T19:30:00,1705779000.0,0.5,16.0,306.0,10.2,5.0,Overcast clouds,c04d,804.0,4951257.0,Somerville,US,42.3876,-71.0995,MA,994971-99999,America/New_York
2024-01-20 14:45:00,60.0,46.4372636438866,270.0,59.99999999999999,-13.5,221.2,100.0,-14.1,71.0,627.0,16.1,239.0,d,0.0,1006.0,2.1,56.0,1008.0,0.0,95.0,-6.8,2024-01-20T14:45:00,2024-01-20T19:45:00,1705779900.0,0.5,16.0,306.0,10.3,5.1,Overcast clouds,c04d,804.0,4951257.0,Somerville,US,42.3876,-71.0995,MA,994971-99999,America/New_York
2024-01-20 15:00:00,60.0,44.64580629114006,270.0,59.99999999999999,-13.8,224.4,100.0,-14.0,67.0,598.0,14.4,208.0,d,0.0,1007.0,2.1,57.0,1009.0,0.0,88.0,-7.0,2024-01-20T15:00:00,2024-01-20T20:00:00,1705780800.0,0.5,16.0,306.0,10.4,5.2,Overcast clouds,c04d,804.0,4951257.0,Somerville,US,42.3876,-71.0995,MA,994971-99999,America/New_York
2024-01-20 15:15:00,60.0,43.091408211671926,270.0,59.99999999999999,-14.0,227.3,100.0,-13.9,60.0,535.0,12.3,173.0,d,0.0,1007.0,2.1,58.0,1009.0,0.0,77.0,-7.1,2024-01-20T15:15:00,2024-01-20T20:15:00,1705781700.0,0.4,16.0,306.0,10.5,5.3,Overcast clouds,c04d,804.0,4951257.0,Somerville,US,42.3876,-71.0995,MA,994971-99999,America/New_York
2024-01-20 15:30:00,41.04798497585622,50.71907864676862,270.0,41.04798497585621,-14.3,230.1,100.0,-13.9,53.0,472.0,10.2,137.0,d,0.0,1007.0,2.1,59.0,1009.0,0.0,67.0,-7.3,2024-01-20T15:30:00,2024-01-20T20:30:00,1705782600.0,0.4,16.0,306.0,10.6,5.4,Overcast clouds,c04d,804.0,4951257.0,Somerville,US,42.3876,-71.0995,MA,994971-99999,America/New_York
2024-01-20 15:45:00,28.46139957390674,59.76803486635587,270.0,28.461399573906736,-14.5,233.0,99.0,-13.8,47.0,408.0,8.0,101.0,d,0.0,1007.0,2.1,60.0,1009.0,0.0,60.0,-7.4,2024-01-20T15:45:00,2024-01-20T20:45:00,1705783500.0,0.4,16.0,306.0,10.7,5.5,Overcast clouds,c04d,804.0,4951257.0,Somerville,US,42.3876,-71.0995,MA,994971-99999,America/New_York
2024-01-20 16:00:00,19.120798788360844,68.342573174713,269.9999987925817,19.120798788360847,-14.8,235.8,99.0,-13.7,40.0,345.0,5.9,66.0,d,1.0,1007.0,2.1,61.0,1009.0,20.0,49.0,-7.5,2024-01-20T16:00:00,2024-01-20T21:00:00,1705784400.0,0.4,16.0,306.0,10.8,5.6,Light snow,s01d,600.0,4951257.0,Somerville,US,42.3876,-71.0995,MA,994971-99999,America/New_York
2024-01-20 16:15:00,11.290759944557422,76.62573231087059,270.0,11.290759944557408,-14.9,238.4,99.0,-13.5,30.0,259.0,3.5,49.0,d,0.0,1007.0,2.1,63.0,1009.0,0.0,36.0,-7.7,2024-01-20T16:15:00,2024-01-20T21:15:00,1705785300.0,0.4,16.0,306.0,10.8,5.6,Overcast clouds,c04n,804.0,4951257.0,Somerville,US,42.3876,-71.0995,MA,994971-99999,America/New_York
2024-01-20 16:30:00,4.400679433940908,84.61466111768091,269.99999250816666,4.4006794339409465,-15.1,241.0,100.0,-13.0,20.0,172.0,1.1,33.0,d,0.0,1008.0,2.1,66.0,1010.0,0.0,23.0,-7.8,2024-01-20T16:30:00,2024-01-20T21:30:00,1705786200.0,0.4,16.0,305.0,10.8,5.6,Overcast clouds,c04n,804.0,4951257.0,Somerville,US,42.3876,-71.0995,MA,994971-99999,America/New_York
2024-01-20 16:45:00,,,,,-15.3,243.5,100.0,-12.8,10.0,86.0,-1.4,16.0,d,0.0,1008.0,2.1,68.0,1010.0,0.0,12.0,-8.0,2024-01-20T16:45:00,2024-01-20T21:45:00,1705787100.0,0.0,10.0,304.0,10.8,5.6,Overcast clouds,c04n,804.0,4951257.0,Somerville,US,42.3876,-71.0995,MA,994971-99999,America/New_York
2024-01-20 17:00:00,,,,,-15.5,246.1,100.0,-12.6,0.0,0.0,-3.8,0.0,n,1.0,1008.0,2.1,70.0,1010.0,20.0,0.0,-8.1,2024-01-20T17:00:00,2024-01-20T22:00:00,1705788000.0,0.0,10.0,304.0,10.8,5.6,Light snow,s01n,600.0,4951257.0,Somerville,US,42.3876,-71.0995,MA,994971-99999,America/New_York
2024-01-20 17:15:00,,,,,-15.6,248.5,100.0,-12.6,0.0,0.0,-6.4,0.0,n,0.0,1008.0,2.1,70.0,1010.0,0.0,0.0,-8.2,2024-01-20T17:15:00,2024-01-20T22:15:00,1705788900.0,0.0,10.0,304.0,10.8,5.7,Overcast clouds,c04n,804.0,4951257.0,Somerville,US,42.3876,-71.0995,MA,994971-99999,America/New_York
2024-01-20 17:30:00,,,,,-15.7,250.9,100.0,-12.7,0.0,0.0,-9.0,0.0,n,1.0,1008.0,2.1,70.0,1010.0,20.0,0.0,-8.2,2024-01-20T17:30:00,2024-01-20T22:30:00,1705789800.0,0.0,10.0,305.0,11.0,5.8,Light snow,s01n,600.0,4951257.0,Somerville,US,42.3876,-71.0995,MA,994971-99999,America/New_York
2024-01-20 17:45:00,,,,,-15.9,253.2,100.0,-12.7,0.0,0.0,-11.6,0.0,n,0.0,1009.0,2.1,70.0,1011.0,0.0,0.0,-8.3,2024-01-20T17:45:00,2024-01-20T22:45:00,1705790700.0,0.0,10.0,306.0,11.1,5.9,Overcast clouds,c04n,804.0,4951257.0,Somerville,US,42.3876,-71.0995,MA,994971-99999,America/New_York
2024-01-20 18:00:00,,,,,-16.0,255.6,100.0,-12.8,0.0,0.0,-14.2,0.0,n,0.0,1009.0,2.1,70.0,1011.0,0.0,0.0,-8.3,2024-01-20T18:00:00,2024-01-20T23:00:00,1705791600.0,0.0,10.0,306.0,10.8,6.0,Overcast clouds,c04n,804.0,4951257.0,Somerville,US,42.3876,-71.0995,MA,994971-99999,America/New_York
2024-01-20 18:15:00,,,,,-16.0,258.0,100.0,-12.8,0.0,0.0,-17.0,0.0,n,0.0,1009.0,2.1,70.0,1011.0,0.0,0.0,-8.3,2024-01-20T18:15:00,2024-01-20T23:15:00,1705792500.0,0.0,10.0,308.0,10.8,6.0,Overcast clouds,c04n,804.0,4951257.0,Somerville,US,42.3876,-71.0995,MA,994971-99999,America/New_York
2024-01-20 18:30:00,,,,,-16.1,260.4,100.0,-12.9,0.0,0.0,-19.7,0.0,n,0.0,1009.0,2.1,70.0,1011.0,0.0,0.0,-8.4,2024-01-20T18:30:00,2024-01-20T23:30:00,1705793400.0,0.0,10.0,309.0,11.4,6.0,Overcast clouds,c04n,804.0,4951257.0,Somerville,US,42.3876,-71.0995,MA,994971-99999,America/New_York
2024-01-20 18:45:00,,,,,-16.2,262.7,100.0,-12.9,0.0,0.0,-22.4,0.0,n,0.0,1009.0,2.1,70.0,1011.0,0.0,0.0,-8.4,2024-01-20T18:45:00,2024-01-20T23:45:00,1705794300.0,0.0,10.0,310.0,11.5,6.0,Overcast clouds,c04n,804.0,4951257.0,Somerville,US,42.3876,-71.0995,MA,994971-99999,America/New_York
2024-01-20 19:00:00,,,,,-16.2,265.1,100.0,-13.0,0.0,0.0,-25.1,0.0,n,0.0,1009.0,2.1,70.0,1011.0,0.0,0.0,-8.5,2024-01-20T19:00:00,2024-01-21T00:00:00,1705795200.0,0.0,10.0,312.0,10.8,6.0,Overcast clouds,c04n,804.0,4951257.0,Somerville,US,42.3876,-71.0995,MA,994971-99999,America/New_York
2024-01-20 19:15:00,,,,,-16.2,267.7,100.0,-13.0,0.0,0.0,-27.9,0.0,n,0.0,1009.0,2.1,70.0,1011.0,0.0,0.0,-8.5,2024-01-20T19:15:00,2024-01-21T00:15:00,1705796100.0,0.0,10.0,313.0,10.8,6.0,Overcast clouds,c04n,804.0,4951257.0,Somerville,US,42.3876,-71.0995,MA,994971-99999,America/New_York
2024-01-20 19:30:00,,,,,-16.2,270.2,100.0,-13.0,0.0,0.0,-30.7,0.0,n,0.0,1010.0,2.1,70.0,1012.0,0.0,0.0,-8.5,2024-01-20T19:30:00,2024-01-21T00:30:00,1705797000.0,0.0,10.0,314.0,11.8,6.0,Overcast clouds,c04n,804.0,4951257.0,Somerville,US,42.3876,-71.0995,MA,994971-99999,America/New_York
2024-01-20 19:45:00,,,,,-16.2,272.7,99.0,-13.0,0.0,0.0,-33.4,0.0,n,0.0,1010.0,2.1,70.0,1012.0,0.0,0.0,-8.5,2024-01-20T19:45:00,2024-01-21T00:45:00,1705797900.0,0.0,10.0,315.0,11.9,6.0,Overcast clouds,c04n,804.0,4951257.0,Somerville,US,42.3876,-71.0995,MA,994971-99999,America/New_York
2024-01-20 20:00:00,,,,,-16.2,275.3,99.0,-13.0,0.0,0.0,-36.2,0.0,n,0.0,1010.0,2.1,70.0,1012.0,0.0,0.0,-8.5,2024-01-20T20:00:00,2024-01-21T01:00:00,1705798800.0,0.0,10.0,316.0,12.0,6.0,Overcast clouds,c04n,804.0,4951257.0,Somerville,US,42.3876,-71.0995,MA,994971-99999,America/New_York
2024-01-20 20:15:00,,,,,-16.4,278.3,95.0,-13.0,0.0,0.0,-38.9,0.0,n,0.0,1010.0,2.1,70.0,1012.0,0.0,0.0,-8.6,2024-01-20T20:15:00,2024-01-21T01:15:00,1705799700.0,0.0,10.0,317.0,12.0,6.1,Overcast clouds,c04n,804.0,4951257.0,Somerville,US,42.3876,-71.0995,MA,994971-99999,America/New_York
2024-01-20 20:30:00,,,,,-16.6,281.3,91.0,-13.1,0.0,0.0,-41.6,0.0,n,0.0,1010.0,2.1,70.0,1012.0,0.0,0.0,-8.7,2024-01-20T20:30:00,2024-01-21T01:30:00,1705800600.0,0.0,16.0,318.0,12.0,6.2,Overcast clouds,c04n,804.0,4951257.0,Somerville,US,42.3876,-71.0995,MA,994971-99999,America/New_York
2024-01-20 20:45:00,,,,,-16.7,284.3,87.0,-13.2,0.0,0.0,-44.3,0.0,n,0.0,1010.0,2.1,70.0,1012.0,0.0,0.0,-8.7,2024-01-20T20:45:00,2024-01-21T01:45:00,1705801500.0,0.0,16.0,319.0,12.0,6.3,Overcast clouds,c04n,804.0,4951257.0,Somerville,US,42.3876,-71.0995,MA,994971-99999,America/New_York
2024-01-20 21:00:00,,,,,-16.9,287.4,83.0,-13.3,0.0,0.0,-47.1,0.0,n,0.0,1010.0,2.1,70.0,1012.0,0.0,0.0,-8.8,2024-01-20T21:00:00,2024-01-21T02:00:00,1705802400.0,0.0,16.0,320.0,12.0,6.4,Overcast clouds,c04n,804.0,4951257.0,Somerville,US,42.3876,-71.0995,MA,994971-99999,America/New_York
2024-01-20 21:15:00,,,,,-16.9,291.4,80.0,-13.3,0.0,0.0,-49.6,0.0,n,0.0,1010.0,2.1,70.0,1012.0,0.0,0.0,-8.8,2024-01-20T21:15:00,2024-01-21T02:15:00,1705803300.0,0.0,10.0,320.0,12.0,6.4,Overcast clouds,c04n,804.0,4951257.0,Somerville,US,42.3876,-71.0995,MA,994971-99999,America/New_York
2024-01-20 21:30:00,,,,,-17.0,295.5,76.0,-13.5,0.0,0.0,-52.1,0.0,n,0.0,1011.0,2.1,69.0,1013.0,0.0,0.0,-8.9,2024-01-20T21:30:00,2024-01-21T02:30:00,1705804200.0,0.0,10.0,321.0,12.0,6.4,Overcast clouds,c04n,804.0,4951257.0,Somerville,US,42.3876,-71.0995,MA,994971-99999,America/New_York
2024-01-20 21:45:00,,,,,-17.1,299.6,73.0,-13.7,0.0,0.0,-54.6,0.0,n,0.0,1011.0,2.1,68.0,1013.0,0.0,0.0,-8.9,2024-01-20T21:45:00,2024-01-21T02:45:00,1705805100.0,0.0,10.0,322.0,12.0,6.4,Overcast clouds,c04n,804.0,4951257.0,Somerville,US,42.3876,-71.0995,MA,994971-99999,America/New_York
2024-01-20 22:00:00,,,,,-17.1,303.6,70.0,-13.8,0.0,0.0,-57.1,0.0,n,0.0,1011.0,2.1,68.0,1013.0,0.0,0.0,-9.0,2024-01-20T22:00:00,2024-01-21T03:00:00,1705806000.0,0.0,10.0,322.0,12.0,6.4,Broken clouds,c03n,803.0,4951257.0,Somerville,US,42.3876,-71.0995,MA,994971-99999,America/New_York
2024-01-20 22:15:00,,,,,-17.1,309.8,71.0,-13.8,0.0,0.0,-59.0,0.0,n,0.0,1011.0,2.1,68.0,1013.0,0.0,0.0,-9.0,2024-01-20T22:15:00,2024-01-21T03:15:00,1705806900.0,0.0,10.0,322.0,11.9,6.4,Overcast clouds,c04n,804.0,4951257.0,Somerville,US,42.3876,-71.0995,MA,994971-99999,America/New_York
2024-01-20 22:30:00,,,,,-17.1,315.9,72.0,-13.8,0.0,0.0,-60.9,0.0,n,0.0,1011.0,2.1,68.0,1013.0,0.0,0.0,-9.0,2024-01-20T22:30:00,2024-01-21T03:30:00,1705807800.0,0.0,16.0,322.0,11.8,6.4,Overcast clouds,c04n,804.0,4951257.0,Somerville,US,42.3876,-71.0995,MA,994971-99999,America/New_York
2024-01-20 22:45:00,,,,,-17.1,322.0,73.0,-13.8,0.0,0.0,-62.9,0.0,n,0.0,1011.0,2.1,68.0,1013.0,0.0,0.0,-9.0,2024-01-20T22:45:00,2024-01-21T03:45:00,1705808700.0,0.0,16.0,322.0,11.7,6.4,Overcast clouds,c04n,804.0,4951257.0,Somerville,US,42.3876,-71.0995,MA,994971-99999,America/New_York
2024-01-20 23:00:00,,,,,-17.1,328.2,74.0,-13.8,0.0,0.0,-64.8,0.0,n,0.0,1012.0,2.1,68.0,1014.0,0.0,0.0,-9.0,2024-01-20T23:00:00,2024-01-21T04:00:00,1705809600.0,0.0,16.0,322.0,11.6,6.4,Overcast clouds,c04n,804.0,4951257.0,Somerville,US,42.3876,-71.0995,MA,994971-99999,America/New_York
2024-01-20 23:15:00,,,,,-17.1,246.9,77.0,-13.8,0.0,0.0,-65.5,0.0,n,0.0,1012.0,2.1,68.0,1014.0,0.0,0.0,-9.0,2024-01-20T23:15:00,2024-01-21T04:15:00,1705810500.0,0.0,16.0,322.0,11.6,6.4,Overcast clouds,c04n,804.0,4951257.0,Somerville,US,42.3876,-71.0995,MA,994971-99999,America/New_York
2024-01-20 23:30:00,,,,,-17.1,165.5,80.0,-13.8,0.0,0.0,-66.2,0.0,n,0.0,1012.0,2.1,68.0,1014.0,0.0,0.0,-9.0,2024-01-20T23:30:00,2024-01-21T04:30:00,1705811400.0,0.0,16.0,321.0,11.6,6.4,Overcast clouds,c04n,804.0,4951257.0,Somerville,US,42.3876,-71.0995,MA,994971-99999,America/New_York
2024-01-20 23:45:00,,,,,-17.1,84.2,84.0,-13.8,0.0,0.0,-66.9,0.0,n,0.0,1012.0,2.1,68.0,1014.0,0.0,0.0,-9.0,2024-01-20T23:45:00,2024-01-21T04:45:00,1705812300.0,0.0,16.0,320.0,11.6,6.4,Overcast clouds,c04n,804.0,4951257.0,Somerville,US,42.3876,-71.0995,MA,994971-99999,America/New_York
2024-01-21 00:00:00,,,,,-17.1,2.9,87.0,-13.8,0.0,0.0,-67.7,0.0,n,0.0,1012.0,2.1,68.0,1014.0,0.0,0.0,-9.0,2024-01-21T00:00:00,2024-01-21T05:00:00,1705813200.0,0.0,16.0,320.0,11.6,6.4,Overcast clouds,c04n,804.0,4951257.0,Somerville,US,42.3876,-71.0995,MA,994971-99999,America/New_York
2024-01-21 00:15:00,,,,,-17.0,11.3,88.0,-13.7,0.0,0.0,-66.7,0.0,n,0.0,1012.0,2.1,68.0,1014.0,0.0,0.0,-8.9,2024-01-21T00:15:00,2024-01-21T05:15:00,1705814100.0,0.0,16.0,320.0,11.6,6.4,Overcast clouds,c04n,804.0,4951257.0,Somerville,US,42.3876,-71.0995,MA,994971-99999,America/New_York
2024-01-21 00:30:00,,,,,-16.9,19.7,90.0,-13.6,0.0,0.0,-65.7,0.0,n,0.0,1012.0,2.1,68.0,1014.0,0.0,0.0,-8.8,2024-01-21T00:30:00,2024-01-21T05:30:00,1705815000.0,0.0,16.0,319.0,11.6,6.4,Overcast clouds,c04n,804.0,4951257.0,Somerville,US,42.3876,-71.0995,MA,994971-99999,America/New_York
2024-01-21 00:45:00,,,,,-16.7,28.0,91.0,-13.5,0.0,0.0,-64.8,0.0,n,0.0,1012.0,2.1,68.0,1014.0,0.0,0.0,-8.7,2024-01-21T00:45:00,2024-01-21T05:45:00,1705815900.0,0.0,16.0,318.0,11.6,6.4,Overcast clouds,c04n,804.0,4951257.0,Somerville,US,42.3876,-71.0995,MA,994971-99999,America/New_York
2024-01-21 01:00:00,,,,,-16.6,36.4,92.0,-13.4,0.0,0.0,-63.8,0.0,n,0.0,1012.0,2.1,68.0,1014.0,0.0,0.0,-8.6,2024-01-21T01:00:00,2024-01-21T06:00:00,1705816800.0,0.0,16.0,318.0,11.6,6.4,Overcast clouds,c04n,804.0,4951257.0,Somerville,US,42.3876,-71.0995,MA,994971-99999,America/New_York
2024-01-21 01:15:00,,,,,-16.6,42.1,93.0,-13.4,0.0,0.0,-61.8,0.0,n,0.0,1013.0,2.1,68.0,1015.0,0.0,0.0,-8.6,2024-01-21T01:15:00,2024-01-21T06:15:00,1705817700.0,0.0,16.0,318.0,11.4,6.4,Overcast clouds,c04n,804.0,4951257.0,Somerville,US,42.3876,-71.0995,MA,994971-99999,America/New_York
2024-01-21 01:30:00,,,,,-16.5,47.9,94.0,-13.3,0.0,0.0,-59.7,0.0,n,0.0,1013.0,2.1,68.0,1015.0,0.0,0.0,-8.5,2024-01-21T01:30:00,2024-01-21T06:30:00,1705818600.0,0.0,16.0,317.0,11.2,6.4,Overcast clouds,c04n,804.0,4951257.0,Somerville,US,42.3876,-71.0995,MA,994971-99999,America/New_York
2024-01-21 01:45:00,,,,,-16.4,53.6,94.0,-13.3,0.0,0.0,-57.6,0.0,n,0.0,1013.0,2.1,68.0,1015.0,0.0,0.0,-8.4,2024-01-21T01:45:00,2024-01-21T06:45:00,1705819500.0,0.0,16.0,316.0,11.0,6.4,Overcast clouds,c04n,804.0,4951257.0,Somerville,US,42.3876,-71.0995,MA,994971-99999,America/New_York
2024-01-21 02:00:00,,,,,-16.4,59.3,95.0,-13.2,0.0,0.0,-55.6,0.0,n,0.0,1013.0,2.1,68.0,1015.0,0.0,0.0,-8.4,2024-01-21T02:00:00,2024-01-21T07:00:00,1705820400.0,0.0,16.0,316.0,10.8,6.4,Overcast clouds,c04n,804.0,4951257.0,Somerville,US,42.3876,-71.0995,MA,994971-99999,America/New_York
2024-01-21 02:15:00,,,,,-16.4,63.2,96.0,-13.2,0.0,0.0,-53.0,0.0,n,0.0,1013.0,2.1,68.0,1015.0,0.0,0.0,-8.4,2024-01-21T02:15:00,2024-01-21T07:15:00,1705821300.0,0.0,16.0,316.0,10.8,6.4,Overcast clouds,c04n,804.0,4951257.0,Somerville,US,42.3876,-71.0995,MA,994971-99999,America/New_York
2024-01-21 02:30:00,,,,,-16.4,67.0,96.0,-13.4,0.0,0.0,-50.4,0.0,n,0.0,1014.0,2.1,67.0,1016.0,0.0,0.0,-8.4,2024-01-21T02:30:00,2024-01-21T07:30:00,1705822200.0,0.0,16.0,316.0,10.8,6.4,Overcast clouds,c04n,804.0,4951257.0,Somerville,US,42.3876,-71.0995,MA,994971-99999,America/New_York
2024-01-21 02:45:00,,,,,-16.5,70.8,96.0,-13.7,0.0,0.0,-47.9,0.0,n,0.0,1014.0,2.1,66.0,1016.0,0.0,0.0,-8.5,2024-01-21T02:45:00,2024-01-21T07:45:00,1705823100.0,0.0,16.0,316.0,10.8,6.4,Overcast clouds,c04n,804.0,4951257.0,Somerville,US,42.3876,-71.0995,MA,994971-99999,America/New_York
2024-01-21 03:00:00,,,,,-16.5,74.7,97.0,-13.7,0.0,0.0,-45.3,0.0,n,0.0,1014.0,2.1,66.0,1016.0,0.0,0.0,-8.5,2024-01-21T03:00:00,2024-01-21T08:00:00,1705824000.0,0.0,16.0,316.0,10.8,6.4,Overcast clouds,c04n,804.0,4951257.0,Somerville,US,42.3876,-71.0995,MA,994971-99999,America/New_York
2024-01-21 03:15:00,,,,,-16.5,77.6,95.0,-13.7,0.0,0.0,-42.6,0.0,n,0.0,1014.0,2.1,66.0,1016.0,0.0,0.0,-8.6,2024-01-21T03:15:00,2024-01-21T08:15:00,1705824900.0,0.0,16.0,316.0,10.9,6.3,Overcast clouds,c04n,804.0,4951257.0,Somerville,US,42.3876,-71.0995,MA,994971-99999,America/New_York
2024-01-21 03:30:00,,,,,-16.5,80.5,92.0,-13.6,0.0,0.0,-39.9,0.0,n,0.0,1014.0,2.1,67.0,1016.0,0.0,0.0,-8.6,2024-01-21T03:30:00,2024-01-21T08:30:00,1705825800.0,0.0,16.0,315.0,11.0,6.2,Overcast clouds,c04n,804.0,4951257.0,Somerville,US,42.3876,-71.0995,MA,994971-99999,America/New_York
2024-01-21 03:45:00,,,,,-16.5,83.4,90.0,-13.5,0.0,0.0,-37.2,0.0,n,0.0,1014.0,2.1,68.0,1016.0,0.0,0.0,-8.6,2024-01-21T03:45:00,2024-01-21T08:45:00,1705826700.0,0.0,16.0,314.0,11.1,6.1,Overcast clouds,c04n,804.0,4951257.0,Somerville,US,42.3876,-71.0995,MA,994971-99999,America/New_York
2024-01-21 04:00:00,,,,,-16.5,86.3,88.0,-13.5,0.0,0.0,-34.4,0.0,n,0.0,1014.0,2.1,68.0,1016.0,0.0,0.0,-8.7,2024-01-21T04:00:00,2024-01-21T09:00:00,1705827600.0,0.0,16.0,314.0,11.2,6.0,Overcast clouds,c04n,804.0,4951257.0,Somerville,US,42.3876,-71.0995,MA,994971-99999,America/New_York
2024-01-21 04:15:00,,,,,-16.6,88.8,82.0,-13.8,0.0,0.0,-31.7,0.0,n,0.0,1015.0,2.1,67.0,1017.0,0.0,0.0,-8.8,2024-01-21T04:15:00,2024-01-21T09:15:00,1705828500.0,0.0,16.0,312.0,9.8,6.0,Overcast clouds,c04n,804.0,4951257.0,Somerville,US,42.3876,-71.0995,MA,994971-99999,America/New_York
2024-01-21 04:30:00,,,,,-16.7,91.3,77.0,-14.0,0.0,0.0,-28.9,0.0,n,0.0,1015.0,2.1,66.0,1017.0,0.0,0.0,-8.8,2024-01-21T04:30:00,2024-01-21T09:30:00,1705829400.0,0.0,16.0,311.0,11.2,6.0,Overcast clouds,c04n,804.0,4951257.0,Somerville,US,42.3876,-71.0995,MA,994971-99999,America/New_York
2024-01-21 04:45:00,,,,,-16.8,93.8,72.0,-14.3,0.0,0.0,-26.1,0.0,n,0.0,1015.0,2.1,65.0,1017.0,0.0,0.0,-8.9,2024-01-21T04:45:00,2024-01-21T09:45:00,1705830300.0,0.0,16.0,310.0,11.2,6.0,Overcast clouds,c04n,804.0,4951257.0,Somerville,US,42.3876,-71.0995,MA,994971-99999,America/New_York
2024-01-21 05:00:00,,,,,-16.9,96.3,66.0,-14.5,0.0,0.0,-23.4,0.0,n,0.0,1015.0,2.1,64.0,1017.0,0.0,0.0,-9.0,2024-01-21T05:00:00,2024-01-21T10:00:00,1705831200.0,0.0,16.0,308.0,11.2,6.0,Broken clouds,c03n,803.0,4951257.0,Somerville,US,42.3876,-71.0995,MA,994971-99999,America/New_York
2024-01-21 05:15:00,,,,,-16.9,98.7,59.0,-14.5,0.0,0.0,-20.6,0.0,n,0.0,1015.0,2.1,64.0,1017.0,0.0,0.0,-9.0,2024-01-21T05:15:00,2024-01-21T10:15:00,1705832100.0,0.0,16.0,308.0,11.1,6.0,Broken clouds,c03n,803.0,4951257.0,Somerville,US,42.3876,-71.0995,MA,994971-99999,America/New_York
2024-01-21 05:30:00,,,,,-16.9,101.0,52.0,-14.4,0.0,0.0,-17.9,0.0,n,0.0,1016.0,2.1,65.0,1018.0,0.0,0.0,-9.0,2024-01-21T05:30:00,2024-01-21T10:30:00,1705833000.0,0.0,16.0,307.0,11.0,6.0,Broken clouds,c03n,803.0,4951257.0,Somerville,US,42.3876,-71.0995,MA,994971-99999,America/New_York
2024-01-21 05:45:00,,,,,-16.9,103.4,45.0,-14.2,0.0,0.0,-15.2,0.0,n,0.0,1016.0,2.1,66.0,1018.0,0.0,0.0,-9.0,2024-01-21T05:45:00,2024-01-21T10:45:00,1705833900.0,0.0,16.0,306.0,10.9,6.0,Broken clouds,c03n,803.0,4951257.0,Somerville,US,42.3876,-71.0995,MA,994971-99999,America/New_York
2024-01-21 06:00:00,,,,,-16.9,105.8,38.0,-14.2,0.0,0.0,-12.5,0.0,n,0.0,1016.0,2.1,66.0,1018.0,0.0,0.0,-9.0,2024-01-21T06:00:00,2024-01-21T11:00:00,1705834800.0,0.0,16.0,306.0,10.8,6.0,Scattered clouds,c02n,802.0,4951257.0,Somerville,US,42.3876,-71.0995,MA,994971-99999,America/New_York
2024-01-21 06:15:00,,,,,-16.9,108.2,31.0,-14.2,0.0,0.0,-9.9,0.0,n,0.0,1016.0,2.1,66.0,1018.0,0.0,0.0,-9.0,2024-01-21T06:15:00,2024-01-21T11:15:00,1705835700.0,0.0,16.0,306.0,11.1,6.1,Scattered clouds,c02n,802.0,4951257.0,Somerville,US,42.3876,-71.0995,MA,994971-99999,America/New_York
2024-01-21 06:30:00,,,,,-17.0,110.6,24.0,-14.2,0.0,0.0,-7.3,0.0,n,0.0,1016.0,2.1,66.0,1018.0,0.0,0.0,-9.0,2024-01-21T06:30:00,2024-01-21T11:30:00,1705836600.0,0.0,16.0,307.0,11.4,6.2,Scattered clouds,c02n,802.0,4951257.0,Somerville,US,42.3876,-71.0995,MA,994971-99999,America/New_York
2024-01-21 06:45:00,,,,,-17.1,113.0,18.0,-14.2,0.0,0.0,-4.7,0.0,n,0.0,1017.0,2.1,66.0,1019.0,0.0,0.0,-9.0,2024-01-21T06:45:00,2024-01-21T11:45:00,1705837500.0,0.0,16.0,308.0,11.7,6.3,Few clouds,c02n,801.0,4951257.0,Somerville,US,42.3876,-71.0995,MA,994971-99999,America/New_York
2024-01-21 07:00:00,,,,,-17.1,115.4,11.0,-14.2,0.0,0.0,-2.1,0.0,n,0.0,1017.0,2.1,66.0,1019.0,0.0,0.0,-9.0,2024-01-21T07:00:00,2024-01-21T12:00:00,1705838400.0,0.0,16.0,308.0,12.0,6.4,Few clouds,c02n,801.0,4951257.0,Somerville,US,42.3876,-71.0995,MA,994971-99999,America/New_York
2024-01-21 07:15:00,-2.1893912909748963,87.29094221535908,90.00001536792563,2.189391290974975,-17.1,118.0,10.0,-14.2,11.0,102.0,0.3,22.0,d,0.0,1017.0,2.1,66.0,1019.0,0.0,22.0,-9.0,2024-01-21T07:15:00,2024-01-21T12:15:00,1705839300.0,1.2,16.0,308.0,11.8,6.3,Few clouds,c02n,801.0,4951257.0,Somerville,US,42.3876,-71.0995,MA,994971-99999,America/New_York
2024-01-21 07:30:00,-8.781172823949746,79.44512248655369,90.0,8.78117282394974,-17.0,120.6,9.0,-14.2,23.0,203.0,2.7,45.0,d,0.0,1018.0,2.1,66.0,1020.0,0.0,45.0,-9.0,2024-01-21T07:30:00,2024-01-21T12:30:00,1705840200.0,1.2,16.0,309.0,11.6,6.2,Few clouds,c02n,801.0,4951257.0,Somerville,US,42.3876,-71.0995,MA,994971-99999,America/New_York
2024-01-21 07:45:00,-16.256878408061908,71.2191954420326,90.00000120741826,16.25687840806191,-16.9,123.2,8.0,-14.2,34.0,305.0,5.1,67.0,d,0.0,1018.0,2.1,66.0,1020.0,0.0,67.0,-9.0,2024-01-21T07:45:00,2024-01-21T12:45:00,1705841100.0,1.2,16.0,310.0,11.4,6.1,Few clouds,c02d,801.0,4951257.0,Somerville,US,42.3876,-71.0995,MA,994971-99999,America/New_York
2024-01-21 08:00:00,-24.96782447725961,62.720991131916946,90.0,24.96782447725961,-16.9,125.8,7.0,-14.2,46.0,407.0,7.4,89.0,d,0.0,1018.0,2.1,66.0,1020.0,0.0,89.0,-9.0,2024-01-21T08:00:00,2024-01-21T13:00:00,1705842000.0,1.2,16.0,310.0,11.2,6.0,Few clouds,c02d,801.0,4951257.0,Somerville,US,42.3876,-71.0995,MA,994971-99999,America/New_York
2024-01-21 08:15:00,-36.070584947476114,53.81948383070207,90.0,36.070584947476114,-16.7,128.7,7.0,-14.0,52.0,461.0,9.5,125.0,d,0.0,1019.0,2.1,66.0,1021.0,0.0,125.0,-8.8,2024-01-21T08:15:00,2024-01-21T13:15:00,1705842900.0,1.3,16.0,310.0,11.6,6.1,Few clouds,c02d,801.0,4951257.0,Somerville,US,42.3876,-71.0995,MA,994971-99999,America/New_York
2024-01-21 08:30:00,-54.53151825285427,44.20091876129802,90.0,54.53151825285426,-16.6,131.6,6.0,-14.1,58.0,516.0,11.6,161.0,d,0.0,1019.0,2.1,65.0,1021.0,0.0,161.0,-8.7,2024-01-21T08:30:00,2024-01-21T13:30:00,1705843800.0,1.3,16.0,311.0,12.0,6.2,Few clouds,c02d,801.0,4951257.0,Somerville,US,42.3876,-71.0995,MA,994971-99999,America/New_York
2024-01-21 08:45:00,-60.0,43.865395727287954,90.0,59.99999999999999,-16.5,134.5,6.0,-14.1,64.0,570.0,13.7,197.0,d,0.0,1019.0,2.1,64.0,1021.0,0.0,197.0,-8.6,2024-01-21T08:45:00,2024-01-21T13:45:00,1705844700.0,1.4,16.0,312.0,12.4,6.3,Few clouds,c02d,801.0,4951257.0,Somerville,US,42.3876,-71.0995,MA,994971-99999,America/New_York
2024-01-21 09:00:00,-60.0,45.569376743926995,90.0,59.99999999999999,-16.4,137.4,6.0,-14.0,71.0,624.0,15.7,232.0,d,0.0,1019.0,2.1,64.0,1021.0,0.0,232.0,-8.4,2024-01-21T09:00:00,2024-01-21T14:00:00,1705845600.0,1.5,16.0,312.0,12.8,6.4,Few clouds,c02d,801.0,4951257.0,Somerville,US,42.3876,-71.0995,MA,994971-99999,America/New_York
2024-01-21 09:15:00,-60.0,47.4952961441445,90.0,59.99999999999999,-15.9,140.7,5.0,-13.9,74.0,650.0,17.4,262.0,d,0.0,1019.0,2.1,63.0,1021.0,0.0,262.0,-8.1,2024-01-21T09:15:00,2024-01-21T14:15:00,1705846500.0,1.5,16.0,312.0,10.8,6.3,Few clouds,c02d,801.0,4951257.0,Somerville,US,42.3876,-71.0995,MA,994971-99999,America/New_York
2024-01-21 09:30:00,-59.37408668195237,49.614720090689794,90.0,59.37408668195237,-15.4,144.0,4.0,-13.8,77.0,675.0,19.0,292.0,d,0.0,1019.0,2.1,62.0,1021.0,0.0,292.0,-7.8,2024-01-21T09:30:00,2024-01-21T14:30:00,1705847400.0,1.7,16.0,312.0,12.6,6.2,Few clouds,c02d,801.0,4951257.0,Somerville,US,42.3876,-71.0995,MA,994971-99999,America/New_York
2024-01-21 09:45:00,-54.93503808977086,51.73619590211611,90.0,54.93503808977086,-15.0,147.3,4.0,-13.9,81.0,700.0,20.6,322.0,d,0.0,1019.0,2.1,60.0,1021.0,0.0,322.0,-7.5,2024-01-21T09:45:00,2024-01-21T14:45:00,1705848300.0,1.8,16.0,312.0,12.5,6.1,Few clouds,c02d,801.0,4951257.0,Somerville,US,42.3876,-71.0995,MA,994971-99999,America/New_York
2024-01-21 10:00:00,-50.14789145427098,53.740622225088586,90.0,50.14789145427098,-14.5,150.7,3.0,-13.8,84.0,725.0,22.3,352.0,d,0.0,1019.0,2.1,59.0,1021.0,0.0,352.0,-7.2,2024-01-21T10:00:00,2024-01-21T15:00:00,1705849200.0,1.9,16.0,312.0,12.4,6.0,Few clouds,c02d,801.0,4951257.0,Somerville,US,42.3876,-71.0995,MA,994971-99999,America/New_York
2024-01-21 10:15:00,-44.97439971988591,55.60411616965895,90.0,44.97439971988591,-14.1,154.3,2.0,-13.7,86.0,737.0,23.3,371.0,d,0.0,1019.0,2.1,58.0,1021.0,0.0,371.0,-6.8,2024-01-21T10:15:00,2024-01-21T15:15:00,1705850100.0,2.0,16.0,312.0,12.4,6.0,Few clouds,c02d,801.0,4951257.0,Somerville,US,42.3876,-71.0995,MA,994971-99999,America/New_York
2024-01-21 10:30:00,-39.38217464241636,57.29947558115739,90.00000120741826,39.382174642416366,-13.7,158.0,2.0,-13.6,88.0,749.0,24.3,391.0,d,0.0,1019.0,2.1,57.0,1021.0,0.0,391.0,-6.5,2024-01-21T10:30:00,2024-01-21T15:30:00,1705851000.0,2.1,16.0,311.0,12.4,6.0,Few clouds,c02d,801.0,4951257.0,Somerville,US,42.3876,-71.0995,MA,994971-99999,America/New_York
2024-01-21 10:45:00,-33.3511339035608,58.79652947233639,90.0,33.3511339035608,-13.3,161.7,2.0,-13.5,90.0,761.0,25.4,410.0,d,0.0,1019.0,2.1,56.0,1021.0,0.0,410.0,-6.2,2024-01-21T10:45:00,2024-01-21T15:45:00,1705851900.0,2.2,16.0,310.0,12.4,6.0,Few clouds,c02d,801.0,4951257.0,Somerville,US,42.3876,-71.0995,MA,994971-99999,America/New_York
2024-01-21 11:00:00,-26.88177010670286,60.06312969303024,90.00000085377364,26.881770106702863,-12.9,165.4,1.0,-13.5,92.0,773.0,26.4,429.0,d,0.0,1019.0,2.1,55.0,1021.0,0.0,429.0,-5.9,2024-01-21T11:00:00,2024-01-21T16:00:00,1705852800.0,2.3,16.0,310.0,12.4,6.0,Clear Sky,c01d,800.0,4951257.0,Somerville,US,42.3876,-71.0995,MA,994971-99999,America/New_York
2024-01-21 11:15:00,-20.004041078584972,61.067024899732274,90.0,20.004041078584965,-12.8,169.4,1.0,-13.6,92.0,776.0,26.7,435.0,d,0.0,1019.0,2.1,54.0,1021.0,0.0,435.0,-5.8,2024-01-21T11:15:00,2024-01-21T16:15:00,1705853700.0,2.4,16.0,309.0,9.8,6.0,Clear Sky,c01d,800.0,4951257.0,Somerville,US,42.3876,-71.0995,MA,994971-99999,America/New_York
2024-01-21 11:30:00,-12.78428477952228,61.778632372297636,90.00000120741826,12.784284779522283,-12.6,173.3,0.0,-13.4,93.0,780.0,27.1,441.0,d,0.0,1019.0,2.1,54.0,1021.0,0.0,441.0,-5.7,2024-01-21T11:30:00,2024-01-21T16:30:00,1705854600.0,2.4,16.0,308.0,12.4,6.0,Clear Sky,c01d,800.0,4951257.0,Somerville,US,42.3876,-71.0995,MA,994971-99999,America/New_York
2024-01-21 11:45:00,-5.326532968076268,62.174450645064375,90.00000190909591,5.326532968076271,-12.5,177.3,0.0,-13.6,93.0,783.0,27.4,447.0,d,0.0,1019.0,2.1,53.0,1021.0,0.0,447.0,-5.5,2024-01-21T11:45:00,2024-01-21T16:45:00,1705855500.0,2.5,16.0,307.0,12.4,6.0,Clear Sky,c01d,800.0,4951257.0,Somerville,US,42.3876,-71.0995,MA,994971-99999,America/New_York
2024-01-21 12:00:00,2.2348107978160305,62.2403753128222,270.0,2.2348107978160194,-12.3,181.2,0.0,-13.7,94.0,786.0,27.7,453.0,d,0.0,1019.0,2.1,52.0,1021.0,0.0,453.0,-5.4,2024-01-21T12:00:00,2024-01-21T17:00:00,1705856400.0,2.5,16.0,306.0,9.8,6.0,Clear Sky,c01d,800.0,4951257.0,Somerville,US,42.3876,-71.0995,MA,994971-99999,America/New_York
2024-01-21 12:15:00,9.751014079579832,61.97396089717741,270.0,9.751014079579825,-11.8,185.1,0.0,-13.3,93.0,782.0,27.3,445.0,d,0.0,1019.0,2.1,52.0,1021.0,0.0,445.0,-5.0,2024-01-21T12:15:00,2024-01-21T17:15:00,1705857300.0,2.5,16.0,306.0,9.8,6.0,Clear Sky,c01d,800.0,4951257.0,Somerville,US,42.3876,-71.0995,MA,994971-99999,America/New_York
2024-01-21 12:30:00,17.07966541088405,61.38483282603573,270.0,17.079665410884047,-11.2,189.1,0.0,-12.9,92.0,777.0,26.9,437.0,d,0.0,1019.0,2.1,52.0,1021.0,0.0,437.0,-4.5,2024-01-21T12:30:00,2024-01-21T17:30:00,1705858200.0,2.4,16.0,305.0,12.0,6.0,Clear Sky,c01d,800.0,4951257.0,Somerville,US,42.3876,-71.0995,MA,994971-99999,America/New_York
2024-01-21 12:45:00,24.103253325111023,60.49309554878005,270.0,24.103253325111016,-10.7,193.0,0.0,-12.7,92.0,773.0,26.4,429.0,d,0.0,1019.0,2.1,51.0,1021.0,0.0,429.0,-4.1,2024-01-21T12:45:00,2024-01-21T17:45:00,1705859100.0,2.4,16.0,304.0,11.8,6.0,Clear Sky,c01d,800.0,4951257.0,Somerville,US,42.3876,-71.0995,MA,994971-99999,America/New_York
2024-01-21 13:00:00,30.740178426230383,59.32631694809855,270.0,30.740178426230383,-10.1,196.9,0.0,-12.3,91.0,768.0,26.0,421.0,d,0.0,1019.0,2.1,51.0,1021.0,0.0,421.0,-3.7,2024-01-21T13:00:00,2024-01-21T18:00:00,1705860000.0,2.3,16.0,304.0,11.6,6.0,Clear Sky,c01d,800.0,4951257.0,Somerville,US,42.3876,-71.0995,MA,994971-99999,America/New_York
2024-01-21 13:15:00,36.946622510380685,57.916049351713916,270.0,36.946622510380685,-9.7,200.6,0.0,-12.3,89.0,755.0,24.8,400.0,d,0.0,1019.0,2.1,50.0,1021.0,0.0,400.0,-3.4,2024-01-21T13:15:00,2024-01-21T18:15:00,1705860900.0,2.2,16.0,304.0,11.5,5.9,Clear Sky,c01d,800.0,4951257.0,Somerville,US,42.3876,-71.0995,MA,994971-99999,America/New_York
2024-01-21 13:30:00,42.711407940396136,56.29474219880812,270.0,42.711407940396136,-9.2,204.2,0.0,-12.0,87.0,741.0,23.7,379.0,d,0.0,1019.0,2.1,50.0,1021.0,0.0,379.0,-3.0,2024-01-21T13:30:00,2024-01-21T18:30:00,1705861800.0,2.1,16.0,304.0,11.4,5.8,Clear Sky,c01d,800.0,4951257.0,Somerville,US,42.3876,-71.0995,MA,994971-99999,America/New_York
2024-01-21 13:45:00,48.04750452196257,54.49350372744218,269.99999914622634,48.04750452196258,-8.7,207.9,0.0,-11.9,85.0,728.0,22.6,358.0,d,0.0,1019.0,2.1,49.0,1021.0,0.0,358.0,-2.7,2024-01-21T13:45:00,2024-01-21T18:45:00,1705862700.0,2.0,16.0,304.0,11.3,5.7,Clear Sky,c01d,800.0,4951257.0,Somerville,US,42.3876,-71.0995,MA,994971-99999,America/New_York
2024-01-21 14:00:00,52.983296530255735,52.540780224477714,270.0,52.983296530255735,-8.3,211.5,0.0,-11.9,83.0,715.0,21.4,337.0,d,0.0,1019.0,2.1,48.0,1021.0,0.0,337.0,-2.4,2024-01-21T14:00:00,2024-01-21T19:00:00,1705863600.0,1.9,16.0,304.0,11.2,5.6,Clear Sky,c01d,800.0,4951257.0,Somerville,US,42.3876,-71.0995,MA,994971-99999,America/New_York
2024-01-21 14:15:00,57.55534359053957,50.46177252859141,270.0,57.55534359053957,-8.0,214.7,0.0,-11.9,79.0,687.0,19.7,306.0,d,0.0,1019.0,2.1,47.0,1021.0,0.0,306.0,-2.1,2024-01-21T14:15:00,2024-01-21T19:15:00,1705864500.0,1.8,16.0,304.0,11.3,5.7,Clear Sky,c01d,800.0,4951257.0,Somerville,US,42.3876,-71.0995,MA,994971-99999,America/New_York
2024-01-21 14:30:00,60.0,48.303664483884596,270.0,59.99999999999999,-7.7,218.0,0.0,-11.9,75.0,659.0,18.0,275.0,d,0.0,1019.0,2.1,46.0,1021.0,0.0,275.0,-1.9,2024-01-21T14:30:00,2024-01-21T19:30:00,1705865400.0,1.6,16.0,305.0,11.4,5.8,Clear Sky,c01d,800.0,4951257.0,Somerville,US,42.3876,-71.0995,MA,994971-99999,America/New_York
2024-01-21 14:45:00,60.0,46.28856205283537,270.0,59.99999999999999,-7.4,221.2,0.0,-11.9,72.0,631.0,16.3,243.0,d,0.0,1019.0,2.1,45.0,1021.0,0.0,243.0,-1.6,2024-01-21T14:45:00,2024-01-21T19:45:00,1705866300.0,1.5,16.0,306.0,11.5,5.9,Clear Sky,c01d,800.0,4951257.0,Somerville,US,42.3876,-71.0995,MA,994971-99999,America/New_York
2024-01-21 15:00:00,60.0,44.48453097595654,270.0,59.99999999999999,-7.1,224.5,0.0,-12.0,68.0,603.0,14.6,212.0,d,0.0,1019.0,2.1,44.0,1021.0,0.0,212.0,-1.3,2024-01-21T15:00:00,2024-01-21T20:00:00,1705867200.0,1.5,16.0,306.0,11.6,6.0,Clear Sky,c01d,800.0,4951257.0,Somerville,US,42.3876,-71.0995,MA,994971-99999,America/New_York
2024-01-21 15:15:00,60.0,42.91769293252339,270.0,59.99999999999999,-7.2,227.3,0.0,-12.1,61.0,540.0,12.5,176.0,d,0.0,1019.0,2.1,44.0,1021.0,0.0,176.0,-1.4,2024-01-21T15:15:00,2024-01-21T20:15:00,1705868100.0,1.4,16.0,306.0,11.2,5.9,Clear Sky,c01d,800.0,4951257.0,Somerville,US,42.3876,-71.0995,MA,994971-99999,America/New_York
2024-01-21 15:30:00,42.325510560151194,49.75924544900258,270.0,42.32551056015119,-7.3,230.2,0.0,-12.2,54.0,478.0,10.4,140.0,d,0.0,1020.0,2.1,44.0,1022.0,0.0,140.0,-1.6,2024-01-21T15:30:00,2024-01-21T20:30:00,1705869000.0,1.3,16.0,307.0,10.8,5.8,Clear Sky,c01d,800.0,4951257.0,Somerville,US,42.3876,-71.0995,MA,994971-99999,America/New_York
2024-01-21 15:45:00,29.321034521363742,58.918003349878525,270.0,29.321034521363742,-7.4,233.1,0.0,-12.3,47.0,416.0,8.2,105.0,d,0.0,1020.0,2.1,44.0,1022.0,0.0,105.0,-1.7,2024-01-21T15:45:00,2024-01-21T20:45:00,1705869900.0,1.3,16.0,308.0,10.4,5.7,Clear Sky,c01d,800.0,4951257.0,Somerville,US,42.3876,-71.0995,MA,994971-99999,America/New_York
2024-01-21 16:00:00,19.817473497737225,67.56473713272631,270.0,19.81747349773722,-7.5,235.9,0.0,-12.4,41.0,354.0,6.1,69.0,d,0.0,1020.0,2.1,44.0,1022.0,0.0,69.0,-1.8,2024-01-21T16:00:00,2024-01-21T21:00:00,1705870800.0,1.3,16.0,308.0,8.2,5.6,Clear Sky,c01d,800.0,4951257.0,Somerville,US,42.3876,-71.0995,MA,994971-99999,America/New_York
2024-01-21 16:15:00,11.898274827233081,75.90240177827178,269.9999982924527,11.898274827233086,-7.7,238.5,0.0,-12.3,30.0,265.0,3.7,52.0,d,0.0,1020.0,2.1,45.0,1022.0,0.0,52.0,-2.0,2024-01-21T16:15:00,2024-01-21T21:15:00,1705871700.0,1.3,16.0,307.0,8.2,5.5,Clear Sky,c01d,800.0,4951257.0,Somerville,US,42.3876,-71.0995,MA,994971-99999,America/New_York
2024-01-21 16:30:00,4.938988638884965,83.95151430674734,269.9999940848827,4.93898863888499,-7.8,241.1,0.0,-12.2,20.0,177.0,1.3,34.0,d,0.0,1021.0,2.1,46.0,1023.0,0.0,34.0,-2.1,2024-01-21T16:30:00,2024-01-21T21:30:00,1705872600.0,1.3,16.0,306.0,9.8,5.4,Clear Sky,c01n,800.0,4951257.0,Somerville,US,42.3876,-71.0995,MA,994971-99999,America/New_York
2024-01-21 16:45:00,,,,,-8.0,243.6,0.0,-12.3,10.0,88.0,-1.2,17.0,d,0.0,1021.0,2.1,46.0,1023.0,0.0,17.0,-2.3,2024-01-21T16:45:00,2024-01-21T21:45:00,1705873500.0,0.0,16.0,305.0,9.7,5.3,Clear Sky,c01n,800.0,4951257.0,Somerville,US,42.3876,-71.0995,MA,994971-99999,America/New_York
2024-01-21 17:00:00,,,,,-8.2,246.2,0.0,-12.2,0.0,0.0,-3.6,0.0,n,0.0,1021.0,2.1,47.0,1023.0,0.0,0.0,-2.5,2024-01-21T17:00:00,2024-01-21T22:00:00,1705874400.0,0.0,16.0,304.0,9.6,5.2,Clear Sky,c01n,800.0,4951257.0,Somerville,US,42.3876,-71.0995,MA,994971-99999,America/New_York
2024-01-21 17:15:00,,,,,-8.3,248.6,0.0,-12.3,0.0,0.0,-6.2,0.0,n,0.0,1021.0,2.1,47.0,1023.0,0.0,0.0,-2.6,2024-01-21T17:15:00,2024-01-21T22:15:00,1705875300.0,0.0,16.0,304.0,9.6,5.2,Clear Sky,c01n,800.0,4951257.0,Somerville,US,42.3876,-71.0995,MA,994971-99999,America/New_York
2024-01-21 17:30:00,,,,,-8.4,251.0,0.0,-12.1,0.0,0.0,-8.8,0.0,n,0.0,1022.0,2.1,48.0,1024.0,0.0,0.0,-2.6,2024-01-21T17:30:00,2024-01-21T22:30:00,1705876200.0,0.0,16.0,303.0,9.6,5.2,Clear Sky,c01n,800.0,4951257.0,Somerville,US,42.3876,-71.0995,MA,994971-99999,America/New_York
2024-01-21 17:45:00,,,,,-8.4,253.4,0.0,-12.2,0.0,0.0,-11.4,0.0,n,0.0,1022.0,2.1,48.0,1024.0,0.0,0.0,-2.7,2024-01-21T17:45:00,2024-01-21T22:45:00,1705877100.0,0.0,16.0,302.0,9.6,5.2,Clear Sky,c01n,800.0,4951257.0,Somerville,US,42.3876,-71.0995,MA,994971-99999,America/New_York
2024-01-21 18:00:00,,,,,-8.5,255.8,0.0,-12.3,0.0,0.0,-14.0,0.0,n,0.0,1022.0,2.1,48.0,1024.0,0.0,0.0,-2.8,2024-01-21T18:00:00,2024-01-21T23:00:00,1705878000.0,0.0,16.0,302.0,9.6,5.2,Clear Sky,c01n,800.0,4951257.0,Somerville,US,42.3876,-71.0995,MA,994971-99999,America/New_York
2024-01-21 18:15:00,,,,,-8.7,258.1,0.0,-12.3,0.0,0.0,-16.8,0.0,n,0.0,1023.0,2.1,48.0,1025.0,0.0,0.0,-2.9,2024-01-21T18:15:00,2024-01-21T23:15:00,1705878900.0,0.0,16.0,303.0,9.6,5.3,Clear Sky,c01n,800.0,4951257.0,Somerville,US,42.3876,-71.0995,MA,994971-99999,America/New_York
2024-01-21 18:30:00,,,,,-8.9,260.5,0.0,-12.2,0.0,0.0,-19.5,0.0,n,0.0,1023.0,2.1,49.0,1025.0,0.0,0.0,-3.0,2024-01-21T18:30:00,2024-01-21T23:30:00,1705879800.0,0.0,16.0,304.0,9.6,5.4,Clear Sky,c01n,800.0,4951257.0,Somerville,US,42.3876,-71.0995,MA,994971-99999,America/New_York
2024-01-21 18:45:00,,,,,-9.1,262.9,0.0,-12.0,0.0,0.0,-22.2,0.0,n,0.0,1023.0,2.1,50.0,1025.0,0.0,0.0,-3.1,2024-01-21T18:45:00,2024-01-21T23:45:00,1705880700.0,0.0,16.0,305.0,9.6,5.5,Clear Sky,c01n,800.0,4951257.0,Somerville,US,42.3876,-71.0995,MA,994971-99999,America/New_York
2024-01-21 19:00:00,,,,,-9.3,265.3,0.0,-12.1,0.0,0.0,-25.0,0.0,n,0.0,1024.0,2.1,50.0,1026.0,0.0,0.0,-3.2,2024-01-21T19:00:00,2024-01-22T00:00:00,1705881600.0,0.0,16.0,306.0,7.7,5.6,Clear Sky,c01n,800.0,4951257.0,Somerville,US,42.3876,-71.0995,MA,994971-99999,America/New_York
2024-01-21 19:15:00,,,,,-9.6,267.8,0.0,-12.3,0.0,0.0,-27.7,0.0,n,0.0,1024.0,2.1,50.0,1026.0,0.0,0.0,-3.4,2024-01-21T19:15:00,2024-01-22T00:15:00,1705882500.0,0.0,16.0,307.0,7.7,5.7,Clear Sky,c01n,800.0,4951257.0,Somerville,US,42.3876,-71.0995,MA,994971-99999,America/New_York
2024-01-21 19:30:00,,,,,-9.9,270.4,0.0,-12.5,0.0,0.0,-30.5,0.0,n,0.0,1024.0,2.1,50.0,1026.0,0.0,0.0,-3.6,2024-01-21T19:30:00,2024-01-22T00:30:00,1705883400.0,0.0,16.0,308.0,9.4,5.8,Clear Sky,c01n,800.0,4951257.0,Somerville,US,42.3876,-71.0995,MA,994971-99999,America/New_York
2024-01-21 19:45:00,,,,,-10.2,272.9,0.0,-12.4,0.0,0.0,-33.2,0.0,n,0.0,1024.0,2.1,51.0,1026.0,0.0,0.0,-3.8,2024-01-21T19:45:00,2024-01-22T00:45:00,1705884300.0,0.0,16.0,309.0,9.3,5.9,Clear Sky,c01n,800.0,4951257.0,Somerville,US,42.3876,-71.0995,MA,994971-99999,America/New_York
2024-01-21 20:00:00,,,,,-10.5,275.4,0.0,-12.6,0.0,0.0,-36.0,0.0,n,0.0,1024.0,2.1,51.0,1026.0,0.0,0.0,-4.0,2024-01-21T20:00:00,2024-01-22T01:00:00,1705885200.0,0.0,16.0,310.0,9.2,6.0,Clear Sky,c01n,800.0,4951257.0,Somerville,US,42.3876,-71.0995,MA,994971-99999,America/New_York
2024-01-21 20:15:00,,,,,-10.6,278.5,0.0,-12.5,0.0,0.0,-38.7,0.0,n,0.0,1024.0,2.1,52.0,1026.0,0.0,0.0,-4.1,2024-01-21T20:15:00,2024-01-22T01:15:00,1705886100.0,0.0,16.0,310.0,9.1,5.9,Clear Sky,c01n,800.0,4951257.0,Somerville,US,42.3876,-71.0995,MA,994971-99999,America/New_York
2024-01-21 20:30:00,,,,,-10.7,281.5,0.0,-12.1,0.0,0.0,-41.4,0.0,n,0.0,1024.0,2.1,54.0,1026.0,0.0,0.0,-4.2,2024-01-21T20:30:00,2024-01-22T01:30:00,1705887000.0,0.0,16.0,311.0,9.0,5.8,Clear Sky,c01n,800.0,4951257.0,Somerville,US,42.3876,-71.0995,MA,994971-99999,America/New_York
2024-01-21 20:45:00,,,,,-10.7,284.5,0.0,-12.0,0.0,0.0,-44.1,0.0,n,0.0,1025.0,2.1,55.0,1027.0,0.0,0.0,-4.3,2024-01-21T20:45:00,2024-01-22T01:45:00,1705887900.0,0.0,16.0,312.0,8.9,5.7,Clear Sky,c01n,800.0,4951257.0,Somerville,US,42.3876,-71.0995,MA,994971-99999,America/New_York
2024-01-21 21:00:00,,,,,-10.8,287.5,0.0,-11.8,0.0,0.0,-46.9,0.0,n,0.0,1025.0,2.1,56.0,1027.0,0.0,0.0,-4.4,2024-01-21T21:00:00,2024-01-22T02:00:00,1705888800.0,0.0,16.0,312.0,8.8,5.6,Clear Sky,c01n,800.0,4951257.0,Somerville,US,42.3876,-71.0995,MA,994971-99999,America/New_York
2024-01-21 21:15:00,,,,,-10.9,291.6,0.0,-11.9,0.0,0.0,-49.4,0.0,n,0.0,1025.0,2.1,56.0,1027.0,0.0,0.0,-4.5,2024-01-21T21:15:00,2024-01-22T02:15:00,1705889700.0,0.0,16.0,312.0,8.8,5.6,Clear Sky,c01n,800.0,4951257.0,Somerville,US,42.3876,-71.0995,MA,994971-99999,America/New_York
2024-01-21 21:30:00,,,,,-11.0,295.7,0.0,-12.0,0.0,0.0,-51.9,0.0,n,0.0,1025.0,2.1,56.0,1027.0,0.0,0.0,-4.5,2024-01-21T21:30:00,2024-01-22T02:30:00,1705890600.0,0.0,16.0,311.0,8.8,5.6,Clear Sky,c01n,800.0,4951257.0,Somerville,US,42.3876,-71.0995,MA,994971-99999,America/New_York
2024-01-21 21:45:00,,,,,-11.1,299.7,0.0,-12.0,0.0,0.0,-54.4,0.0,n,0.0,1025.0,2.1,56.0,1027.0,0.0,0.0,-4.6,2024-01-21T21:45:00,2024-01-22T02:45:00,1705891500.0,0.0,16.0,310.0,8.8,5.6,Clear Sky,c01n,800.0,4951257.0,Somerville,US,42.3876,-71.0995,MA,994971-99999,America/New_York
2024-01-21 22:00:00,,,,,-11.2,303.8,0.0,-12.1,0.0,0.0,-56.9,0.0,n,0.0,1025.0,2.1,56.0,1027.0,0.0,0.0,-4.7,2024-01-21T22:00:00,2024-01-22T03:00:00,1705892400.0,0.0,16.0,310.0,8.8,5.6,Clear Sky,c01n,800.0,4951257.0,Somerville,US,42.3876,-71.0995,MA,994971-99999,America/New_York
2024-01-21 22:15:00,,,,,-11.3,309.9,0.0,-12.0,0.0,0.0,-58.8,0.0,n,0.0,1025.0,2.1,57.0,1027.0,0.0,0.0,-4.8,2024-01-21T22:15:00,2024-01-22T03:15:00,1705893300.0,0.0,16.0,310.0,8.7,5.5,Clear Sky,c01n,800.0,4951257.0,Somerville,US,42.3876,-71.0995,MA,994971-99999,America/New_York
2024-01-21 22:30:00,,,,,-11.4,316.0,0.0,-11.9,0.0,0.0,-60.7,0.0,n,0.0,1026.0,2.1,58.0,1028.0,0.0,0.0,-5.0,2024-01-21T22:30:00,2024-01-22T03:30:00,1705894200.0,0.0,16.0,309.0,8.6,5.4,Clear Sky,c01n,800.0,4951257.0,Somerville,US,42.3876,-71.0995,MA,994971-99999,America/New_York
2024-01-21 22:45:00,,,,,-11.5,322.1,0.0,-12.0,0.0,0.0,-62.7,0.0,n,0.0,1026.0,2.1,58.0,1028.0,0.0,0.0,-5.1,2024-01-21T22:45:00,2024-01-22T03:45:00,1705895100.0,0.0,16.0,308.0,8.5,5.3,Clear Sky,c01n,800.0,4951257.0,Somerville,US,42.3876,-71.0995,MA,994971-99999,America/New_York
2024-01-21 23:00:00,,,,,-11.6,328.2,0.0,-11.9,0.0,0.0,-64.6,0.0,n,0.0,1026.0,2.1,59.0,1028.0,0.0,0.0,-5.2,2024-01-21T23:00:00,2024-01-22T04:00:00,1705896000.0,0.0,16.0,308.0,8.4,5.2,Clear Sky,c01n,800.0,4951257.0,Somerville,US,42.3876,-71.0995,MA,994971-99999,America/New_York
2024-01-21 23:15:00,,,,,-11.6,246.9,0.0,-11.8,0.0,0.0,-65.3,0.0,n,0.0,1026.0,2.1,60.0,1028.0,0.0,0.0,-5.3,2024-01-21T23:15:00,2024-01-22T04:15:00,1705896900.0,0.0,16.0,309.0,8.3,5.2,Clear Sky,c01n,800.0,4951257.0,Somerville,US,42.3876,-71.0995,MA,994971-99999,America/New_York
2024-01-21 23:30:00,,,,,-11.7,165.5,0.0,-11.9,0.0,0.0,-66.0,0.0,n,0.0,1026.0,2.1,60.0,1028.0,0.0,0.0,-5.3,2024-01-21T23:30:00,2024-01-22T04:30:00,1705897800.0,0.0,16.0,310.0,8.2,5.2,Clear Sky,c01n,800.0,4951257.0,Somerville,US,42.3876,-71.0995,MA,994971-99999,America/New_York
2024-01-21 23:45:00,,,,,-11.8,84.1,0.0,-11.9,0.0,0.0,-66.7,0.0,n,0.0,1026.0,2.1,60.0,1028.0,0.0,0.0,-5.4,2024-01-21T23:45:00,2024-01-22T04:45:00,1705898700.0,0.0,16.0,311.0,8.1,5.2,Clear Sky,c01n,800.0,4951257.0,Somerville,US,42.3876,-71.0995,MA,994971-99999,America/New_York
2024-01-22 00:00:00,,,,,-11.9,2.7,0.0,-11.8,0.0,0.0,-67.4,0.0,n,0.0,1026.0,2.1,61.0,1028.0,0.0,0.0,-5.5,2024-01-22T00:00:00,2024-01-22T05:00:00,1705899600.0,0.0,16.0,312.0,8.0,5.2,Clear Sky,c01n,800.0,4951257.0,Somerville,US,42.3876,-71.0995,MA,994971-99999,America/New_York
2024-01-22 00:15:00,,,,,-11.8,11.1,0.0,-11.8,0.0,0.0,-66.5,0.0,n,0.0,1027.0,2.1,61.0,1029.0,0.0,0.0,-5.5,2024-01-22T00:15:00,2024-01-22T05:15:00,1705900500.0,0.0,16.0,312.0,7.9,5.0,Clear Sky,c01n,800.0,4951257.0,Somerville,US,42.3876,-71.0995,MA,994971-99999,America/New_York
2024-01-22 00:30:00,,,,,-11.7,19.4,0.0,-11.9,0.0,0.0,-65.5,0.0,n,0.0,1027.0,2.1,61.0,1029.0,0.0,0.0,-5.5,2024-01-22T00:30:00,2024-01-22T05:30:00,1705901400.0,0.0,16.0,313.0,7.8,4.8,Clear Sky,c01n,800.0,4951257.0,Somerville,US,42.3876,-71.0995,MA,994971-99999,America/New_York
2024-01-22 00:45:00,,,,,-11.6,27.7,0.0,-11.9,0.0,0.0,-64.6,0.0,n,0.0,1027.0,2.1,61.0,1029.0,0.0,0.0,-5.6,2024-01-22T00:45:00,2024-01-22T05:45:00,1705902300.0,0.0,16.0,314.0,7.7,4.6,Clear Sky,c01n,800.0,4951257.0,Somerville,US,42.3876,-71.0995,MA,994971-99999,America/New_York
2024-01-22 01:00:00,,,,,-11.5,36.1,0.0,-11.9,0.0,0.0,-63.7,0.0,n,0.0,1027.0,2.1,61.0,1029.0,0.0,0.0,-5.6,2024-01-22T01:00:00,2024-01-22T06:00:00,1705903200.0,0.0,16.0,314.0,7.6,4.4,Clear Sky,c01n,800.0,4951257.0,Somerville,US,42.3876,-71.0995,MA,994971-99999,America/New_York
2024-01-22 01:15:00,,,,,-11.5,41.8,0.0,-11.9,0.0,0.0,-61.6,0.0,n,0.0,1027.0,2.1,61.0,1029.0,0.0,0.0,-5.6,2024-01-22T01:15:00,2024-01-22T06:15:00,1705904100.0,0.0,16.0,314.0,7.5,4.4,Clear Sky,c01n,800.0,4951257.0,Somerville,US,42.3876,-71.0995,MA,994971-99999,America/New_York
2024-01-22 01:30:00,,,,,-11.5,47.5,0.0,-11.7,0.0,0.0,-59.5,0.0,n,0.0,1027.0,2.1,62.0,1029.0,0.0,0.0,-5.6,2024-01-22T01:30:00,2024-01-22T06:30:00,1705905000.0,0.0,16.0,313.0,7.4,4.4,Clear Sky,c01n,800.0,4951257.0,Somerville,US,42.3876,-71.0995,MA,994971-99999,America/New_York
2024-01-22 01:45:00,,,,,-11.5,53.2,0.0,-11.7,0.0,0.0,-57.5,0.0,n,0.0,1027.0,2.1,62.0,1029.0,0.0,0.0,-5.6,2024-01-22T01:45:00,2024-01-22T06:45:00,1705905900.0,0.0,16.0,312.0,7.3,4.4,Clear Sky,c01n,800.0,4951257.0,Somerville,US,42.3876,-71.0995,MA,994971-99999,America/New_York
2024-01-22 02:00:00,,,,,-11.5,59.0,0.0,-11.7,0.0,0.0,-55.4,0.0,n,0.0,1028.0,2.1,62.0,1030.0,0.0,0.0,-5.6,2024-01-22T02:00:00,2024-01-22T07:00:00,1705906800.0,0.0,16.0,312.0,7.2,4.4,Clear Sky,c01n,800.0,4951257.0,Somerville,US,42.3876,-71.0995,MA,994971-99999,America/New_York
2024-01-22 02:15:00,,,,,-11.5,62.8,0.0,-11.8,0.0,0.0,-52.9,0.0,n,0.0,1028.0,2.1,62.0,1030.0,0.0,0.0,-5.7,2024-01-22T02:15:00,2024-01-22T07:15:00,1705907700.0,0.0,16.0,311.0,7.1,4.3,Clear Sky,c01n,800.0,4951257.0,Somerville,US,42.3876,-71.0995,MA,994971-99999,America/New_York
2024-01-22 02:30:00,,,,,-11.5,66.7,0.0,-11.8,0.0,0.0,-50.3,0.0,n,0.0,1028.0,2.1,62.0,1030.0,0.0,0.0,-5.8,2024-01-22T02:30:00,2024-01-22T07:30:00,1705908600.0,0.0,16.0,310.0,7.0,4.2,Clear Sky,c01n,800.0,4951257.0,Somerville,US,42.3876,-71.0995,MA,994971-99999,America/New_York
2024-01-22 02:45:00,,,,,-11.5,70.5,0.0,-12.1,0.0,0.0,-47.8,0.0,n,0.0,1028.0,2.1,61.0,1030.0,0.0,0.0,-5.8,2024-01-22T02:45:00,2024-01-22T07:45:00,1705909500.0,0.0,16.0,309.0,6.9,4.1,Clear Sky,c01n,800.0,4951257.0,Somerville,US,42.3876,-71.0995,MA,994971-99999,America/New_York
2024-01-22 03:00:00,,,,,-11.5,74.4,0.0,-12.2,0.0,0.0,-45.3,0.0,n,0.0,1028.0,2.1,61.0,1030.0,0.0,0.0,-5.9,2024-01-22T03:00:00,2024-01-22T08:00:00,1705910400.0,0.0,16.0,308.0,6.8,4.0,Clear Sky,c01n,800.0,4951257.0,Somerville,US,42.3876,-71.0995,MA,994971-99999,America/New_York
2024-01-22 03:15:00,,,,,-11.5,77.3,0.0,-12.4,0.0,0.0,-42.5,0.0,n,0.0,1028.0,2.1,60.0,1030.0,0.0,0.0,-5.9,2024-01-22T03:15:00,2024-01-22T08:15:00,1705911300.0,0.0,16.0,306.0,6.7,3.9,Clear Sky,c01n,800.0,4951257.0,Somerville,US,42.3876,-71.0995,MA,994971-99999,America/New_York
2024-01-22 03:30:00,,,,,-11.4,80.2,0.0,-12.4,0.0,0.0,-39.8,0.0,n,0.0,1028.0,2.1,60.0,1030.0,0.0,0.0,-6.0,2024-01-22T03:30:00,2024-01-22T08:30:00,1705912200.0,0.0,16.0,305.0,6.6,3.8,Clear Sky,c01n,800.0,4951257.0,Somerville,US,42.3876,-71.0995,MA,994971-99999,America/New_York
2024-01-22 03:45:00,,,,,-11.4,83.2,0.0,-12.5,0.0,0.0,-37.1,0.0,n,0.0,1028.0,2.1,60.0,1030.0,0.0,0.0,-6.0,2024-01-22T03:45:00,2024-01-22T08:45:00,1705913100.0,0.0,16.0,304.0,6.5,3.7,Clear Sky,c01n,800.0,4951257.0,Somerville,US,42.3876,-71.0995,MA,994971-99999,America/New_York
2024-01-22 04:00:00,,,,,-11.3,86.1,0.0,-12.7,0.0,0.0,-34.3,0.0,n,0.0,1028.0,2.1,59.0,1030.0,0.0,0.0,-6.0,2024-01-22T04:00:00,2024-01-22T09:00:00,1705914000.0,0.0,16.0,302.0,6.4,3.6,Clear Sky,c01n,800.0,4951257.0,Somerville,US,42.3876,-71.0995,MA,994971-99999,America/New_York
2024-01-22 04:15:00,,,,,-11.3,88.6,0.0,-12.9,0.0,0.0,-31.6,0.0,n,0.0,1028.0,2.1,58.0,1030.0,0.0,0.0,-6.0,2024-01-22T04:15:00,2024-01-22T09:15:00,1705914900.0,0.0,16.0,301.0,6.3,3.6,Clear Sky,c01n,800.0,4951257.0,Somerville,US,42.3876,-71.0995,MA,994971-99999,America/New_York
2024-01-22 04:30:00,,,,,-11.2,91.1,0.0,-12.9,0.0,0.0,-28.8,0.0,n,0.0,1028.0,2.1,58.0,1030.0,0.0,0.0,-6.0,2024-01-22T04:30:00,2024-01-22T09:30:00,1705915800.0,0.0,16.0,300.0,6.2,3.6,Clear Sky,c01n,800.0,4951257.0,Somerville,US,42.3876,-71.0995,MA,994971-99999,America/New_York
2024-01-22 04:45:00,,,,,-11.2,93.6,0.0,-12.8,0.0,0.0,-26.0,0.0,n,0.0,1028.0,2.1,58.0,1030.0,0.0,0.0,-5.9,2024-01-22T04:45:00,2024-01-22T09:45:00,1705916700.0,0.0,16.0,299.0,6.1,3.6,Clear Sky,c01n,800.0,4951257.0,Somerville,US,42.3876,-71.0995,MA,994971-99999,America/New_York
2024-01-22 05:00:00,,,,,-11.2,96.1,0.0,-13.0,0.0,0.0,-23.3,0.0,n,0.0,1028.0,2.1,57.0,1030.0,0.0,0.0,-5.9,2024-01-22T05:00:00,2024-01-22T10:00:00,1705917600.0,0.0,16.0,298.0,6.0,3.6,Clear Sky,c01n,800.0,4951257.0,Somerville,US,42.3876,-71.0995,MA,994971-99999,America/New_York
2024-01-22 05:15:00,,,,,-11.3,98.5,0.0,-13.3,0.0,0.0,-20.5,0.0,n,0.0,1028.0,2.1,56.0,1030.0,0.0,0.0,-6.0,2024-01-22T05:15:00,2024-01-22T10:15:00,1705918500.0,0.0,16.0,296.0,6.1,3.6,Clear Sky,c01n,800.0,4951257.0,Somerville,US,42.3876,-71.0995,MA,994971-99999,America/New_York
2024-01-22 05:30:00,,,,,-11.4,100.8,0.0,-13.4,0.0,0.0,-17.8,0.0,n,0.0,1028.0,2.1,56.0,1030.0,0.0,0.0,-6.0,2024-01-22T05:30:00,2024-01-22T10:30:00,1705919400.0,0.0,16.0,294.0,6.2,3.6,Clear Sky,c01n,800.0,4951257.0,Somerville,US,42.3876,-71.0995,MA,994971-99999,America/New_York
2024-01-22 05:45:00,,,,,-11.4,103.2,0.0,-13.4,0.0,0.0,-15.1,0.0,n,0.0,1028.0,2.1,56.0,1030.0,0.0,0.0,-6.1,2024-01-22T05:45:00,2024-01-22T10:45:00,1705920300.0,0.0,16.0,292.0,6.3,3.6,Clear Sky,c01n,800.0,4951257.0,Somerville,US,42.3876,-71.0995,MA,994971-99999,America/New_York
2024-01-22 06:00:00,,,,,-11.5,105.6,0.0,-13.7,0.0,0.0,-12.4,0.0,n,0.0,1028.0,2.1,55.0,1030.0,0.0,0.0,-6.2,2024-01-22T06:00:00,2024-01-22T11:00:00,1705921200.0,0.0,16.0,290.0,6.4,3.6,Clear Sky,c01n,800.0,4951257.0,Somerville,US,42.3876,-71.0995,MA,994971-99999,America/New_York
2024-01-22 06:15:00,,,,,-11.4,108.0,0.0,-13.6,0.0,0.0,-9.8,0.0,n,0.0,1028.0,2.1,55.0,1030.0,0.0,0.0,-6.1,2024-01-22T06:15:00,2024-01-22T11:15:00,1705922100.0,0.0,16.0,289.0,6.4,3.6,Clear Sky,c01n,800.0,4951257.0,Somerville,US,42.3876,-71.0995,MA,994971-99999,America/New_York
2024-01-22 06:30:00,,,,,-11.3,110.4,0.0,-13.6,0.0,0.0,-7.2,0.0,n,0.0,1029.0,2.1,55.0,1031.0,0.0,0.0,-6.0,2024-01-22T06:30:00,2024-01-22T11:30:00,1705923000.0,0.0,16.0,288.0,6.4,3.6,Clear Sky,c01n,800.0,4951257.0,Somerville,US,42.3876,-71.0995,MA,994971-99999,America/New_York
2024-01-22 06:45:00,,,,,-11.2,112.8,0.0,-13.5,0.0,0.0,-4.6,0.0,n,0.0,1029.0,2.1,55.0,1031.0,0.0,0.0,-5.9,2024-01-22T06:45:00,2024-01-22T11:45:00,1705923900.0,0.0,16.0,287.0,6.4,3.6,Clear Sky,c01n,800.0,4951257.0,Somerville,US,42.3876,-71.0995,MA,994971-99999,America/New_York
2024-01-22 07:00:00,,,,,-11.1,115.2,0.0,-13.4,0.0,0.0,-2.0,0.0,n,0.0,1029.0,2.1,55.0,1031.0,0.0,0.0,-5.8,2024-01-22T07:00:00,2024-01-22T12:00:00,1705924800.0,0.0,16.0,286.0,6.4,3.6,Clear Sky,c01n,800.0,4951257.0,Somerville,US,42.3876,-71.0995,MA,994971-99999,America/New_York
2024-01-22 07:15:00,-2.473511778048689,86.93388764827914,90.0,2.4735117780486746,-10.8,117.8,0.0,-13.4,12.0,103.0,0.4,23.0,d,0.0,1029.0,2.1,54.0,1031.0,0.0,23.0,-5.6,2024-01-22T07:15:00,2024-01-22T12:15:00,1705925700.0,1.3,16.0,284.0,6.4,3.6,Clear Sky,c01n,800.0,4951257.0,Somerville,US,42.3876,-71.0995,MA,994971-99999,America/New_York
2024-01-22 07:30:00,-9.106466317874094,79.0350717852538,90.00000120741826,9.106466317874096,-10.6,120.4,0.0,-13.2,23.0,206.0,2.8,46.0,d,0.0,1029.0,2.1,54.0,1031.0,0.0,46.0,-5.4,2024-01-22T07:30:00,2024-01-22T12:30:00,1705926600.0,1.3,16.0,282.0,6.4,3.6,Clear Sky,c01n,800.0,4951257.0,Somerville,US,42.3876,-71.0995,MA,994971-99999,America/New_York
2024-01-22 07:45:00,-16.623562483829275,70.76500912742847,90.00000147877934,16.62356248382928,-10.3,123.0,0.0,-13.3,35.0,309.0,5.2,69.0,d,0.0,1029.0,2.1,53.0,1031.0,0.0,69.0,-5.2,2024-01-22T07:45:00,2024-01-22T12:45:00,1705927500.0,1.3,16.0,280.0,6.4,3.6,Clear Sky,c01d,800.0,4951257.0,Somerville,US,42.3876,-71.0995,MA,994971-99999,America/New_York
2024-01-22 08:00:00,-25.40164422412699,62.21323071567523,90.00000120741826,25.401644224126997,-10.1,125.6,0.0,-13.3,46.0,412.0,7.6,91.0,d,0.0,1029.0,2.1,52.0,1031.0,0.0,91.0,-5.0,2024-01-22T08:00:00,2024-01-22T13:00:00,1705928400.0,1.3,16.0,278.0,6.4,3.6,Clear Sky,c01d,800.0,4951257.0,Somerville,US,42.3876,-71.0995,MA,994971-99999,America/New_York
2024-01-22 08:15:00,-36.650642849073314,53.23599289254853,90.0,36.650642849073314,-9.7,128.5,0.0,-13.2,52.0,466.0,9.7,127.0,d,0.0,1029.0,2.1,51.0,1031.0,0.0,127.0,-4.7,2024-01-22T08:15:00,2024-01-22T13:15:00,1705929300.0,1.3,16.0,276.0,7.7,3.6,Clear Sky,c01d,800.0,4951257.0,Somerville,US,42.3876,-71.0995,MA,994971-99999,America/New_York
2024-01-22 08:30:00,-55.831409936618215,43.4973370480119,90.0,55.831409936618215,-9.3,131.4,0.0,-13.2,59.0,519.0,11.7,163.0,d,0.0,1029.0,2.1,50.0,1031.0,0.0,163.0,-4.3,2024-01-22T08:30:00,2024-01-22T13:30:00,1705930200.0,1.4,16.0,274.0,6.4,3.6,Clear Sky,c01d,800.0,4951257.0,Somerville,US,42.3876,-71.0995,MA,994971-99999,America/New_York
2024-01-22 08:45:00,-60.0,43.63574170386097,90.0,59.99999999999999,-8.9,134.3,0.0,-13.1,65.0,573.0,13.8,199.0,d,0.0,1029.0,2.1,49.0,1031.0,0.0,199.0,-4.0,2024-01-22T08:45:00,2024-01-22T13:45:00,1705931100.0,1.4,16.0,272.0,6.4,3.6,Clear Sky,c01d,800.0,4951257.0,Somerville,US,42.3876,-71.0995,MA,994971-99999,America/New_York
2024-01-22 09:00:00,-60.0,45.34357647778079,90.0,59.99999999999999,-8.5,137.2,0.0,-13.1,71.0,627.0,15.9,235.0,d,0.0,1029.0,2.1,48.0,1031.0,0.0,235.0,-3.7,2024-01-22T09:00:00,2024-01-22T14:00:00,1705932000.0,1.5,16.0,270.0,6.4,3.6,Clear Sky,c01d,800.0,4951257.0,Somerville,US,42.3876,-71.0995,MA,994971-99999,America/New_York
2024-01-22 09:15:00,-60.0,47.27428688847735,90.0,59.99999999999999,-7.9,140.6,0.0,-12.7,74.0,652.0,17.5,265.0,d,0.0,1029.0,2.1,48.0,1031.0,0.0,265.0,-3.3,2024-01-22T09:15:00,2024-01-22T14:15:00,1705932900.0,1.6,16.0,268.0,7.7,3.5,Clear Sky,c01d,800.0,4951257.0,Somerville,US,42.3876,-71.0995,MA,994971-99999,America/New_York
2024-01-22 09:30:00,-59.23987483111628,49.39773109021858,90.0,59.23987483111628,-7.2,143.9,0.0,-12.3,78.0,677.0,19.2,295.0,d,0.0,1029.0,2.1,48.0,1031.0,0.0,295.0,-2.8,2024-01-22T09:30:00,2024-01-22T14:30:00,1705933800.0,1.7,16.0,265.0,6.6,3.4,Clear Sky,c01d,800.0,4951257.0,Somerville,US,42.3876,-71.0995,MA,994971-99999,America/New_York
2024-01-22 09:45:00,-54.8077371467571,51.51603789081232,90.0,54.8077371467571,-6.6,147.2,0.0,-12.1,81.0,702.0,20.8,325.0,d,0.0,1029.0,2.1,47.0,1031.0,0.0,325.0,-2.4,2024-01-22T09:45:00,2024-01-22T14:45:00,1705934700.0,1.8,16.0,262.0,6.7,3.3,Clear Sky,c01d,800.0,4951257.0,Somerville,US,42.3876,-71.0995,MA,994971-99999,America/New_York
2024-01-22 10:00:00,-50.031001776659565,53.51714478517933,90.0,50.031001776659565,-6.0,150.5,0.0,-11.7,85.0,727.0,22.5,356.0,d,0.0,1029.0,2.1,47.0,1031.0,0.0,356.0,-1.9,2024-01-22T10:00:00,2024-01-22T15:00:00,1705935600.0,2.0,16.0,260.0,7.7,3.2,Clear Sky,c01d,800.0,4951257.0,Somerville,US,42.3876,-71.0995,MA,994971-99999,America/New_York
2024-01-22 10:15:00,-44.872299541558455,55.37733180991496,90.0,44.87229954155846,-5.6,154.2,0.0,-11.6,87.0,739.0,23.5,375.0,d,0.0,1029.0,2.1,46.0,1031.0,0.0,375.0,-1.5,2024-01-22T10:15:00,2024-01-22T15:15:00,1705936500.0,2.1,16.0,258.0,6.9,3.3,Clear Sky,c01d,800.0,4951257.0,Somerville,US,42.3876,-71.0995,MA,994971-99999,America/New_York
2024-01-22 10:30:00,-39.300144460718045,57.06963042934343,90.0,39.300144460718045,-5.2,157.9,0.0,-11.3,88.0,751.0,24.5,394.0,d,0.0,1029.0,2.1,46.0,1031.0,0.0,394.0,-1.1,2024-01-22T10:30:00,2024-01-22T15:30:00,1705937400.0,2.2,16.0,255.0,7.0,3.4,Clear Sky,c01d,800.0,4951257.0,Somerville,US,42.3876,-71.0995,MA,994971-99999,America/New_York
2024-01-22 10:45:00,-33.295223079639214,58.564176939178175,90.0,33.295223079639214,-4.9,161.6,0.0,-10.9,90.0,763.0,25.6,413.0,d,0.0,1029.0,2.1,46.0,1031.0,0.0,413.0,-0.8,2024-01-22T10:45:00,2024-01-22T15:45:00,1705938300.0,2.3,16.0,252.0,7.1,3.5,Clear Sky,c01d,800.0,4951257.0,Somerville,US,42.3876,-71.0995,MA,994971-99999,America/New_York
2024-01-22 11:00:00,-26.858416708364263,59.82920407719901,90.0,26.858416708364263,-4.5,165.3,0.0,-10.9,92.0,775.0,26.6,433.0,d,0.0,1028.0,2.1,45.0,1030.0,0.0,433.0,-0.4,2024-01-22T11:00:00,2024-01-22T16:00:00,1705939200.0,2.4,16.0,250.0,7.2,3.6,Clear Sky,c01d,800.0,4951257.0,Somerville,US,42.3876,-71.0995,MA,994971-99999,America/New_York
2024-01-22 11:15:00,-20.019384684108484,60.83287186799195,90.00000147877934,20.01938468410849,-4.3,169.3,0.0,-11.0,93.0,778.0,27.0,439.0,d,0.0,1028.0,2.1,44.0,1030.0,0.0,439.0,-0.3,2024-01-22T11:15:00,2024-01-22T16:15:00,1705940100.0,2.4,16.0,248.0,7.3,3.6,Clear Sky,c01d,800.0,4951257.0,Somerville,US,42.3876,-71.0995,MA,994971-99999,America/New_York
2024-01-22 11:30:00,-12.843210795339683,61.54598624334276,90.0,12.843210795339674,-4.2,173.2,1.0,-10.9,93.0,782.0,27.3,445.0,d,0.0,1028.0,2.1,44.0,1030.0,0.0,445.0,-0.1,2024-01-22T11:30:00,2024-01-22T16:30:00,1705941000.0,2.4,16.0,246.0,7.4,3.6,Clear Sky,c01d,800.0,4951257.0,Somerville,US,42.3876,-71.0995,MA,994971-99999,America/New_York
2024-01-22 11:45:00,-5.431649352153644,61.94531346085832,90.00000526301422,5.431649352153667,-4.0,177.2,2.0,-11.1,94.0,785.0,27.6,451.0,d,0.0,1027.0,2.1,43.0,1029.0,0.0,451.0,0.0,2024-01-22T11:45:00,2024-01-22T16:45:00,1705941900.0,2.5,16.0,244.0,7.5,3.6,Few clouds,c02d,801.0,4951257.0,Somerville,US,42.3876,-71.0995,MA,994971-99999,America/New_York
2024-01-22 12:00:00,2.083920664315078,62.01682297016462,269.99998733649034,2.083920664315129,-3.9,181.2,2.0,-11.3,94.0,788.0,28.0,457.0,d,0.0,1027.0,2.1,42.0,1029.0,0.0,457.0,0.1,2024-01-22T12:00:00,2024-01-22T17:00:00,1705942800.0,2.5,16.0,242.0,7.6,3.6,Few clouds,c02d,801.0,4951257.0,Somerville,US,42.3876,-71.0995,MA,994971-99999,America/New_York
2024-01-22 12:15:00,9.55793021385271,61.75789886000861,269.9999963777452,9.55793021385273,-3.4,185.1,22.0,-10.9,93.0,784.0,27.5,449.0,d,0.0,1027.0,2.1,42.0,1029.0,0.0,447.0,0.5,2024-01-22T12:15:00,2024-01-22T17:15:00,1705943700.0,2.1,16.0,240.0,7.7,3.7,Scattered clouds,c02d,802.0,4951257.0,Somerville,US,42.3876,-71.0995,MA,994971-99999,America/New_York
2024-01-22 12:30:00,16.85055579149476,61.17777805584995,270.0,16.85055579149476,-3.0,189.0,42.0,-10.8,93.0,779.0,27.1,441.0,d,0.0,1026.0,2.1,41.0,1028.0,0.0,420.0,0.9,2024-01-22T12:30:00,2024-01-22T17:30:00,1705944600.0,1.7,16.0,239.0,8.0,3.8,Broken clouds,c03d,803.0,4951257.0,Somerville,US,42.3876,-71.0995,MA,994971-99999,America/New_York
2024-01-22 12:45:00,23.845795147043617,60.29603719287043,269.99999914622634,23.845795147043624,-2.5,193.0,61.0,-10.7,92.0,775.0,26.7,433.0,d,0.0,1026.0,2.1,40.0,1028.0,0.0,360.0,1.4,2024-01-22T12:45:00,2024-01-22T17:45:00,1705945500.0,1.4,16.0,238.0,8.2,3.9,Broken clouds,c03d,803.0,4951257.0,Somerville,US,42.3876,-71.0995,MA,994971-99999,America/New_York
2024-01-22 13:00:00,30.4623726048945,59.13968906468831,270.0,30.462372604894494,-2.1,196.9,81.0,-10.3,91.0,771.0,26.2,425.0,d,0.0,1026.0,2.1,40.0,1028.0,0.0,238.0,1.8,2024-01-22T13:00:00,2024-01-22T18:00:00,1705946400.0,1.0,16.0,236.0,7.7,4.0,Overcast clouds,c04d,804.0,4951257.0,Somerville,US,42.3876,-71.0995,MA,994971-99999,America/New_York
2024-01-22 13:15:00,36.65584873733989,57.73978738150942,270.0,36.65584873733989,-2.0,200.6,79.0,-10.2,89.0,757.0,25.1,404.0,d,0.0,1026.0,2.1,40.0,1028.0,0.0,241.0,2.0,2024-01-22T13:15:00,2024-01-22T18:15:00,1705947300.0,1.0,16.0,236.0,7.7,4.2,Overcast clouds,c04d,804.0,4951257.0,Somerville,US,42.3876,-71.0995,MA,994971-99999,America/New_York
2024-01-22 13:30:00,42.413874333623184,56.12839440535962,270.0,42.41387433362318,-1.8,204.2,76.0,-10.0,87.0,744.0,23.9,383.0,d,0.0,1026.0,2.1,40.0,1028.0,0.0,247.0,2.2,2024-01-22T13:30:00,2024-01-22T18:30:00,1705948200.0,1.0,16.0,236.0,8.8,4.4,Overcast clouds,c04d,804.0,4951257.0,Somerville,US,42.3876,-71.0995,MA,994971-99999,America/New_York
2024-01-22 13:45:00,47.74806409279024,54.33635388794165,270.0,47.74806409279024,-1.7,207.9,74.0,-10.1,85.0,731.0,22.8,362.0,d,0.0,1026.0,2.1,39.0,1028.0,0.0,245.0,2.4,2024-01-22T13:45:00,2024-01-22T18:45:00,1705949100.0,1.0,16.0,236.0,9.0,4.6,Overcast clouds,c04d,804.0,4951257.0,Somerville,US,42.3876,-71.0995,MA,994971-99999,America/New_York
2024-01-22 14:00:00,52.6855135632919,52.39195423667129,270.0,52.6855135632919,-1.6,211.5,72.0,-9.9,83.0,717.0,21.7,341.0,d,0.0,1026.0,2.1,39.0,1028.0,0.0,241.0,2.6,2024-01-22T14:00:00,2024-01-22T19:00:00,1705950000.0,1.0,16.0,236.0,9.2,4.8,Overcast clouds,c04d,804.0,4951257.0,Somerville,US,42.3876,-71.0995,MA,994971-99999,America/New_York
2024-01-22 14:15:00,57.26168732672332,50.32032693641355,270.0,57.26168732672332,-1.5,214.8,76.0,-9.9,80.0,690.0,20.0,310.0,d,0.0,1026.0,2.1,39.0,1028.0,0.0,200.0,2.6,2024-01-22T14:15:00,2024-01-22T19:15:00,1705950900.0,0.8,16.0,235.0,7.7,4.7,Overcast clouds,c04d,804.0,4951257.0,Somerville,US,42.3876,-71.0995,MA,994971-99999,America/New_York
2024-01-22 14:30:00,60.0,48.161297167264784,270.0,59.99999999999999,-1.4,218.0,80.0,-10.2,76.0,662.0,18.3,279.0,d,0.0,1026.0,2.1,38.0,1028.0,0.0,161.0,2.6,2024-01-22T14:30:00,2024-01-22T19:30:00,1705951800.0,0.7,16.0,234.0,8.8,4.6,Overcast clouds,c04d,804.0,4951257.0,Somerville,US,42.3876,-71.0995,MA,994971-99999,America/New_York
2024-01-22 14:45:00,60.0,46.133681988163126,270.0,59.99999999999999,-1.4,221.3,85.0,-10.2,72.0,635.0,16.5,247.0,d,0.0,1026.0,2.1,38.0,1028.0,0.0,119.0,2.6,2024-01-22T14:45:00,2024-01-22T19:45:00,1705952700.0,0.6,16.0,233.0,8.6,4.5,Overcast clouds,c04d,804.0,4951257.0,Somerville,US,42.3876,-71.0995,MA,994971-99999,America/New_York
2024-01-22 15:00:00,60.0,44.316986628030435,270.0,59.99999999999999,-1.3,224.6,89.0,-10.2,68.0,607.0,14.8,216.0,d,0.0,1026.0,2.1,38.0,1028.0,0.0,85.0,2.6,2024-01-22T15:00:00,2024-01-22T20:00:00,1705953600.0,0.6,16.0,232.0,8.4,4.4,Overcast clouds,c04d,804.0,4951257.0,Somerville,US,42.3876,-71.0995,MA,994971-99999,America/New_York
2024-01-22 15:15:00,60.0,42.73763732305678,270.0,59.99999999999999,-1.3,227.4,92.0,-10.2,62.0,546.0,12.7,180.0,d,0.0,1026.0,2.1,38.0,1028.0,0.0,120.0,2.6,2024-01-22T15:15:00,2024-01-22T20:15:00,1705954500.0,0.5,16.0,232.0,8.3,4.5,Overcast clouds,c04d,804.0,4951257.0,Somerville,US,42.3876,-71.0995,MA,994971-99999,America/New_York
2024-01-22 15:30:00,43.675864719481396,48.771815970824356,270.0,43.675864719481396,-1.4,230.3,94.0,-9.9,55.0,485.0,10.6,144.0,d,0.0,1025.0,2.1,39.0,1027.0,0.0,94.0,2.7,2024-01-22T15:30:00,2024-01-22T20:30:00,1705955400.0,0.5,16.0,231.0,8.2,4.6,Overcast clouds,c04d,804.0,4951257.0,Somerville,US,42.3876,-71.0995,MA,994971-99999,America/New_York
2024-01-22 15:45:00,30.205808741769246,58.04846431394539,270.0,30.20580874176925,-1.4,233.2,97.0,-9.6,48.0,424.0,8.5,108.0,d,0.0,1025.0,2.1,40.0,1027.0,0.0,68.0,2.7,2024-01-22T15:45:00,2024-01-22T20:45:00,1705956300.0,0.4,16.0,230.0,8.1,4.7,Overcast clouds,c04d,804.0,4951257.0,Somerville,US,42.3876,-71.0995,MA,994971-99999,America/New_York
2024-01-22 16:00:00,20.528583149019866,66.77174243225252,270.0,20.528583149019862,-1.5,236.0,100.0,-9.5,41.0,363.0,6.3,72.0,d,0.0,1025.0,2.1,40.0,1027.0,0.0,48.0,2.7,2024-01-22T16:00:00,2024-01-22T21:00:00,1705957200.0,0.4,16.0,230.0,7.7,4.8,Overcast clouds,c04d,804.0,4951257.0,Somerville,US,42.3876,-71.0995,MA,994971-99999,America/New_York
2024-01-22 16:15:00,12.516308448341746,75.1660769668714,270.0,12.516308448341741,-1.4,238.6,100.0,-9.2,31.0,272.0,3.9,54.0,d,0.0,1025.0,2.1,41.0,1027.0,0.0,36.0,2.7,2024-01-22T16:15:00,2024-01-22T21:15:00,1705958100.0,0.4,16.0,230.0,7.7,4.7,Overcast clouds,c04d,804.0,4951257.0,Somerville,US,42.3876,-71.0995,MA,994971-99999,America/New_York
2024-01-22 16:30:00,5.487674327706117,83.274555767003,270.0,5.487674327706103,-1.3,241.2,100.0,-8.9,21.0,181.0,1.5,36.0,d,0.0,1025.0,2.1,42.0,1027.0,0.0,25.0,2.7,2024-01-22T16:30:00,2024-01-22T21:30:00,1705959000.0,0.4,16.0,229.0,8.0,4.6,Overcast clouds,c04n,804.0,4951257.0,Somerville,US,42.3876,-71.0995,MA,994971-99999,America/New_York
2024-01-22 16:45:00,,,,,-1.3,243.7,100.0,-8.6,10.0,91.0,-0.9,18.0,d,0.0,1026.0,2.1,43.0,1028.0,0.0,12.0,2.7,2024-01-22T16:45:00,2024-01-22T21:45:00,1705959900.0,0.0,16.0,228.0,8.0,4.5,Overcast clouds,c04n,804.0,4951257.0,Somerville,US,42.3876,-71.0995,MA,994971-99999,America/New_York
2024-01-22 17:00:00,,,,,-1.2,246.3,100.0,-8.3,0.0,0.0,-3.4,0.0,n,0.0,1026.0,2.1,44.0,1028.0,0.0,0.0,2.7,2024-01-22T17:00:00,2024-01-22T22:00:00,1705960800.0,0.0,16.0,228.0,8.0,4.4,Overcast clouds,c04n,804.0,4951257.0,Somerville,US,42.3876,-71.0995,MA,994971-99999,America/New_York
2024-01-22 17:15:00,,,,,-1.2,248.7,100.0,-8.3,0.0,0.0,-6.0,0.0,n,0.0,1026.0,2.1,44.0,1028.0,0.0,0.0,2.7,2024-01-22T17:15:00,2024-01-22T22:15:00,1705961700.0,0.0,16.0,228.0,8.2,4.5,Overcast clouds,c04n,804.0,4951257.0,Somerville,US,42.3876,-71.0995,MA,994971-99999,America/New_York
2024-01-22 17:30:00,,,,,-1.3,251.1,100.0,-8.3,0.0,0.0,-8.6,0.0,n,0.0,1026.0,2.1,44.0,1028.0,0.0,0.0,2.7,2024-01-22T17:30:00,2024-01-22T22:30:00,1705962600.0,0.0,16.0,228.0,8.4,4.6,Overcast clouds,c04n,804.0,4951257.0,Somerville,US,42.3876,-71.0995,MA,994971-99999,America/New_York
2024-01-22 17:45:00,,,,,-1.3,253.5,100.0,-8.0,0.0,0.0,-11.2,0.0,n,0.0,1026.0,2.1,45.0,1028.0,0.0,0.0,2.8,2024-01-22T17:45:00,2024-01-22T22:45:00,1705963500.0,0.0,16.0,228.0,8.6,4.7,Overcast clouds,c04n,804.0,4951257.0,Somerville,US,42.3876,-71.0995,MA,994971-99999,America/New_York
2024-01-22 18:00:00,,,,,-1.4,255.9,100.0,-8.0,0.0,0.0,-13.8,0.0,n,0.0,1026.0,2.1,45.0,1028.0,0.0,0.0,2.8,2024-01-22T18:00:00,2024-01-22T23:00:00,1705964400.0,0.0,16.0,228.0,8.8,4.8,Overcast clouds,c04n,804.0,4951257.0,Somerville,US,42.3876,-71.0995,MA,994971-99999,America/New_York
2024-01-22 18:15:00,,,,,-1.4,258.3,100.0,-8.0,0.0,0.0,-16.6,0.0,n,0.0,1025.0,2.1,45.0,1027.0,0.0,0.0,2.8,2024-01-22T18:15:00,2024-01-22T23:15:00,1705965300.0,0.0,16.0,228.0,7.7,4.9,Overcast clouds,c04n,804.0,4951257.0,Somerville,US,42.3876,-71.0995,MA,994971-99999,America/New_York
2024-01-22 18:30:00,,,,,-1.4,260.7,100.0,-7.9,0.0,0.0,-19.3,0.0,n,0.0,1025.0,2.1,45.0,1027.0,0.0,0.0,2.8,2024-01-22T18:30:00,2024-01-22T23:30:00,1705966200.0,0.0,16.0,229.0,9.2,5.0,Overcast clouds,c04n,804.0,4951257.0,Somerville,US,42.3876,-71.0995,MA,994971-99999,America/New_York
2024-01-22 18:45:00,,,,,-1.5,263.0,99.0,-7.9,0.0,0.0,-22.0,0.0,n,0.0,1025.0,2.1,45.0,1027.0,0.0,0.0,2.8,2024-01-22T18:45:00,2024-01-22T23:45:00,1705967100.0,0.0,16.0,230.0,9.4,5.1,Overcast clouds,c04n,804.0,4951257.0,Somerville,US,42.3876,-71.0995,MA,994971-99999,America/New_York
2024-01-22 19:00:00,,,,,-1.5,265.4,99.0,-7.9,0.0,0.0,-24.8,0.0,n,0.0,1025.0,2.1,45.0,1027.0,0.0,0.0,2.8,2024-01-22T19:00:00,2024-01-23T00:00:00,1705968000.0,0.0,16.0,230.0,7.7,5.2,Overcast clouds,c04n,804.0,4951257.0,Somerville,US,42.3876,-71.0995,MA,994971-99999,America/New_York
2024-01-22 19:15:00,,,,,-1.7,268.0,99.0,-8.0,0.0,0.0,-27.5,0.0,n,0.0,1025.0,2.1,45.0,1027.0,0.0,0.0,2.7,2024-01-22T19:15:00,2024-01-23T00:15:00,1705968900.0,0.0,16.0,229.0,7.7,5.3,Overcast clouds,c04n,804.0,4951257.0,Somerville,US,42.3876,-71.0995,MA,994971-99999,America/New_York
2024-01-22 19:30:00,,,,,-1.9,270.5,98.0,-7.8,0.0,0.0,-30.3,0.0,n,0.0,1025.0,2.1,46.0,1027.0,0.0,0.0,2.6,2024-01-22T19:30:00,2024-01-23T00:30:00,1705969800.0,0.0,16.0,228.0,9.8,5.4,Overcast clouds,c04n,804.0,4951257.0,Somerville,US,42.3876,-71.0995,MA,994971-99999,America/New_York
2024-01-22 19:45:00,,,,,-2.0,273.1,98.0,-7.9,0.0,0.0,-33.1,0.0,n,0.0,1025.0,2.1,46.0,1027.0,0.0,0.0,2.5,2024-01-22T19:45:00,2024-01-23T00:45:00,1705970700.0,0.0,16.0,227.0,9.9,5.5,Overcast clouds,c04n,804.0,4951257.0,Somerville,US,42.3876,-71.0995,MA,994971-99999,America/New_York
2024-01-22 20:00:00,,,,,-2.2,275.6,98.0,-8.0,0.0,0.0,-35.8,0.0,n,0.0,1024.0,2.1,46.0,1026.0,0.0,0.0,2.4,2024-01-22T20:00:00,2024-01-23T01:00:00,1705971600.0,0.0,16.0,226.0,10.0,5.6,Overcast clouds,c04n,804.0,4951257.0,Somerville,US,42.3876,-71.0995,MA,994971-99999,America/New_York
2024-01-22 20:15:00,,,,,-2.4,278.6,96.0,-8.1,0.0,0.0,-38.5,0.0,n,0.0,1024.0,2.1,46.0,1026.0,0.0,0.0,2.3,2024-01-22T20:15:00,2024-01-23T01:15:00,1705972500.0,0.0,16.0,226.0,9.9,5.7,Overcast clouds,c04n,804.0,4951257.0,Somerville,US,42.3876,-71.0995,MA,994971-99999,America/New_York
2024-01-22 20:30:00,,,,,-2.6,281.7,93.0,-8.2,0.0,0.0,-41.2,0.0,n,0.0,1024.0,2.1,46.0,1026.0,0.0,0.0,2.2,2024-01-22T20:30:00,2024-01-23T01:30:00,1705973400.0,0.0,16.0,226.0,9.8,5.8,Overcast clouds,c04n,804.0,4951257.0,Somerville,US,42.3876,-71.0995,MA,994971-99999,America/New_York
2024-01-22 20:45:00,,,,,-2.7,284.7,90.0,-8.0,0.0,0.0,-44.0,0.0,n,0.0,1024.0,2.1,47.0,1026.0,0.0,0.0,2.1,2024-01-22T20:45:00,2024-01-23T01:45:00,1705974300.0,0.0,16.0,226.0,9.7,5.9,Overcast clouds,c04n,804.0,4951257.0,Somerville,US,42.3876,-71.0995,MA,994971-99999,America/New_York
2024-01-22 21:00:00,,,,,-2.9,287.7,88.0,-8.1,0.0,0.0,-46.7,0.0,n,0.0,1023.0,2.1,47.0,1025.0,0.0,0.0,2.0,2024-01-22T21:00:00,2024-01-23T02:00:00,1705975200.0,0.0,16.0,226.0,9.6,6.0,Overcast clouds,c04n,804.0,4951257.0,Somerville,US,42.3876,-71.0995,MA,994971-99999,America/New_York
2024-01-22 21:15:00,,,,,-2.9,291.8,87.0,-8.0,0.0,0.0,-49.2,0.0,n,0.0,1023.0,2.1,47.0,1025.0,0.0,0.0,2.1,2024-01-22T21:15:00,2024-01-23T02:15:00,1705976100.0,0.0,16.0,227.0,9.8,6.1,Overcast clouds,c04n,804.0,4951257.0,Somerville,US,42.3876,-71.0995,MA,994971-99999,America/New_York
2024-01-22 21:30:00,,,,,-2.8,295.9,86.0,-8.0,0.0,0.0,-51.6,0.0,n,0.0,1023.0,2.1,47.0,1025.0,0.0,0.0,2.1,2024-01-22T21:30:00,2024-01-23T02:30:00,1705977000.0,0.0,16.0,228.0,10.0,6.2,Overcast clouds,c04n,804.0,4951257.0,Somerville,US,42.3876,-71.0995,MA,994971-99999,America/New_York
2024-01-22 21:45:00,,,,,-2.8,299.9,86.0,-7.9,0.0,0.0,-54.1,0.0,n,0.0,1023.0,2.1,47.0,1025.0,0.0,0.0,2.2,2024-01-22T21:45:00,2024-01-23T02:45:00,1705977900.0,0.0,16.0,229.0,10.2,6.3,Overcast clouds,c04n,804.0,4951257.0,Somerville,US,42.3876,-71.0995,MA,994971-99999,America/New_York
2024-01-22 22:00:00,,,,,-2.7,304.0,85.0,-7.8,0.0,0.0,-56.6,0.0,n,0.0,1023.0,2.1,47.0,1025.0,0.0,0.0,2.3,2024-01-22T22:00:00,2024-01-23T03:00:00,1705978800.0,0.0,16.0,230.0,10.4,6.4,Overcast clouds,c04n,804.0,4951257.0,Somerville,US,42.3876,-71.0995,MA,994971-99999,America/New_York
2024-01-22 22:15:00,,,,,-2.7,310.1,87.0,-7.8,0.0,0.0,-58.6,0.0,n,0.0,1023.0,2.1,47.0,1025.0,0.0,0.0,2.3,2024-01-22T22:15:00,2024-01-23T03:15:00,1705979700.0,0.0,16.0,231.0,10.5,6.4,Overcast clouds,c04n,804.0,4951257.0,Somerville,US,42.3876,-71.0995,MA,994971-99999,America/New_York
2024-01-22 22:30:00,,,,,-2.7,316.2,88.0,-7.8,0.0,0.0,-60.5,0.0,n,0.0,1023.0,2.1,47.0,1025.0,0.0,0.0,2.3,2024-01-22T22:30:00,2024-01-23T03:30:00,1705980600.0,0.0,16.0,232.0,10.6,6.4,Overcast clouds,c04n,804.0,4951257.0,Somerville,US,42.3876,-71.0995,MA,994971-99999,America/New_York
2024-01-22 22:45:00,,,,,-2.6,322.2,90.0,-7.8,0.0,0.0,-62.4,0.0,n,0.0,1023.0,2.1,47.0,1025.0,0.0,0.0,2.4,2024-01-22T22:45:00,2024-01-23T03:45:00,1705981500.0,0.0,16.0,233.0,10.7,6.4,Overcast clouds,c04n,804.0,4951257.0,Somerville,US,42.3876,-71.0995,MA,994971-99999,America/New_York
2024-01-22 23:00:00,,,,,-2.6,328.3,92.0,-7.7,0.0,0.0,-64.4,0.0,n,0.0,1023.0,2.1,47.0,1025.0,0.0,0.0,2.4,2024-01-22T23:00:00,2024-01-23T04:00:00,1705982400.0,0.0,16.0,234.0,10.8,6.4,Overcast clouds,c04n,804.0,4951257.0,Somerville,US,42.3876,-71.0995,MA,994971-99999,America/New_York
2024-01-22 23:15:00,,,,,-2.5,246.9,90.0,-7.6,0.0,0.0,-65.1,0.0,n,0.0,1023.0,2.1,47.0,1025.0,0.0,0.0,2.5,2024-01-22T23:15:00,2024-01-23T04:15:00,1705983300.0,0.0,16.0,236.0,10.8,6.4,Overcast clouds,c04n,804.0,4951257.0,Somerville,US,42.3876,-71.0995,MA,994971-99999,America/New_York
2024-01-22 23:30:00,,,,,-2.3,165.4,88.0,-7.8,0.0,0.0,-65.8,0.0,n,0.0,1023.0,2.1,46.0,1025.0,0.0,0.0,2.6,2024-01-22T23:30:00,2024-01-23T04:30:00,1705984200.0,0.0,16.0,237.0,10.8,6.4,Overcast clouds,c04n,804.0,4951257.0,Somerville,US,42.3876,-71.0995,MA,994971-99999,America/New_York
2024-01-22 23:45:00,,,,,-2.2,84.0,87.0,-7.7,0.0,0.0,-66.5,0.0,n,0.0,1023.0,2.1,46.0,1025.0,0.0,0.0,2.7,2024-01-22T23:45:00,2024-01-23T04:45:00,1705985100.0,0.0,16.0,238.0,10.8,6.4,Overcast clouds,c04n,804.0,4951257.0,Somerville,US,42.3876,-71.0995,MA,994971-99999,America/New_York
2024-01-23 00:00:00,,,,,-2.1,2.5,85.0,-7.6,0.0,0.0,-67.2,0.0,n,0.0,1023.0,2.1,46.0,1025.0,0.0,0.0,2.8,2024-01-23T00:00:00,2024-01-23T05:00:00,1705986000.0,0.0,16.0,240.0,10.8,6.4,Overcast clouds,c04n,804.0,4951257.0,Somerville,US,42.3876,-71.0995,MA,994971-99999,America/New_York
2024-01-23 00:15:00,,,,,-2.1,10.8,88.0,-7.6,0.0,0.0,-66.3,0.0,n,0.0,1023.0,2.1,46.0,1025.0,0.0,0.0,2.8,2024-01-23T00:15:00,2024-01-23T05:15:00,1705986900.0,0.0,16.0,241.0,10.7,6.4,Overcast clouds,c04n,804.0,4951257.0,Somerville,US,42.3876,-71.0995,MA,994971-99999,America/New_York
2024-01-23 00:30:00,,,,,-2.1,19.1,90.0,-7.6,0.0,0.0,-65.4,0.0,n,0.0,1023.0,2.1,46.0,1025.0,0.0,0.0,2.8,2024-01-23T00:30:00,2024-01-23T05:30:00,1705987800.0,0.0,16.0,242.0,10.6,6.4,Overcast clouds,c04n,804.0,4951257.0,Somerville,US,42.3876,-71.0995,MA,994971-99999,America/New_York
2024-01-23 00:45:00,,,,,-2.1,27.4,93.0,-7.6,0.0,0.0,-64.4,0.0,n,0.0,1023.0,2.1,46.0,1025.0,0.0,0.0,2.8,2024-01-23T00:45:00,2024-01-23T05:45:00,1705988700.0,0.0,16.0,243.0,10.5,6.4,Overcast clouds,c04n,804.0,4951257.0,Somerville,US,42.3876,-71.0995,MA,994971-99999,America/New_York
2024-01-23 01:00:00,,,,,-2.1,35.7,96.0,-7.6,0.0,0.0,-63.5,0.0,n,0.0,1023.0,2.1,46.0,1025.0,0.0,0.0,2.8,2024-01-23T01:00:00,2024-01-23T06:00:00,1705989600.0,0.0,16.0,244.0,10.4,6.4,Overcast clouds,c04n,804.0,4951257.0,Somerville,US,42.3876,-71.0995,MA,994971-99999,America/New_York
2024-01-23 01:15:00,,,,,-1.9,41.4,97.0,-7.6,0.0,0.0,-61.4,0.0,n,0.0,1023.0,2.1,46.0,1025.0,0.0,0.0,2.9,2024-01-23T01:15:00,2024-01-23T06:15:00,1705990500.0,0.0,16.0,246.0,10.3,6.2,Overcast clouds,c04n,804.0,4951257.0,Somerville,US,42.3876,-71.0995,MA,994971-99999,America/New_York
2024-01-23 01:30:00,,,,,-1.7,47.1,98.0,-7.5,0.0,0.0,-59.4,0.0,n,0.0,1023.0,2.1,46.0,1025.0,0.0,0.0,3.0,2024-01-23T01:30:00,2024-01-23T06:30:00,1705991400.0,0.0,16.0,247.0,10.2,6.0,Overcast clouds,c04n,804.0,4951257.0,Somerville,US,42.3876,-71.0995,MA,994971-99999,America/New_York
2024-01-23 01:45:00,,,,,-1.5,52.9,99.0,-7.4,0.0,0.0,-57.3,0.0,n,0.0,1023.0,2.1,46.0,1025.0,0.0,0.0,3.0,2024-01-23T01:45:00,2024-01-23T06:45:00,1705992300.0,0.0,16.0,248.0,10.1,5.8,Overcast clouds,c04n,804.0,4951257.0,Somerville,US,42.3876,-71.0995,MA,994971-99999,America/New_York
2024-01-23 02:00:00,,,,,-1.3,58.6,100.0,-7.4,0.0,0.0,-55.3,0.0,n,0.0,1023.0,2.1,46.0,1025.0,0.0,0.0,3.1,2024-01-23T02:00:00,2024-01-23T07:00:00,1705993200.0,0.0,16.0,250.0,10.0,5.6,Overcast clouds,c04n,804.0,4951257.0,Somerville,US,42.3876,-71.0995,MA,994971-99999,America/New_York
2024-01-23 02:15:00,,,,,-1.3,62.5,100.0,-7.4,0.0,0.0,-52.8,0.0,n,0.0,1023.0,2.1,46.0,1025.0,0.0,0.0,3.1,2024-01-23T02:15:00,2024-01-23T07:15:00,1705994100.0,0.0,16.0,251.0,9.7,5.5,Overcast clouds,c04n,804.0,4951257.0,Somerville,US,42.3876,-71.0995,MA,994971-99999,America/New_York
2024-01-23 02:30:00,,,,,-1.2,66.3,100.0,-7.1,0.0,0.0,-50.2,0.0,n,0.0,1023.0,2.1,47.0,1025.0,0.0,0.0,3.1,2024-01-23T02:30:00,2024-01-23T07:30:00,1705995000.0,0.0,16.0,252.0,9.4,5.4,Overcast clouds,c04n,804.0,4951257.0,Somerville,US,42.3876,-71.0995,MA,994971-99999,America/New_York
2024-01-23 02:45:00,,,,,-1.1,70.2,100.0,-6.8,0.0,0.0,-47.7,0.0,n,0.0,1023.0,2.1,48.0,1025.0,0.0,0.0,3.2,2024-01-23T02:45:00,2024-01-23T07:45:00,1705995900.0,0.0,16.0,253.0,9.1,5.3,Overcast clouds,c04n,804.0,4951257.0,Somerville,US,42.3876,-71.0995,MA,994971-99999,America/New_York
2024-01-23 03:00:00,,,,,-1.0,74.1,100.0,-6.7,0.0,0.0,-45.1,0.0,n,0.0,1023.0,2.1,48.0,1025.0,0.0,0.0,3.2,2024-01-23T03:00:00,2024-01-23T08:00:00,1705996800.0,0.0,16.0,254.0,8.8,5.2,Overcast clouds,c04n,804.0,4951257.0,Somerville,US,42.3876,-71.0995,MA,994971-99999,America/New_York
2024-01-23 03:15:00,,,,,-1.0,77.0,95.0,-6.8,0.0,0.0,-42.4,0.0,n,0.0,1023.0,2.1,48.0,1025.0,0.0,0.0,3.2,2024-01-23T03:15:00,2024-01-23T08:15:00,1705997700.0,0.0,16.0,254.0,8.6,5.1,Overcast clouds,c04n,804.0,4951257.0,Somerville,US,42.3876,-71.0995,MA,994971-99999,America/New_York
2024-01-23 03:30:00,,,,,-1.0,79.9,90.0,-6.5,0.0,0.0,-39.7,0.0,n,0.0,1023.0,2.1,49.0,1025.0,0.0,0.0,3.1,2024-01-23T03:30:00,2024-01-23T08:30:00,1705998600.0,0.0,16.0,255.0,8.4,5.0,Overcast clouds,c04n,804.0,4951257.0,Somerville,US,42.3876,-71.0995,MA,994971-99999,America/New_York
2024-01-23 03:45:00,,,,,-1.0,82.9,86.0,-6.3,0.0,0.0,-37.0,0.0,n,0.0,1023.0,2.1,50.0,1025.0,0.0,0.0,3.1,2024-01-23T03:45:00,2024-01-23T08:45:00,1705999500.0,0.0,16.0,256.0,8.2,4.9,Overcast clouds,c04n,804.0,4951257.0,Somerville,US,42.3876,-71.0995,MA,994971-99999,America/New_York
2024-01-23 04:00:00,,,,,-0.9,85.8,81.0,-6.3,0.0,0.0,-34.2,0.0,n,0.0,1023.0,2.1,50.0,1025.0,0.0,0.0,3.1,2024-01-23T04:00:00,2024-01-23T09:00:00,1706000400.0,0.0,16.0,256.0,8.0,4.8,Overcast clouds,c04n,804.0,4951257.0,Somerville,US,42.3876,-71.0995,MA,994971-99999,America/New_York
2024-01-23 04:15:00,,,,,-0.9,88.3,78.0,-5.8,0.0,0.0,-31.5,0.0,n,0.0,1023.0,2.1,52.0,1025.0,0.0,0.0,3.1,2024-01-23T04:15:00,2024-01-23T09:15:00,1706001300.0,0.0,16.0,258.0,7.8,4.7,Overcast clouds,c04n,804.0,4951257.0,Somerville,US,42.3876,-71.0995,MA,994971-99999,America/New_York
2024-01-23 04:30:00,,,,,-0.8,90.8,74.0,-5.5,0.0,0.0,-28.7,0.0,n,0.0,1024.0,2.1,53.0,1026.0,0.0,0.0,3.1,2024-01-23T04:30:00,2024-01-23T09:30:00,1706002200.0,0.0,16.0,261.0,7.6,4.6,Overcast clouds,c04n,804.0,4951257.0,Somerville,US,42.3876,-71.0995,MA,994971-99999,America/New_York
2024-01-23 04:45:00,,,,,-0.8,93.3,70.0,-5.3,0.0,0.0,-25.9,0.0,n,0.0,1024.0,2.1,54.0,1026.0,0.0,0.0,3.1,2024-01-23T04:45:00,2024-01-23T09:45:00,1706003100.0,0.0,16.0,264.0,7.4,4.5,Broken clouds,c03n,803.0,4951257.0,Somerville,US,42.3876,-71.0995,MA,994971-99999,America/New_York
2024-01-23 05:00:00,,,,,-0.7,95.9,67.0,-4.8,0.0,0.0,-23.2,0.0,n,0.0,1024.0,2.1,56.0,1026.0,0.0,0.0,3.1,2024-01-23T05:00:00,2024-01-23T10:00:00,1706004000.0,0.0,16.0,266.0,7.2,4.4,Broken clouds,c03n,803.0,4951257.0,Somerville,US,42.3876,-71.0995,MA,994971-99999,America/New_York
2024-01-23 05:15:00,,,,,-0.7,98.2,68.0,-4.6,0.0,0.0,-20.4,0.0,n,0.0,1024.0,2.1,57.0,1026.0,0.0,0.0,3.1,2024-01-23T05:15:00,2024-01-23T10:15:00,1706004900.0,0.0,16.0,268.0,6.9,4.3,Broken clouds,c03n,803.0,4951257.0,Somerville,US,42.3876,-71.0995,MA,994971-99999,America/New_York
2024-01-23 05:30:00,,,,,-0.7,100.6,69.0,-4.4,0.0,0.0,-17.7,0.0,n,0.0,1024.0,2.1,58.0,1026.0,0.0,0.0,3.0,2024-01-23T05:30:00,2024-01-23T10:30:00,1706005800.0,0.0,16.0,269.0,6.6,4.2,Broken clouds,c03n,803.0,4951257.0,Somerville,US,42.3876,-71.0995,MA,994971-99999,America/New_York
2024-01-23 05:45:00,,,,,-0.6,103.0,70.0,-4.2,0.0,0.0,-15.0,0.0,n,0.0,1024.0,2.1,59.0,1026.0,0.0,0.0,3.0,2024-01-23T05:45:00,2024-01-23T10:45:00,1706006700.0,0.0,16.0,270.0,6.3,4.1,Broken clouds,c03n,803.0,4951257.0,Somerville,US,42.3876,-71.0995,MA,994971-99999,America/New_York
2024-01-23 06:00:00,,,,,-0.6,105.3,71.0,-4.0,0.0,0.0,-12.3,0.0,n,0.0,1024.0,2.1,60.0,1026.0,0.0,0.0,3.0,2024-01-23T06:00:00,2024-01-23T11:00:00,1706007600.0,0.0,16.0,272.0,6.0,4.0,Overcast clouds,c04n,804.0,4951257.0,Somerville,US,42.3876,-71.0995,MA,994971-99999,America/New_York
2024-01-23 06:15:00,,,,,-0.6,107.7,75.0,-4.0,0.0,0.0,-9.7,0.0,n,0.0,1024.0,2.1,60.0,1026.0,0.0,0.0,3.0,2024-01-23T06:15:00,2024-01-23T11:15:00,1706008500.0,0.0,16.0,273.0,5.9,4.0,Overcast clouds,c04n,804.0,4951257.0,Somerville,US,42.3876,-71.0995,MA,994971-99999,America/New_York
2024-01-23 06:30:00,,,,,-0.5,110.2,80.0,-3.9,0.0,0.0,-7.1,0.0,n,0.0,1024.0,2.1,60.0,1026.0,0.0,0.0,3.0,2024-01-23T06:30:00,2024-01-23T11:30:00,1706009400.0,0.0,16.0,274.0,5.8,4.0,Overcast clouds,c04n,804.0,4951257.0,Somerville,US,42.3876,-71.0995,MA,994971-99999,America/New_York
2024-01-23 06:45:00,,,,,-0.5,112.6,84.0,-3.9,0.0,0.0,-4.5,0.0,n,0.0,1025.0,2.1,60.0,1027.0,0.0,0.0,3.1,2024-01-23T06:45:00,2024-01-23T11:45:00,1706010300.0,0.0,16.0,275.0,5.7,4.0,Overcast clouds,c04n,804.0,4951257.0,Somerville,US,42.3876,-71.0995,MA,994971-99999,America/New_York
2024-01-23 07:00:00,,,,,-0.5,115.0,88.0,-3.9,0.0,0.0,-1.9,0.0,n,0.0,1025.0,2.1,60.0,1027.0,0.0,0.0,3.1,2024-01-23T07:00:00,2024-01-23T12:00:00,1706011200.0,0.0,16.0,276.0,5.6,4.0,Overcast clouds,c04n,804.0,4951257.0,Somerville,US,42.3876,-71.0995,MA,994971-99999,America/New_York
2024-01-23 07:15:00,-2.774414626905255,86.55475028480924,90.0,2.77441462690525,-0.4,117.6,89.0,-3.8,12.0,104.0,0.5,23.0,d,0.0,1025.0,2.1,60.0,1027.0,0.0,21.0,3.1,2024-01-23T07:15:00,2024-01-23T12:15:00,1706012100.0,0.5,16.0,277.0,5.6,4.0,Overcast clouds,c04n,804.0,4951257.0,Somerville,US,42.3876,-71.0995,MA,994971-99999,America/New_York
2024-01-23 07:30:00,-9.449943606248837,78.60196185429598,90.00000241483653,9.449943606248844,-0.4,120.2,90.0,-3.8,23.0,208.0,2.9,47.0,d,0.0,1025.0,2.1,60.0,1027.0,0.0,40.0,3.2,2024-01-23T07:30:00,2024-01-23T12:30:00,1706013000.0,0.5,16.0,278.0,5.6,4.0,Overcast clouds,c04n,804.0,4951257.0,Somerville,US,42.3876,-71.0995,MA,994971-99999,America/New_York
2024-01-23 07:45:00,-17.011088373508187,70.28618541635021,90.0,17.011088373508183,-0.3,122.8,92.0,-3.8,35.0,312.0,5.3,70.0,d,0.0,1026.0,2.1,60.0,1028.0,0.0,58.0,3.3,2024-01-23T07:45:00,2024-01-23T12:45:00,1706013900.0,0.5,16.0,279.0,5.6,4.0,Overcast clouds,c04d,804.0,4951257.0,Somerville,US,42.3876,-71.0995,MA,994971-99999,America/New_York
2024-01-23 08:00:00,-25.861750627690405,61.678134299226706,90.00000085377364,25.86175062769041,-0.2,125.4,93.0,-3.7,47.0,417.0,7.7,94.0,d,0.0,1026.0,2.1,60.0,1028.0,0.0,75.0,3.3,2024-01-23T08:00:00,2024-01-23T13:00:00,1706014800.0,0.5,16.0,280.0,5.6,4.0,Overcast clouds,c04d,804.0,4951257.0,Somerville,US,42.3876,-71.0995,MA,994971-99999,America/New_York
2024-01-23 08:15:00,-37.2714799909439,52.62048515103273,90.0,37.2714799909439,-0.1,128.3,92.0,-3.6,53.0,470.0,9.8,130.0,d,0.0,1026.0,2.1,60.0,1028.0,0.0,95.0,3.4,2024-01-23T08:15:00,2024-01-23T13:15:00,1706015700.0,0.5,16.0,282.0,5.6,3.9,Overcast clouds,c04d,804.0,4951257.0,Somerville,US,42.3876,-71.0995,MA,994971-99999,America/New_York
2024-01-23 08:30:00,-57.325198364028125,42.752468968874375,90.0,57.325198364028125,0.1,131.2,92.0,-3.6,59.0,523.0,11.9,166.0,d,0.0,1026.0,2.1,60.0,1028.0,0.0,112.0,3.5,2024-01-23T08:30:00,2024-01-23T13:30:00,1706016600.0,0.5,16.0,285.0,5.6,3.8,Overcast clouds,c04d,804.0,4951257.0,Somerville,US,42.3876,-71.0995,MA,994971-99999,America/New_York
2024-01-23 08:45:00,-60.0,43.402014562633546,90.0,59.99999999999999,0.2,134.1,92.0,-3.5,65.0,577.0,14.0,202.0,d,0.0,1026.0,2.1,60.0,1028.0,0.0,65.0,3.5,2024-01-23T08:45:00,2024-01-23T13:45:00,1706017500.0,0.5,16.0,288.0,5.6,3.7,Overcast clouds,c04d,804.0,4951257.0,Somerville,US,42.3876,-71.0995,MA,994971-99999,America/New_York
2024-01-23 09:00:00,-60.0,45.11415135099804,90.0,59.99999999999999,0.4,137.1,91.0,-3.4,71.0,630.0,16.1,238.0,d,0.0,1027.0,2.1,60.0,1029.0,0.0,83.0,3.6,2024-01-23T09:00:00,2024-01-23T14:00:00,1706018400.0,0.6,16.0,290.0,5.6,3.6,Overcast clouds,c04d,804.0,4951257.0,Somerville,US,42.3876,-71.0995,MA,994971-99999,America/New_York
2024-01-23 09:15:00,-60.0,47.05009226211418,90.0,59.99999999999999,0.4,140.4,93.0,-3.4,75.0,655.0,17.7,268.0,d,0.0,1027.0,2.1,60.0,1029.0,0.0,80.0,3.7,2024-01-23T09:15:00,2024-01-23T14:15:00,1706019300.0,0.6,16.0,294.0,5.8,3.7,Overcast clouds,c04d,804.0,4951257.0,Somerville,US,42.3876,-71.0995,MA,994971-99999,America/New_York
2024-01-23 09:30:00,-59.09770591900293,49.17757621684547,90.0,59.09770591900293,0.4,143.7,95.0,-3.3,78.0,680.0,19.3,298.0,d,0.0,1027.0,2.1,60.0,1029.0,0.0,151.0,3.8,2024-01-23T09:30:00,2024-01-23T14:30:00,1706020200.0,0.6,16.0,298.0,6.0,3.8,Overcast clouds,c04d,804.0,4951257.0,Somerville,US,42.3876,-71.0995,MA,994971-99999,America/New_York
2024-01-23 09:45:00,-54.6722948718495,51.29250976958498,90.0,54.6722948718495,0.5,147.0,97.0,-3.2,82.0,705.0,21.0,329.0,d,0.0,1027.0,2.1,60.0,1029.0,0.0,144.0,3.8,2024-01-23T09:45:00,2024-01-23T14:45:00,1706021100.0,0.6,16.0,302.0,6.2,3.9,Overcast clouds,c04d,804.0,4951257.0,Somerville,US,42.3876,-71.0995,MA,994971-99999,America/New_York
2024-01-23 10:00:00,-49.90578705174171,53.290066805068804,90.0,49.90578705174171,0.5,150.3,99.0,-3.1,85.0,730.0,22.6,359.0,d,0.0,1027.0,2.1,60.0,1029.0,0.0,132.0,3.9,2024-01-23T10:00:00,2024-01-23T15:00:00,1706022000.0,0.6,16.0,306.0,6.4,4.0,Overcast clouds,c04d,804.0,4951257.0,Somerville,US,42.3876,-71.0995,MA,994971-99999,America/New_York
2024-01-23 10:15:00,-44.76169592789359,55.14668881113211,90.00000085377364,44.7616959278936,0.5,154.0,99.0,-3.3,87.0,741.0,23.7,378.0,d,0.0,1027.0,2.1,59.0,1029.0,0.0,136.0,3.9,2024-01-23T10:15:00,2024-01-23T15:15:00,1706022900.0,0.7,16.0,309.0,6.8,4.1,Overcast clouds,c04d,804.0,4951257.0,Somerville,US,42.3876,-71.0995,MA,994971-99999,America/New_York
2024-01-23 10:30:00,-39.20944522867806,56.835640696342075,90.00000120741826,39.209445228678064,0.5,157.8,100.0,-3.5,89.0,753.0,24.7,398.0,d,0.0,1027.0,2.1,58.0,1029.0,0.0,129.0,4.0,2024-01-23T10:30:00,2024-01-23T15:30:00,1706023800.0,0.7,16.0,312.0,7.2,4.2,Overcast clouds,c04d,804.0,4951257.0,Somerville,US,42.3876,-71.0995,MA,994971-99999,America/New_York
2024-01-23 10:45:00,-33.230502902504924,58.327369108200706,90.0,33.230502902504924,0.4,161.5,100.0,-4.0,91.0,765.0,25.8,417.0,d,0.0,1028.0,2.1,56.0,1030.0,0.0,133.0,4.0,2024-01-23T10:45:00,2024-01-23T15:45:00,1706024700.0,0.7,16.0,315.0,7.6,4.3,Overcast clouds,c04d,804.0,4951257.0,Somerville,US,42.3876,-71.0995,MA,994971-99999,America/New_York
2024-01-23 11:00:00,-26.826160319431086,59.59048488270956,90.0,26.826160319431082,0.4,165.2,100.0,-4.2,92.0,777.0,26.9,437.0,d,0.0,1028.0,2.1,55.0,1030.0,0.0,136.0,4.0,2024-01-23T11:00:00,2024-01-23T16:00:00,1706025600.0,0.7,16.0,318.0,7.7,4.4,Overcast clouds,c04d,804.0,4951257.0,Somerville,US,42.3876,-71.0995,MA,994971-99999,America/New_York
2024-01-23 11:15:00,-20.025812401616033,60.59356693711892,90.0,20.025812401616026,0.5,169.2,100.0,-4.1,93.0,780.0,27.2,443.0,d,0.0,1028.0,2.1,55.0,1030.0,0.0,137.0,4.1,2024-01-23T11:15:00,2024-01-23T16:15:00,1706026500.0,0.8,16.0,318.0,7.7,4.4,Overcast clouds,c04d,804.0,4951257.0,Somerville,US,42.3876,-71.0995,MA,994971-99999,America/New_York
2024-01-23 11:30:00,-12.89333632375896,61.3078123354714,90.0000017075473,12.893336323758966,0.6,173.1,100.0,-4.1,93.0,784.0,27.5,449.0,d,0.0,1028.0,2.1,55.0,1030.0,0.0,138.0,4.2,2024-01-23T11:30:00,2024-01-23T16:30:00,1706027400.0,0.8,16.0,319.0,7.6,4.4,Overcast clouds,c04d,804.0,4951257.0,Somerville,US,42.3876,-71.0995,MA,994971-99999,America/New_York
2024-01-23 11:45:00,-5.528262872509345,61.71027313434545,90.0,5.528262872509341,0.7,177.1,100.0,-4.0,94.0,787.0,27.8,455.0,d,0.0,1028.0,2.1,55.0,1030.0,0.0,140.0,4.2,2024-01-23T11:45:00,2024-01-23T16:45:00,1706028300.0,0.8,16.0,320.0,7.4,4.4,Overcast clouds,c04d,804.0,4951257.0,Somerville,US,42.3876,-71.0995,MA,994971-99999,America/New_York
2024-01-23 12:00:00,1.941010395668814,61.787004503402834,270.0,1.9410103956687417,0.8,181.1,100.0,-3.9,94.0,790.0,28.2,461.0,d,0.0,1028.0,2.1,55.0,1030.0,0.0,140.0,4.3,2024-01-23T12:00:00,2024-01-23T17:00:00,1706029200.0,0.8,16.0,320.0,7.2,4.4,Overcast clouds,c04d,804.0,4951257.0,Somerville,US,42.3876,-71.0995,MA,994971-99999,America/New_York
2024-01-23 12:15:00,9.372066662431353,61.535240358338065,270.0,9.37206666243134,0.9,185.0,100.0,-3.9,94.0,786.0,27.8,453.0,d,0.0,1028.0,2.1,55.0,1030.0,0.0,139.0,4.3,2024-01-23T12:15:00,2024-01-23T17:15:00,1706030100.0,0.8,16.0,321.0,7.7,4.2,Overcast clouds,c04d,804.0,4951257.0,Somerville,US,42.3876,-71.0995,MA,994971-99999,America/New_York
2024-01-23 12:30:00,16.627703570276033,60.96384422594734,269.9999985212207,16.62770357027604,1.0,189.0,100.0,-4.1,93.0,782.0,27.3,445.0,d,0.0,1028.0,2.1,54.0,1030.0,0.0,138.0,4.3,2024-01-23T12:30:00,2024-01-23T17:30:00,1706031000.0,0.8,16.0,322.0,7.0,4.0,Overcast clouds,c04d,804.0,4951257.0,Somerville,US,42.3876,-71.0995,MA,994971-99999,America/New_York
2024-01-23 12:45:00,23.593499582338698,60.09188076132498,269.9999987925817,23.593499582338705,1.2,192.9,100.0,-4.1,92.0,777.0,26.9,437.0,d,0.0,1028.0,2.1,54.0,1030.0,0.0,136.0,4.4,2024-01-23T12:45:00,2024-01-23T17:45:00,1706031900.0,0.7,16.0,323.0,6.9,3.8,Overcast clouds,c04d,804.0,4951257.0,Somerville,US,42.3876,-71.0995,MA,994971-99999,America/New_York
2024-01-23 13:00:00,30.188591142285052,58.94580852769545,270.0,30.188591142285052,1.4,196.9,100.0,-4.1,92.0,773.0,26.5,429.0,d,0.0,1028.0,2.1,54.0,1030.0,0.0,135.0,4.4,2024-01-23T13:00:00,2024-01-23T18:00:00,1706032800.0,0.7,16.0,324.0,7.7,3.6,Overcast clouds,c04d,804.0,4951257.0,Somerville,US,42.3876,-71.0995,MA,994971-99999,America/New_York
2024-01-23 13:15:00,36.367998893432265,57.55618026302559,270.0,36.367998893432265,1.5,200.6,100.0,-4.1,90.0,760.0,25.3,408.0,d,0.0,1028.0,2.1,54.0,1030.0,0.0,131.0,4.4,2024-01-23T13:15:00,2024-01-23T18:15:00,1706033700.0,0.7,16.0,324.0,6.3,3.4,Overcast clouds,c04d,804.0,4951257.0,Somerville,US,42.3876,-71.0995,MA,994971-99999,America/New_York
2024-01-23 13:30:00,42.11826082003816,55.95466230418053,270.0,42.11826082003815,1.7,204.2,100.0,-4.0,88.0,747.0,24.2,387.0,d,0.0,1028.0,2.1,54.0,1030.0,0.0,127.0,4.5,2024-01-23T13:30:00,2024-01-23T18:30:00,1706034600.0,0.7,16.0,324.0,5.8,3.2,Overcast clouds,c04d,804.0,4951257.0,Somerville,US,42.3876,-71.0995,MA,994971-99999,America/New_York
2024-01-23 13:45:00,47.4496688352335,54.1718223220173,270.0,47.4496688352335,1.9,207.9,100.0,-4.0,86.0,734.0,23.0,366.0,d,0.0,1028.0,2.1,54.0,1030.0,0.0,123.0,4.5,2024-01-23T13:45:00,2024-01-23T18:45:00,1706035500.0,0.6,16.0,324.0,5.3,3.0,Overcast clouds,c04d,804.0,4951257.0,Somerville,US,42.3876,-71.0995,MA,994971-99999,America/New_York
2024-01-23 14:00:00,52.38803971940531,52.23578092750753,269.99999914622634,52.38803971940532,2.1,211.6,100.0,-4.0,84.0,720.0,21.9,346.0,d,0.0,1028.0,2.1,54.0,1030.0,0.0,119.0,4.5,2024-01-23T14:00:00,2024-01-23T19:00:00,1706036400.0,0.6,16.0,324.0,7.7,2.8,Overcast clouds,c04d,804.0,4951257.0,Somerville,US,42.3876,-71.0995,MA,994971-99999,America/New_York
2024-01-23 14:15:00,56.96773773032201,50.17159041749724,270.0,56.96773773032201,2.2,214.8,100.0,-3.5,80.0,693.0,20.2,314.0,d,0.0,1028.0,2.1,56.0,1030.0,0.0,111.0,4.5,2024-01-23T14:15:00,2024-01-23T19:15:00,1706037300.0,0.6,16.0,324.0,7.7,2.6,Overcast clouds,c04d,804.0,4951257.0,Somerville,US,42.3876,-71.0995,MA,994971-99999,America/New_York
2024-01-23 14:30:00,60.0,48.01292620114432,270.0,59.99999999999999,2.3,218.1,100.0,-3.1,76.0,666.0,18.5,283.0,d,0.0,1028.0,2.1,58.0,1030.0,0.0,104.0,4.4,2024-01-23T14:30:00,2024-01-23T19:30:00,1706038200.0,0.5,16.0,325.0,4.0,2.4,Overcast clouds,c04d,804.0,4951257.0,Somerville,US,42.3876,-71.0995,MA,994971-99999,America/New_York
2024-01-23 14:45:00,60.0,45.97269832030342,270.0,59.99999999999999,2.4,221.4,100.0,-2.5,73.0,639.0,16.8,251.0,d,0.0,1028.0,2.1,61.0,1030.0,0.0,98.0,4.3,2024-01-23T14:45:00,2024-01-23T19:45:00,1706039100.0,0.5,16.0,326.0,3.6,2.2,Overcast clouds,c04d,804.0,4951257.0,Somerville,US,42.3876,-71.0995,MA,994971-99999,America/New_York
2024-01-23 15:00:00,60.0,44.14324975151697,270.0,59.99999999999999,2.6,224.6,100.0,-2.1,69.0,611.0,15.1,220.0,d,0.0,1028.0,2.1,63.0,1030.0,0.0,91.0,4.3,2024-01-23T15:00:00,2024-01-23T20:00:00,1706040000.0,0.5,16.0,326.0,3.2,2.0,Overcast clouds,c04d,804.0,4951257.0,Somerville,US,42.3876,-71.0995,MA,994971-99999,America/New_York
2024-01-23 15:15:00,60.0,42.551319052648914,270.0,59.99999999999999,2.6,227.5,100.0,-1.9,62.0,551.0,12.9,184.0,d,0.0,1029.0,2.1,64.0,1031.0,0.0,80.0,4.3,2024-01-23T15:15:00,2024-01-23T20:15:00,1706040900.0,0.4,16.0,328.0,3.0,1.9,Overcast clouds,c04d,804.0,4951257.0,Somerville,US,42.3876,-71.0995,MA,994971-99999,America/New_York
2024-01-23 15:30:00,45.109566691939904,47.75575506022274,270.0,45.109566691939904,2.7,230.4,100.0,-1.5,56.0,492.0,10.8,148.0,d,0.0,1029.0,2.1,66.0,1031.0,0.0,71.0,4.3,2024-01-23T15:30:00,2024-01-23T20:30:00,1706041800.0,0.4,16.0,329.0,2.8,1.8,Overcast clouds,c04d,804.0,4951257.0,Somerville,US,42.3876,-71.0995,MA,994971-99999,America/New_York
2024-01-23 15:45:00,31.11687632895964,57.15911596412535,270.0,31.11687632895964,2.8,233.3,100.0,-1.1,49.0,432.0,8.7,111.0,d,0.0,1029.0,2.1,68.0,1031.0,0.0,60.0,4.2,2024-01-23T15:45:00,2024-01-23T20:45:00,1706042700.0,0.4,16.0,330.0,2.6,1.7,Overcast clouds,c04d,804.0,4951257.0,Somerville,US,42.3876,-71.0995,MA,994971-99999,America/New_York
2024-01-23 16:00:00,21.25427425149855,65.96359044139709,269.99999914622634,21.254274251498554,2.9,236.1,100.0,-1.0,42.0,372.0,6.5,75.0,d,0.0,1030.0,2.1,69.0,1032.0,0.0,50.0,4.2,2024-01-23T16:00:00,2024-01-23T21:00:00,1706043600.0,0.4,16.0,332.0,2.4,1.6,Overcast clouds,c04d,804.0,4951257.0,Somerville,US,42.3876,-71.0995,MA,994971-99999,America/New_York
2024-01-23 16:15:00,13.14469883184367,74.41695470897241,270.0,13.14469883184367,2.9,238.7,100.0,-0.8,32.0,279.0,4.1,56.0,d,0.0,1030.0,2.1,70.0,1032.0,0.0,38.0,4.2,2024-01-23T16:15:00,2024-01-23T21:15:00,1706044500.0,0.4,16.0,326.0,2.4,1.6,Overcast clouds,c04d,804.0,4951257.0,Somerville,US,42.3876,-71.0995,MA,994971-99999,America/New_York
2024-01-23 16:30:00,6.0463013577605125,82.58426575139991,270.0,6.046301357760504,3.0,241.3,100.0,-0.3,21.0,186.0,1.7,38.0,d,0.0,1030.0,2.1,72.0,1032.0,0.0,25.0,4.3,2024-01-23T16:30:00,2024-01-23T21:30:00,1706045400.0,0.4,16.0,319.0,2.4,1.6,Overcast clouds,c04n,804.0,4951257.0,Somerville,US,42.3876,-71.0995,MA,994971-99999,America/New_York
2024-01-23 16:45:00,,,,,3.0,243.9,100.0,-0.1,11.0,93.0,-0.7,19.0,d,0.0,1030.0,2.1,73.0,1032.0,0.0,13.0,4.3,2024-01-23T16:45:00,2024-01-23T21:45:00,1706046300.0,0.0,16.0,312.0,2.4,1.6,Overcast clouds,c04n,804.0,4951257.0,Somerville,US,42.3876,-71.0995,MA,994971-99999,America/New_York
2024-01-23 17:00:00,,,,,3.0,246.4,100.0,0.1,0.0,0.0,-3.2,0.0,n,0.0,1030.0,2.1,74.0,1032.0,0.0,0.0,4.3,2024-01-23T17:00:00,2024-01-23T22:00:00,1706047200.0,0.0,16.0,306.0,2.4,1.6,Overcast clouds,c04n,804.0,4951257.0,Somerville,US,42.3876,-71.0995,MA,994971-99999,America/New_York
2024-01-23 17:15:00,,,,,3.1,248.8,100.0,0.0,0.0,0.0,-5.8,0.0,n,0.0,1030.0,2.1,74.0,1032.0,0.0,0.0,4.3,2024-01-23T17:15:00,2024-01-23T22:15:00,1706048100.0,0.0,16.0,303.0,2.2,1.5,Overcast clouds,c04n,804.0,4951257.0,Somerville,US,42.3876,-71.0995,MA,994971-99999,America/New_York
2024-01-23 17:30:00,,,,,3.2,251.2,100.0,0.0,0.0,0.0,-8.4,0.0,n,0.0,1031.0,2.1,74.0,1033.0,0.0,0.0,4.2,2024-01-23T17:30:00,2024-01-23T22:30:00,1706049000.0,0.0,16.0,300.0,2.0,1.4,Overcast clouds,c04n,804.0,4951257.0,Somerville,US,42.3876,-71.0995,MA,994971-99999,America/New_York
2024-01-23 17:45:00,,,,,3.3,253.6,100.0,-0.3,0.0,0.0,-11.0,0.0,n,0.0,1031.0,2.1,73.0,1033.0,0.0,0.0,4.1,2024-01-23T17:45:00,2024-01-23T22:45:00,1706049900.0,0.0,16.0,297.0,1.8,1.3,Overcast clouds,c04n,804.0,4951257.0,Somerville,US,42.3876,-71.0995,MA,994971-99999,America/New_York
2024-01-23 18:00:00,,,,,3.4,256.0,100.0,-0.3,0.0,0.0,-13.6,0.0,n,0.0,1031.0,2.1,73.0,1033.0,0.0,0.0,4.1,2024-01-23T18:00:00,2024-01-23T23:00:00,1706050800.0,0.0,16.0,294.0,1.6,1.2,Overcast clouds,c04n,804.0,4951257.0,Somerville,US,42.3876,-71.0995,MA,994971-99999,America/New_York
2024-01-23 18:15:00,,,,,3.4,258.4,100.0,-0.4,0.0,0.0,-16.4,0.0,n,1.0,1031.0,2.1,73.0,1033.0,0.0,0.0,4.0,2024-01-23T18:15:00,2024-01-23T23:15:00,1706051700.0,0.0,16.0,293.0,1.6,1.1,Light rain,r01n,500.0,4951257.0,Somerville,US,42.3876,-71.0995,MA,994971-99999,America/New_York
2024-01-23 18:30:00,,,,,3.5,260.8,100.0,-0.5,0.0,0.0,-19.1,0.0,n,0.0,1031.0,2.1,73.0,1033.0,0.0,0.0,3.9,2024-01-23T18:30:00,2024-01-23T23:30:00,1706052600.0,0.0,16.0,292.0,1.6,1.0,Overcast clouds,c04n,804.0,4951257.0,Somerville,US,42.3876,-71.0995,MA,994971-99999,America/New_York
2024-01-23 18:45:00,,,,,3.6,263.2,99.0,-0.6,0.0,0.0,-21.8,0.0,n,0.0,1031.0,2.1,73.0,1033.0,0.0,0.0,3.8,2024-01-23T18:45:00,2024-01-23T23:45:00,1706053500.0,0.0,16.0,291.0,1.6,0.9,Overcast clouds,c04n,804.0,4951257.0,Somerville,US,42.3876,-71.0995,MA,994971-99999,America/New_York
2024-01-23 19:00:00,,,,,3.7,265.6,99.0,-0.7,0.0,0.0,-24.6,0.0,n,0.0,1032.0,2.1,73.0,1034.0,0.0,0.0,3.7,2024-01-23T19:00:00,2024-01-24T00:00:00,1706054400.0,0.0,16.0,290.0,1.6,0.8,Overcast clouds,c04n,804.0,4951257.0,Somerville,US,42.3876,-71.0995,MA,994971-99999,America/New_York
2024-01-23 19:15:00,,,,,3.7,268.1,99.0,-0.7,0.0,0.0,-27.3,0.0,n,0.0,1032.0,2.1,73.0,1034.0,0.0,0.0,3.6,2024-01-23T19:15:00,2024-01-24T00:15:00,1706055300.0,0.0,16.0,290.0,1.5,0.8,Overcast clouds,c04n,804.0,4951257.0,Somerville,US,42.3876,-71.0995,MA,994971-99999,America/New_York
2024-01-23 19:30:00,,,,,3.6,270.7,100.0,-0.6,0.0,0.0,-30.1,0.0,n,0.0,1032.0,2.1,74.0,1034.0,0.0,0.0,3.6,2024-01-23T19:30:00,2024-01-24T00:30:00,1706056200.0,0.0,16.0,290.0,1.4,0.8,Overcast clouds,c04n,804.0,4951257.0,Somerville,US,42.3876,-71.0995,MA,994971-99999,America/New_York
2024-01-23 19:45:00,,,,,3.5,273.2,100.0,-0.6,0.0,0.0,-32.9,0.0,n,0.0,1032.0,2.1,74.0,1034.0,0.0,0.0,3.5,2024-01-23T19:45:00,2024-01-24T00:45:00,1706057100.0,0.0,16.0,290.0,1.3,0.8,Overcast clouds,c04n,804.0,4951257.0,Somerville,US,42.3876,-71.0995,MA,994971-99999,America/New_York
2024-01-23 20:00:00,,,,,3.5,275.8,100.0,-0.7,0.0,0.0,-35.6,0.0,n,0.0,1032.0,2.1,74.0,1034.0,0.0,0.0,3.5,2024-01-23T20:00:00,2024-01-24T01:00:00,1706058000.0,0.0,16.0,290.0,1.2,0.8,Overcast clouds,c04n,804.0,4951257.0,Somerville,US,42.3876,-71.0995,MA,994971-99999,America/New_York
2024-01-23 20:15:00,,,,,3.4,278.8,100.0,-0.6,0.0,0.0,-38.3,0.0,n,0.0,1032.0,2.1,75.0,1034.0,0.0,0.0,3.4,2024-01-23T20:15:00,2024-01-24T01:15:00,1706058900.0,0.0,16.0,291.0,1.2,0.8,Overcast clouds,c04n,804.0,4951257.0,Somerville,US,42.3876,-71.0995,MA,994971-99999,America/New_York
2024-01-23 20:30:00,,,,,3.3,281.9,100.0,-0.5,0.0,0.0,-41.0,0.0,n,1.0,1032.0,2.1,76.0,1034.0,0.0,0.0,3.4,2024-01-23T20:30:00,2024-01-24T01:30:00,1706059800.0,0.0,16.0,292.0,1.2,0.8,Light rain,r01n,500.0,4951257.0,Somerville,US,42.3876,-71.0995,MA,994971-99999,America/New_York
2024-01-23 20:45:00,,,,,3.2,284.9,99.0,-0.5,0.0,0.0,-43.8,0.0,n,0.0,1032.0,2.1,76.0,1034.0,0.0,0.0,3.3,2024-01-23T20:45:00,2024-01-24T01:45:00,1706060700.0,0.0,16.0,293.0,1.2,0.8,Overcast clouds,c04n,804.0,4951257.0,Somerville,US,42.3876,-71.0995,MA,994971-99999,America/New_York
2024-01-23 21:00:00,,,,,3.2,287.9,99.0,-0.4,0.0,0.0,-46.5,0.0,n,0.0,1032.0,2.1,77.0,1034.0,0.0,0.0,3.2,2024-01-23T21:00:00,2024-01-24T02:00:00,1706061600.0,0.0,16.0,294.0,1.2,0.8,Overcast clouds,c04n,804.0,4951257.0,Somerville,US,42.3876,-71.0995,MA,994971-99999,America/New_York
2024-01-23 21:15:00,,,,,2.8,292.0,99.0,-0.6,0.0,0.0,-49.0,0.0,n,0.0,1032.0,2.1,78.0,1034.0,0.0,0.0,2.9,2024-01-23T21:15:00,2024-01-24T02:15:00,1706062500.0,0.0,16.0,296.0,1.3,0.8,Overcast clouds,c04n,804.0,4951257.0,Somerville,US,42.3876,-71.0995,MA,994971-99999,America/New_York
2024-01-23 21:30:00,,,,,2.4,296.1,98.0,-0.9,0.0,0.0,-51.4,0.0,n,1.0,1033.0,2.1,78.0,1035.0,0.0,0.0,2.5,2024-01-23T21:30:00,2024-01-24T02:30:00,1706063400.0,0.0,16.0,297.0,1.4,0.8,Light rain,r01n,500.0,4951257.0,Somerville,US,42.3876,-71.0995,MA,994971-99999,America/New_York
2024-01-23 21:45:00,,,,,2.1,300.1,98.0,-1.2,0.0,0.0,-53.9,0.0,n,0.0,1033.0,2.1,78.0,1035.0,0.0,0.0,2.2,2024-01-23T21:45:00,2024-01-24T02:45:00,1706064300.0,0.0,16.0,298.0,1.5,0.8,Overcast clouds,c04n,804.0,4951257.0,Somerville,US,42.3876,-71.0995,MA,994971-99999,America/New_York
2024-01-23 22:00:00,,,,,1.7,304.2,98.0,-1.3,0.0,0.0,-56.4,0.0,n,0.0,1033.0,2.1,79.0,1035.0,0.0,0.0,1.9,2024-01-23T22:00:00,2024-01-24T03:00:00,1706065200.0,0.0,10.0,300.0,1.6,0.8,Overcast clouds,c04n,804.0,4951257.0,Somerville,US,42.3876,-71.0995,MA,994971-99999,America/New_York
2024-01-23 22:15:00,,,,,1.6,310.2,98.0,-1.3,0.0,0.0,-58.3,0.0,n,0.0,1033.0,2.1,80.0,1035.0,0.0,0.0,1.8,2024-01-23T22:15:00,2024-01-24T03:15:00,1706066100.0,0.0,10.0,302.0,1.6,0.8,Overcast clouds,c04n,804.0,4951257.0,Somerville,US,42.3876,-71.0995,MA,994971-99999,America/New_York
2024-01-23 22:30:00,,,,,1.5,316.3,99.0,-1.4,0.0,0.0,-60.3,0.0,n,1.0,1033.0,2.1,80.0,1035.0,1.0,0.0,1.6,2024-01-23T22:30:00,2024-01-24T03:30:00,1706067000.0,0.0,10.0,305.0,1.6,0.8,Light snow,s01n,600.0,4951257.0,Somerville,US,42.3876,-71.0995,MA,994971-99999,America/New_York
2024-01-23 22:45:00,,,,,1.3,322.4,100.0,-1.5,0.0,0.0,-62.2,0.0,n,0.0,1033.0,2.1,80.0,1035.0,0.0,0.0,1.5,2024-01-23T22:45:00,2024-01-24T03:45:00,1706067900.0,0.0,10.0,308.0,1.6,0.8,Overcast clouds,c04n,804.0,4951257.0,Somerville,US,42.3876,-71.0995,MA,994971-99999,America/New_York
2024-01-23 23:00:00,,,,,1.2,328.4,100.0,-1.5,0.0,0.0,-64.1,0.0,n,1.0,1033.0,2.1,81.0,1035.0,2.0,0.0,1.4,2024-01-23T23:00:00,2024-01-24T04:00:00,1706068800.0,0.0,10.0,310.0,1.6,0.8,Mix snow/rain,s04n,610.0,4951257.0,Somerville,US,42.3876,-71.0995,MA,994971-99999,America/New_York
2024-01-23 23:15:00,,,,,0.9,246.9,100.0,-1.6,0.0,0.0,-64.8,0.0,n,1.0,1033.0,2.1,82.0,1035.0,2.0,0.0,1.1,2024-01-23T23:15:00,2024-01-24T04:15:00,1706069700.0,0.0,10.0,320.0,1.9,0.8,Mix snow/rain,s04n,610.0,4951257.0,Somerville,US,42.3876,-71.0995,MA,994971-99999,America/New_York
2024-01-23 23:30:00,,,,,0.6,165.4,100.0,-1.8,0.0,0.0,-65.6,0.0,n,1.0,1033.0,2.1,82.0,1035.0,7.0,0.0,0.9,2024-01-23T23:30:00,2024-01-24T04:30:00,1706070600.0,0.0,10.0,329.0,2.2,0.8,Light snow,s01n,600.0,4951257.0,Somerville,US,42.3876,-71.0995,MA,994971-99999,America/New_York
2024-01-23 23:45:00,,,,,0.4,83.9,100.0,-2.1,0.0,0.0,-66.3,0.0,n,1.0,1033.0,2.1,82.0,1035.0,7.0,0.0,0.7,2024-01-23T23:45:00,2024-01-24T04:45:00,1706071500.0,0.0,10.0,338.0,2.5,0.8,Light snow,s01n,600.0,4951257.0,Somerville,US,42.3876,-71.0995,MA,994971-99999,America/New_York
2024-01-24 00:00:00,,,,,0.1,2.4,100.0,-2.1,0.0,0.0,-67.0,0.0,n,1.0,1033.0,2.1,83.0,1035.0,8.0,0.0,0.4,2024-01-24T00:00:00,2024-01-24T05:00:00,1706072400.0,0.0,10.0,348.0,2.8,0.8,Light snow,s01n,600.0,4951257.0,Somerville,US,42.3876,-71.0995,MA,994971-99999,America/New_York
2024-01-24 00:15:00,,,,,-0.4,10.6,100.0,-2.0,0.0,0.0,-66.1,0.0,n,1.0,1033.0,2.1,84.0,1035.0,8.0,0.0,0.3,2024-01-24T00:15:00,2024-01-24T05:15:00,1706073300.0,0.0,10.0,270.0,3.0,1.0,Light snow,s01n,600.0,4951257.0,Somerville,US,42.3876,-71.0995,MA,994971-99999,America/New_York
2024-01-24 00:30:00,,,,,-0.9,18.9,100.0,-1.9,0.0,0.0,-65.1,0.0,n,1.0,1033.0,2.1,85.0,1035.0,8.0,0.0,0.3,2024-01-24T00:30:00,2024-01-24T05:30:00,1706074200.0,0.0,10.0,193.0,3.2,1.2,Light snow,s01n,600.0,4951257.0,Somerville,US,42.3876,-71.0995,MA,994971-99999,America/New_York
2024-01-24 00:45:00,,,,,-1.3,27.1,100.0,-1.8,0.0,0.0,-64.2,0.0,n,1.0,1033.0,2.1,86.0,1035.0,8.0,0.0,0.3,2024-01-24T00:45:00,2024-01-24T05:45:00,1706075100.0,0.0,10.0,116.0,3.4,1.4,Light snow,s01n,600.0,4951257.0,Somerville,US,42.3876,-71.0995,MA,994971-99999,America/New_York
2024-01-24 01:00:00,,,,,-1.7,35.3,100.0,-1.7,0.0,0.0,-63.3,0.0,n,1.0,1033.0,2.1,87.0,1035.0,8.0,0.0,0.2,2024-01-24T01:00:00,2024-01-24T06:00:00,1706076000.0,0.0,10.0,38.0,3.6,1.6,Light snow,s01n,600.0,4951257.0,Somerville,US,42.3876,-71.0995,MA,994971-99999,America/New_York
2024-01-24 01:15:00,,,,,-1.9,41.1,100.0,-1.6,0.0,0.0,-61.3,0.0,n,1.0,1033.0,2.1,88.0,1035.0,8.0,0.0,0.2,2024-01-24T01:15:00,2024-01-24T06:15:00,1706076900.0,0.0,10.0,45.0,3.5,1.7,Light snow,s01n,600.0,4951257.0,Somerville,US,42.3876,-71.0995,MA,994971-99999,America/New_York
2024-01-24 01:30:00,,,,,-2.0,46.8,100.0,-1.6,0.0,0.0,-59.2,0.0,n,1.0,1033.0,2.1,88.0,1035.0,8.0,0.0,0.1,2024-01-24T01:30:00,2024-01-24T06:30:00,1706077800.0,0.0,10.0,52.0,3.4,1.8,Light snow,s01n,600.0,4951257.0,Somerville,US,42.3876,-71.0995,MA,994971-99999,America/New_York
2024-01-24 01:45:00,,,,,-2.2,52.5,100.0,-1.5,0.0,0.0,-57.2,0.0,n,2.0,1033.0,2.1,89.0,1035.0,16.0,0.0,0.1,2024-01-24T01:45:00,2024-01-24T06:45:00,1706078700.0,0.0,10.0,59.0,3.3,1.9,Snow,s02n,601.0,4951257.0,Somerville,US,42.3876,-71.0995,MA,994971-99999,America/New_York
2024-01-24 02:00:00,,,,,-2.3,58.3,99.0,-1.3,0.0,0.0,-55.2,0.0,n,1.0,1034.0,2.1,90.0,1036.0,8.0,0.0,0.1,2024-01-24T02:00:00,2024-01-24T07:00:00,1706079600.0,0.0,10.0,66.0,3.2,2.0,Light snow,s01n,600.0,4951257.0,Somerville,US,42.3876,-71.0995,MA,994971-99999,America/New_York
2024-01-24 02:15:00,,,,,-2.3,62.1,99.0,-1.3,0.0,0.0,-52.6,0.0,n,1.0,1033.0,2.1,90.0,1035.0,8.0,0.0,0.1,2024-01-24T02:15:00,2024-01-24T07:15:00,1706080500.0,0.0,10.0,71.0,3.2,2.0,Light snow,s01n,600.0,4951257.0,Somerville,US,42.3876,-71.0995,MA,994971-99999,America/New_York
2024-01-24 02:30:00,,,,,-2.2,66.0,100.0,-1.2,0.0,0.0,-50.1,0.0,n,1.0,1033.0,2.1,90.0,1035.0,8.0,0.0,0.2,2024-01-24T02:30:00,2024-01-24T07:30:00,1706081400.0,0.0,10.0,76.0,3.2,2.0,Light snow,s01n,600.0,4951257.0,Somerville,US,42.3876,-71.0995,MA,994971-99999,America/New_York
2024-01-24 02:45:00,,,,,-2.2,69.9,100.0,-1.2,0.0,0.0,-47.6,0.0,n,1.0,1033.0,2.1,90.0,1035.0,8.0,0.0,0.3,2024-01-24T02:45:00,2024-01-24T07:45:00,1706082300.0,0.0,10.0,81.0,3.2,2.0,Light snow,s01n,600.0,4951257.0,Somerville,US,42.3876,-71.0995,MA,994971-99999,America/New_York
2024-01-24 03:00:00,,,,,-2.1,73.8,100.0,-1.1,0.0,0.0,-45.0,0.0,n,0.0,1033.0,2.1,90.0,1035.0,0.0,0.0,0.3,2024-01-24T03:00:00,2024-01-24T08:00:00,1706083200.0,0.0,10.0,86.0,3.2,2.0,Overcast clouds,c04n,804.0,4951257.0,Somerville,US,42.3876,-71.0995,MA,994971-99999,America/New_York
2024-01-24 03:15:00,,,,,-2.1,76.7,100.0,-1.2,0.0,0.0,-42.3,0.0,n,0.0,1033.0,2.1,89.0,1035.0,0.0,0.0,0.4,2024-01-24T03:15:00,2024-01-24T08:15:00,1706084100.0,0.0,10.0,94.0,3.3,2.1,Overcast clouds,c04n,804.0,4951257.0,Somerville,US,42.3876,-71.0995,MA,994971-99999,America/New_York
2024-01-24 03:30:00,,,,,-2.2,79.7,100.0,-1.3,0.0,0.0,-39.6,0.0,n,0.0,1033.0,2.1,88.0,1035.0,0.0,0.0,0.4,2024-01-24T03:30:00,2024-01-24T08:30:00,1706085000.0,0.0,10.0,101.0,3.4,2.2,Overcast clouds,c04n,804.0,4951257.0,Somerville,US,42.3876,-71.0995,MA,994971-99999,America/New_York
2024-01-24 03:45:00,,,,,-2.2,82.6,100.0,-1.2,0.0,0.0,-36.9,0.0,n,0.0,1033.0,2.1,88.0,1035.0,0.0,0.0,0.5,2024-01-24T03:45:00,2024-01-24T08:45:00,1706085900.0,0.0,10.0,108.0,3.5,2.3,Overcast clouds,c04n,804.0,4951257.0,Somerville,US,42.3876,-71.0995,MA,994971-99999,America/New_York
2024-01-24 04:00:00,,,,,-2.2,85.6,100.0,-1.3,0.0,0.0,-34.1,0.0,n,0.0,1033.0,2.1,87.0,1035.0,0.0,0.0,0.6,2024-01-24T04:00:00,2024-01-24T09:00:00,1706086800.0,0.0,10.0,116.0,3.6,2.4,Overcast clouds,c04n,804.0,4951257.0,Somerville,US,42.3876,-71.0995,MA,994971-99999,America/New_York
2024-01-24 04:15:00,,,,,-2.1,88.1,100.0,-1.1,0.0,0.0,-31.4,0.0,n,0.0,1033.0,2.1,88.0,1035.0,0.0,0.0,0.7,2024-01-24T04:15:00,2024-01-24T09:15:00,1706087700.0,0.0,10.0,114.0,3.6,2.4,Overcast clouds,c04n,804.0,4951257.0,Somerville,US,42.3876,-71.0995,MA,994971-99999,America/New_York
2024-01-24 04:30:00,,,,,-2.0,90.6,100.0,-1.0,0.0,0.0,-28.6,0.0,n,0.0,1033.0,2.1,88.0,1035.0,0.0,0.0,0.8,2024-01-24T04:30:00,2024-01-24T09:30:00,1706088600.0,0.0,10.0,111.0,3.6,2.4,Overcast clouds,c04n,804.0,4951257.0,Somerville,US,42.3876,-71.0995,MA,994971-99999,America/New_York
2024-01-24 04:45:00,,,,,-1.9,93.1,99.0,-0.8,0.0,0.0,-25.8,0.0,n,0.0,1033.0,2.1,89.0,1035.0,0.0,0.0,0.8,2024-01-24T04:45:00,2024-01-24T09:45:00,1706089500.0,0.0,10.0,108.0,3.6,2.4,Overcast clouds,c04n,804.0,4951257.0,Somerville,US,42.3876,-71.0995,MA,994971-99999,America/New_York
2024-01-24 05:00:00,,,,,-1.9,95.6,99.0,-0.5,0.0,0.0,-23.1,0.0,n,0.0,1033.0,2.1,90.0,1035.0,0.0,0.0,0.9,2024-01-24T05:00:00,2024-01-24T10:00:00,1706090400.0,0.0,10.0,106.0,3.6,2.4,Overcast clouds,c04n,804.0,4951257.0,Somerville,US,42.3876,-71.0995,MA,994971-99999,America/New_York
2024-01-24 05:15:00,,,,,-1.7,98.0,99.0,-0.5,0.0,0.0,-20.3,0.0,n,0.0,1033.0,2.1,90.0,1035.0,0.0,0.0,1.0,2024-01-24T05:15:00,2024-01-24T10:15:00,1706091300.0,0.0,10.0,112.0,3.5,2.4,Overcast clouds,c04n,804.0,4951257.0,Somerville,US,42.3876,-71.0995,MA,994971-99999,America/New_York
2024-01-24 05:30:00,,,,,-1.6,100.4,100.0,-0.4,0.0,0.0,-17.6,0.0,n,1.0,1033.0,2.1,90.0,1035.0,4.0,0.0,1.1,2024-01-24T05:30:00,2024-01-24T10:30:00,1706092200.0,0.0,10.0,117.0,3.4,2.4,Light snow,s01n,600.0,4951257.0,Somerville,US,42.3876,-71.0995,MA,994971-99999,America/New_York
2024-01-24 05:45:00,,,,,-1.5,102.7,100.0,-0.3,0.0,0.0,-14.9,0.0,n,0.0,1033.0,2.1,90.0,1035.0,0.0,0.0,1.2,2024-01-24T05:45:00,2024-01-24T10:45:00,1706093100.0,0.0,10.0,122.0,3.3,2.4,Overcast clouds,c04n,804.0,4951257.0,Somerville,US,42.3876,-71.0995,MA,994971-99999,America/New_York
2024-01-24 06:00:00,,,,,-1.4,105.1,100.0,-0.2,0.0,0.0,-12.2,0.0,n,0.0,1033.0,2.1,90.0,1035.0,0.0,0.0,1.3,2024-01-24T06:00:00,2024-01-24T11:00:00,1706094000.0,0.0,10.0,128.0,3.2,2.4,Overcast clouds,c04n,804.0,4951257.0,Somerville,US,42.3876,-71.0995,MA,994971-99999,America/New_York
2024-01-24 06:15:00,,,,,-1.3,107.5,100.0,-0.3,0.0,0.0,-9.6,0.0,n,0.0,1033.0,2.1,89.0,1035.0,0.0,0.0,1.4,2024-01-24T06:15:00,2024-01-24T11:15:00,1706094900.0,0.0,10.0,131.0,3.3,2.4,Overcast clouds,c04n,804.0,4951257.0,Somerville,US,42.3876,-71.0995,MA,994971-99999,America/New_York
2024-01-24 06:30:00,,,,,-1.3,109.9,100.0,-0.4,0.0,0.0,-7.0,0.0,n,0.0,1033.0,2.1,88.0,1035.0,0.0,0.0,1.4,2024-01-24T06:30:00,2024-01-24T11:30:00,1706095800.0,0.0,10.0,134.0,3.4,2.4,Overcast clouds,c04n,804.0,4951257.0,Somerville,US,42.3876,-71.0995,MA,994971-99999,America/New_York
2024-01-24 06:45:00,,,,,-1.2,112.4,100.0,-0.3,0.0,0.0,-4.4,0.0,n,0.0,1033.0,2.1,88.0,1035.0,0.0,0.0,1.4,2024-01-24T06:45:00,2024-01-24T11:45:00,1706096700.0,0.0,10.0,137.0,3.5,2.4,Overcast clouds,c04n,804.0,4951257.0,Somerville,US,42.3876,-71.0995,MA,994971-99999,America/New_York
2024-01-24 07:00:00,,,,,-1.1,114.8,100.0,-0.4,0.0,0.0,-1.8,0.0,n,0.0,1033.0,2.1,87.0,1035.0,0.0,0.0,1.5,2024-01-24T07:00:00,2024-01-24T12:00:00,1706097600.0,0.0,10.0,140.0,3.6,2.4,Overcast clouds,c04n,804.0,4951257.0,Somerville,US,42.3876,-71.0995,MA,994971-99999,America/New_York
2024-01-24 07:15:00,-3.0921768403744636,86.15334022420966,90.0,3.0921768403744236,-1.1,117.4,100.0,-0.2,12.0,105.0,0.7,24.0,d,0.0,1033.0,2.1,88.0,1035.0,0.0,14.0,1.5,2024-01-24T07:15:00,2024-01-24T12:15:00,1706098500.0,0.4,10.0,143.0,3.7,2.4,Overcast clouds,c04n,804.0,4951257.0,Somerville,US,42.3876,-71.0995,MA,994971-99999,America/New_York
2024-01-24 07:30:00,-9.811583089590485,78.1457674975714,90.00000085377364,9.811583089590487,-1.1,120.0,100.0,-0.2,24.0,211.0,3.1,48.0,d,0.0,1033.0,2.1,88.0,1035.0,0.0,29.0,1.6,2024-01-24T07:30:00,2024-01-24T12:30:00,1706099400.0,0.4,16.0,146.0,3.8,2.4,Overcast clouds,c04n,804.0,4951257.0,Somerville,US,42.3876,-71.0995,MA,994971-99999,America/New_York
2024-01-24 07:45:00,-17.419539694120147,69.78265023698732,90.0,17.419539694120147,-1.1,122.6,100.0,0.0,36.0,316.0,5.5,72.0,d,0.0,1033.0,2.1,89.0,1035.0,0.0,43.0,1.6,2024-01-24T07:45:00,2024-01-24T12:45:00,1706100300.0,0.4,16.0,149.0,3.9,2.4,Overcast clouds,c04d,804.0,4951257.0,Somerville,US,42.3876,-71.0995,MA,994971-99999,America/New_York
2024-01-24 08:00:00,-26.348559744501138,61.11547508005163,90.0,26.348559744501138,-1.0,125.2,100.0,0.1,47.0,422.0,7.9,96.0,d,0.0,1033.0,2.1,90.0,1035.0,0.0,57.0,1.6,2024-01-24T08:00:00,2024-01-24T13:00:00,1706101200.0,0.4,16.0,152.0,4.0,2.4,Overcast clouds,c04d,804.0,4951257.0,Somerville,US,42.3876,-71.0995,MA,994971-99999,America/New_York
2024-01-24 08:15:00,-37.9349453466512,51.97238754251757,90.0,37.9349453466512,-1.1,128.1,100.0,0.2,53.0,475.0,9.9,132.0,d,0.0,1033.0,2.1,90.0,1035.0,0.0,66.0,1.6,2024-01-24T08:15:00,2024-01-24T13:15:00,1706102100.0,0.4,10.0,156.0,4.1,2.5,Overcast clouds,c04d,804.0,4951257.0,Somerville,US,42.3876,-71.0995,MA,994971-99999,America/New_York
2024-01-24 08:30:00,-59.076638723446905,41.964797980083745,90.0,59.07663872344691,-1.2,131.0,100.0,0.3,60.0,527.0,12.0,168.0,d,0.0,1033.0,2.1,91.0,1035.0,0.0,77.0,1.6,2024-01-24T08:30:00,2024-01-24T13:30:00,1706103000.0,0.4,10.0,160.0,4.2,2.6,Overcast clouds,c04d,804.0,4951257.0,Somerville,US,42.3876,-71.0995,MA,994971-99999,America/New_York
2024-01-24 08:45:00,-60.0,43.16432808502419,90.0,59.99999999999999,-1.2,134.0,100.0,0.5,66.0,580.0,14.1,205.0,d,0.0,1033.0,2.1,92.0,1035.0,0.0,87.0,1.7,2024-01-24T08:45:00,2024-01-24T13:45:00,1706103900.0,0.4,10.0,164.0,4.3,2.7,Overcast clouds,c04d,804.0,4951257.0,Somerville,US,42.3876,-71.0995,MA,994971-99999,America/New_York
2024-01-24 09:00:00,-60.0,44.88121956549009,90.0,59.99999999999999,-1.3,136.9,100.0,0.5,72.0,633.0,16.2,241.0,d,0.0,1033.0,2.1,92.0,1035.0,0.0,96.0,1.7,2024-01-24T09:00:00,2024-01-24T14:00:00,1706104800.0,0.5,10.0,168.0,4.4,2.8,Overcast clouds,c04d,804.0,4951257.0,Somerville,US,42.3876,-71.0995,MA,994971-99999,America/New_York
2024-01-24 09:15:00,-60.0,46.822833346591786,90.0,59.99999999999999,-1.4,140.2,100.0,0.6,75.0,658.0,17.9,271.0,d,0.0,1033.0,2.1,92.0,1035.0,0.0,102.0,1.7,2024-01-24T09:15:00,2024-01-24T14:15:00,1706105700.0,0.5,10.0,170.0,4.9,3.0,Overcast clouds,c04d,804.0,4951257.0,Somerville,US,42.3876,-71.0995,MA,994971-99999,America/New_York
2024-01-24 09:30:00,-58.94775867095439,48.95431955214053,90.0,58.94775867095439,-1.6,143.5,100.0,0.6,79.0,682.0,19.5,302.0,d,0.0,1033.0,2.1,92.0,1035.0,0.0,109.0,1.8,2024-01-24T09:30:00,2024-01-24T14:30:00,1706106600.0,0.5,10.0,173.0,5.4,3.2,Overcast clouds,c04d,804.0,4951257.0,Somerville,US,42.3876,-71.0995,MA,994971-99999,America/New_York
2024-01-24 09:45:00,-54.52890204456986,51.065677209452325,90.00000085377364,54.52890204456987,-1.7,146.8,99.0,0.6,82.0,707.0,21.2,332.0,d,0.0,1033.0,2.1,92.0,1035.0,0.0,125.0,1.8,2024-01-24T09:45:00,2024-01-24T14:45:00,1706107500.0,0.6,10.0,176.0,5.9,3.4,Overcast clouds,c04d,804.0,4951257.0,Somerville,US,42.3876,-71.0995,MA,994971-99999,America/New_York
2024-01-24 10:00:00,-49.7724491274464,53.05945798020091,90.0,49.7724491274464,-1.8,150.2,99.0,0.6,85.0,732.0,22.8,362.0,d,0.0,1033.0,2.1,92.0,1035.0,0.0,132.0,1.8,2024-01-24T10:00:00,2024-01-24T15:00:00,1706108400.0,0.6,10.0,178.0,6.4,3.6,Overcast clouds,c04d,804.0,4951257.0,Somerville,US,42.3876,-71.0995,MA,994971-99999,America/New_York
2024-01-24 10:15:00,-44.642799568051835,54.91226254428754,90.00000085377364,44.64279956805184,-1.8,153.9,99.0,0.7,87.0,744.0,23.9,382.0,d,0.0,1033.0,2.1,92.0,1035.0,0.0,137.0,1.8,2024-01-24T10:15:00,2024-01-24T15:15:00,1706109300.0,0.7,10.0,180.0,6.5,3.6,Overcast clouds,c04d,804.0,4951257.0,Somerville,US,42.3876,-71.0995,MA,994971-99999,America/New_York
2024-01-24 10:30:00,-39.110292452179706,56.59758848330968,90.00000120741826,39.11029245217971,-1.7,157.6,100.0,0.7,89.0,756.0,25.0,401.0,d,0.0,1032.0,2.1,92.0,1034.0,0.0,129.0,1.9,2024-01-24T10:30:00,2024-01-24T15:30:00,1706110200.0,0.7,10.0,181.0,6.6,3.6,Overcast clouds,c04d,804.0,4951257.0,Somerville,US,42.3876,-71.0995,MA,994971-99999,America/New_York
2024-01-24 10:45:00,-33.157187273616636,58.086192486844176,90.0,33.157187273616636,-1.7,161.4,100.0,0.7,91.0,767.0,26.0,421.0,d,0.0,1032.0,2.1,92.0,1034.0,0.0,133.0,1.9,2024-01-24T10:45:00,2024-01-24T15:45:00,1706111100.0,0.7,10.0,182.0,6.7,3.6,Overcast clouds,c04d,804.0,4951257.0,Somerville,US,42.3876,-71.0995,MA,994971-99999,America/New_York
2024-01-24 11:00:00,-26.785203938676464,59.34706607273425,90.00000085377364,26.78520393867647,-1.7,165.1,100.0,0.7,93.0,779.0,27.1,440.0,d,0.0,1032.0,2.1,92.0,1034.0,0.0,137.0,1.9,2024-01-24T11:00:00,2024-01-24T16:00:00,1706112000.0,0.8,10.0,184.0,6.8,3.6,Overcast clouds,c04d,804.0,4951257.0,Somerville,US,42.3876,-71.0995,MA,994971-99999,America/New_York
2024-01-24 11:15:00,-20.023504088825018,60.34921019125378,90.0,20.023504088825014,-1.5,169.1,100.0,0.8,93.0,782.0,27.4,447.0,d,0.0,1032.0,2.1,92.0,1034.0,0.0,138.0,1.9,2024-01-24T11:15:00,2024-01-24T16:15:00,1706112900.0,0.8,10.0,184.0,6.7,3.5,Overcast clouds,c04d,804.0,4951257.0,Somerville,US,42.3876,-71.0995,MA,994971-99999,America/New_York
2024-01-24 11:30:00,-12.93480369930943,61.06422064715452,90.0,12.93480369930943,-1.4,173.1,100.0,0.7,94.0,786.0,27.7,453.0,d,0.0,1032.0,2.1,91.0,1034.0,0.0,139.0,2.0,2024-01-24T11:30:00,2024-01-24T16:30:00,1706113800.0,0.8,10.0,183.0,6.6,3.4,Overcast clouds,c04d,804.0,4951257.0,Somerville,US,42.3876,-71.0995,MA,994971-99999,America/New_York
2024-01-24 11:45:00,-5.61646376394404,61.46944224070265,90.0,5.616463763944023,-1.3,177.0,100.0,0.6,94.0,789.0,28.1,459.0,d,0.0,1031.0,2.1,90.0,1033.0,0.0,140.0,2.0,2024-01-24T11:45:00,2024-01-24T16:45:00,1706114700.0,0.8,10.0,182.0,6.5,3.3,Overcast clouds,c04d,804.0,4951257.0,Somerville,US,42.3876,-71.0995,MA,994971-99999,America/New_York
2024-01-24 12:00:00,1.806053601500155,61.551035050347885,270.0,1.8060536015001187,-1.1,181.0,100.0,0.6,95.0,792.0,28.4,465.0,d,0.0,1031.0,2.1,90.0,1033.0,0.0,142.0,2.1,2024-01-24T12:00:00,2024-01-24T17:00:00,1706115600.0,0.8,10.0,182.0,6.4,3.2,Overcast clouds,c04d,804.0,4951257.0,Somerville,US,42.3876,-71.0995,MA,994971-99999,America/New_York
2024-01-24 12:15:00,9.193466674485855,61.30609879373876,269.99999627848695,9.193466674485872,-1.1,185.0,100.0,0.7,94.0,788.0,28.0,457.0,d,0.0,1031.0,2.1,90.0,1033.0,0.0,140.0,2.1,2024-01-24T12:15:00,2024-01-24T17:15:00,1706116500.0,0.8,10.0,180.0,6.2,3.2,Overcast clouds,c04d,804.0,4951257.0,Somerville,US,42.3876,-71.0995,MA,994971-99999,America/New_York
2024-01-24 12:30:00,16.411219722751305,60.743143903505114,269.9999987925817,16.41121972275131,-1.0,189.0,100.0,0.9,93.0,784.0,27.6,449.0,d,0.0,1031.0,2.1,91.0,1033.0,0.0,138.0,2.2,2024-01-24T12:30:00,2024-01-24T17:30:00,1706117400.0,0.8,10.0,179.0,6.0,3.2,Overcast clouds,c04d,804.0,4951257.0,Somerville,US,42.3876,-71.0995,MA,994971-99999,America/New_York
2024-01-24 12:45:00,23.346536278692664,59.880731218091796,270.0,23.346536278692664,-1.0,192.9,100.0,1.1,93.0,780.0,27.1,442.0,d,0.0,1030.0,2.1,92.0,1032.0,0.0,137.0,2.3,2024-01-24T12:45:00,2024-01-24T17:45:00,1706118300.0,0.8,10.0,178.0,5.8,3.2,Overcast clouds,c04d,804.0,4951257.0,Somerville,US,42.3876,-71.0995,MA,994971-99999,America/New_York
2024-01-24 13:00:00,29.919048722055972,58.74477081326552,270.0,29.919048722055965,-0.9,196.9,100.0,1.1,92.0,775.0,26.7,434.0,d,0.0,1030.0,2.1,92.0,1032.0,0.0,135.0,2.3,2024-01-24T13:00:00,2024-01-24T18:00:00,1706119200.0,0.7,10.0,176.0,5.6,3.2,Overcast clouds,c04d,804.0,4951257.0,Somerville,US,42.3876,-71.0995,MA,994971-99999,America/New_York
2024-01-24 13:15:00,36.083317707396596,57.36531348787509,270.0,36.083317707396596,-0.8,200.6,100.0,1.3,90.0,762.0,25.6,413.0,d,0.0,1030.0,2.1,92.0,1032.0,0.0,131.0,2.4,2024-01-24T13:15:00,2024-01-24T18:15:00,1706120100.0,0.7,10.0,176.0,5.5,3.2,Overcast clouds,c04d,804.0,4951257.0,Somerville,US,42.3876,-71.0995,MA,994971-99999,America/New_York
2024-01-24 13:30:00,41.82482843760443,55.77362143668998,270.0,41.82482843760443,-0.6,204.3,100.0,1.4,88.0,749.0,24.4,392.0,d,0.0,1030.0,2.1,92.0,1032.0,0.0,127.0,2.5,2024-01-24T13:30:00,2024-01-24T18:30:00,1706121000.0,0.7,16.0,175.0,5.4,3.2,Overcast clouds,c04d,804.0,4951257.0,Somerville,US,42.3876,-71.0995,MA,994971-99999,America/New_York
2024-01-24 13:45:00,47.15258504178835,53.99997597263042,270.0,47.15258504178835,-0.4,207.9,100.0,1.5,86.0,736.0,23.3,371.0,d,0.0,1030.0,2.1,92.0,1032.0,0.0,123.0,2.7,2024-01-24T13:45:00,2024-01-24T18:45:00,1706121900.0,0.6,16.0,174.0,5.3,3.2,Overcast clouds,c04d,804.0,4951257.0,Somerville,US,42.3876,-71.0995,MA,994971-99999,America/New_York
2024-01-24 14:00:00,52.09113852838276,52.072320519742576,270.0,52.091138528382764,-0.3,211.6,100.0,1.6,84.0,723.0,22.2,350.0,d,0.0,1030.0,2.1,92.0,1032.0,0.0,119.0,2.8,2024-01-24T14:00:00,2024-01-24T19:00:00,1706122800.0,0.6,16.0,174.0,5.2,3.2,Overcast clouds,c04d,804.0,4951257.0,Somerville,US,42.3876,-71.0995,MA,994971-99999,America/New_York
2024-01-24 14:15:00,56.673750291445245,50.01561434064212,270.0,56.673750291445245,-0.2,214.9,100.0,1.7,80.0,696.0,20.4,318.0,d,0.0,1029.0,2.1,92.0,1031.0,0.0,112.0,2.8,2024-01-24T14:15:00,2024-01-24T19:15:00,1706123700.0,0.6,16.0,172.0,5.2,3.2,Overcast clouds,c04d,804.0,4951257.0,Somerville,US,42.3876,-71.0995,MA,994971-99999,America/New_York
2024-01-24 14:30:00,60.0,47.85862630874937,270.0,59.99999999999999,-0.2,218.2,100.0,1.7,77.0,670.0,18.7,287.0,d,0.0,1029.0,2.1,92.0,1031.0,0.0,106.0,2.9,2024-01-24T14:30:00,2024-01-24T19:30:00,1706124600.0,0.5,16.0,170.0,5.2,3.2,Overcast clouds,c04d,804.0,4951257.0,Somerville,US,42.3876,-71.0995,MA,994971-99999,America/New_York
2024-01-24 14:45:00,60.0,45.80568779323364,270.0,59.99999999999999,-0.1,221.4,100.0,1.8,73.0,643.0,17.0,256.0,d,0.0,1029.0,2.1,92.0,1031.0,0.0,99.0,3.0,2024-01-24T14:45:00,2024-01-24T19:45:00,1706125500.0,0.5,16.0,168.0,5.2,3.2,Overcast clouds,c04d,804.0,4951257.0,Somerville,US,42.3876,-71.0995,MA,994971-99999,America/New_York
2024-01-24 15:00:00,60.0,43.96339846224241,270.0,59.99999999999999,-0.1,224.7,100.0,1.8,69.0,616.0,15.3,224.0,d,0.0,1029.0,2.1,92.0,1031.0,0.0,91.0,3.0,2024-01-24T15:00:00,2024-01-24T20:00:00,1706126400.0,0.5,16.0,166.0,5.2,3.2,Overcast clouds,c04d,804.0,4951257.0,Somerville,US,42.3876,-71.0995,MA,994971-99999,America/New_York
2024-01-24 15:15:00,60.0,42.35881712674533,270.0,59.99999999999999,-0.1,227.6,100.0,1.9,63.0,557.0,13.2,188.0,d,0.0,1029.0,2.1,92.0,1031.0,0.0,82.0,3.0,2024-01-24T15:15:00,2024-01-24T20:15:00,1706127300.0,0.4,10.0,166.0,5.4,3.3,Overcast clouds,c04d,804.0,4951257.0,Somerville,US,42.3876,-71.0995,MA,994971-99999,America/New_York
2024-01-24 15:30:00,46.64032245766996,46.709866315936154,270.0,46.64032245766996,-0.1,230.5,100.0,1.8,56.0,498.0,11.0,151.0,d,0.0,1029.0,2.1,91.0,1031.0,0.0,71.0,3.1,2024-01-24T15:30:00,2024-01-24T20:30:00,1706128200.0,0.4,10.0,167.0,5.6,3.4,Overcast clouds,c04d,804.0,4951257.0,Somerville,US,42.3876,-71.0995,MA,994971-99999,America/New_York
2024-01-24 15:45:00,32.055579347352996,56.249598155758505,270.0,32.055579347352996,-0.1,233.4,100.0,1.7,50.0,439.0,8.9,115.0,d,0.0,1029.0,2.1,90.0,1031.0,0.0,62.0,3.1,2024-01-24T15:45:00,2024-01-24T20:45:00,1706129100.0,0.4,10.0,168.0,5.8,3.5,Overcast clouds,c04d,804.0,4951257.0,Somerville,US,42.3876,-71.0995,MA,994971-99999,America/New_York
2024-01-24 16:00:00,21.99473918243696,65.1402533782943,269.99999914622634,21.994739182436962,-0.1,236.2,100.0,1.7,43.0,380.0,6.8,79.0,d,0.0,1029.0,2.1,90.0,1031.0,0.0,51.0,3.2,2024-01-24T16:00:00,2024-01-24T21:00:00,1706130000.0,0.4,10.0,168.0,6.0,3.6,Overcast clouds,c04d,804.0,4951257.0,Somerville,US,42.3876,-71.0995,MA,994971-99999,America/New_York
2024-01-24 16:15:00,13.78330950109033,73.65520981763397,270.0,13.783309501090324,0.0,238.8,100.0,1.8,32.0,285.0,4.3,59.0,d,0.0,1028.0,2.1,90.0,1030.0,0.0,38.0,3.3,2024-01-24T16:15:00,2024-01-24T21:15:00,1706130900.0,0.4,10.0,168.0,6.1,3.6,Overcast clouds,c04d,804.0,4951257.0,Somerville,US,42.3876,-71.0995,MA,994971-99999,America/New_York
2024-01-24 16:30:00,6.614452592262694,81.88110903813835,269.9999954822545,6.614452592262714,0.0,241.4,100.0,2.0,22.0,190.0,1.9,39.0,d,0.0,1028.0,2.1,91.0,1030.0,0.0,26.0,3.3,2024-01-24T16:30:00,2024-01-24T21:30:00,1706131800.0,0.4,10.0,169.0,6.2,3.6,Overcast clouds,c04n,804.0,4951257.0,Somerville,US,42.3876,-71.0995,MA,994971-99999,America/New_York
2024-01-24 16:45:00,0.32433202679389694,89.59173036568257,269.99989728425294,0.3243320267944181,0.1,244.0,100.0,2.2,11.0,95.0,-0.5,20.0,d,0.0,1028.0,2.1,92.0,1030.0,0.0,13.0,3.4,2024-01-24T16:45:00,2024-01-24T21:45:00,1706132700.0,0.0,10.0,170.0,6.3,3.6,Overcast clouds,c04n,804.0,4951257.0,Somerville,US,42.3876,-71.0995,MA,994971-99999,America/New_York
2024-01-24 17:00:00,,,,,0.1,246.6,100.0,2.2,0.0,0.0,-3.0,0.0,n,0.0,1028.0,2.1,92.0,1030.0,0.0,0.0,3.4,2024-01-24T17:00:00,2024-01-24T22:00:00,1706133600.0,0.0,10.0,170.0,6.4,3.6,Overcast clouds,c04n,804.0,4951257.0,Somerville,US,42.3876,-71.0995,MA,994971-99999,America/New_York
2024-01-24 17:15:00,,,,,0.2,249.0,100.0,2.4,0.0,0.0,-5.6,0.0,n,0.0,1028.0,2.1,93.0,1030.0,0.0,0.0,3.5,2024-01-24T17:15:00,2024-01-24T22:15:00,1706134500.0,0.0,10.0,170.0,6.3,3.6,Overcast clouds,c04n,804.0,4951257.0,Somerville,US,42.3876,-71.0995,MA,994971-99999,America/New_York
2024-01-24 17:30:00,,,,,0.3,251.4,100.0,2.6,0.0,0.0,-8.2,0.0,n,0.0,1027.0,2.1,94.0,1029.0,0.0,0.0,3.5,2024-01-24T17:30:00,2024-01-24T22:30:00,1706135400.0,0.0,10.0,171.0,6.2,3.6,Overcast clouds,c04n,804.0,4951257.0,Somerville,US,42.3876,-71.0995,MA,994971-99999,America/New_York
2024-01-24 17:45:00,,,,,0.3,253.8,100.0,2.7,0.0,0.0,-10.8,0.0,n,1.0,1027.0,2.1,94.0,1029.0,0.0,0.0,3.5,2024-01-24T17:45:00,2024-01-24T22:45:00,1706136300.0,0.0,10.0,172.0,6.1,3.6,Light rain,r01n,500.0,4951257.0,Somerville,US,42.3876,-71.0995,MA,994971-99999,America/New_York
2024-01-24 18:00:00,,,,,0.4,256.2,100.0,2.9,0.0,0.0,-13.5,0.0,n,2.0,1027.0,2.1,95.0,1029.0,0.0,0.0,3.6,2024-01-24T18:00:00,2024-01-24T23:00:00,1706137200.0,0.0,10.0,172.0,6.0,3.6,Light rain,r01n,500.0,4951257.0,Somerville,US,42.3876,-71.0995,MA,994971-99999,America/New_York
2024-01-24 18:15:00,,,,,0.5,258.6,100.0,3.1,0.0,0.0,-16.2,0.0,n,1.0,1027.0,2.1,96.0,1029.0,0.0,0.0,3.7,2024-01-24T18:15:00,2024-01-24T23:15:00,1706138100.0,0.0,10.0,171.0,5.9,3.6,Light rain,r01n,500.0,4951257.0,Somerville,US,42.3876,-71.0995,MA,994971-99999,America/New_York
2024-01-24 18:30:00,,,,,0.6,261.0,100.0,3.2,0.0,0.0,-18.9,0.0,n,1.0,1027.0,2.1,96.0,1029.0,0.0,0.0,3.8,2024-01-24T18:30:00,2024-01-24T23:30:00,1706139000.0,0.0,10.0,170.0,5.8,3.6,Light rain,r01n,500.0,4951257.0,Somerville,US,42.3876,-71.0995,MA,994971-99999,America/New_York
2024-01-24 18:45:00,,,,,0.7,263.3,100.0,3.2,0.0,0.0,-21.6,0.0,n,1.0,1026.0,2.1,96.0,1028.0,0.0,0.0,3.8,2024-01-24T18:45:00,2024-01-24T23:45:00,1706139900.0,0.0,10.0,169.0,5.7,3.6,Light rain,r01n,500.0,4951257.0,Somerville,US,42.3876,-71.0995,MA,994971-99999,America/New_York
2024-01-24 19:00:00,,,,,0.8,265.7,100.0,3.5,0.0,0.0,-24.4,0.0,n,1.0,1026.0,2.1,97.0,1028.0,0.0,0.0,3.9,2024-01-24T19:00:00,2024-01-25T00:00:00,1706140800.0,0.0,10.0,168.0,5.6,3.6,Light rain,r01n,500.0,4951257.0,Somerville,US,42.3876,-71.0995,MA,994971-99999,America/New_York
2024-01-24 19:15:00,,,,,0.8,268.3,100.0,3.4,0.0,0.0,-27.1,0.0,n,1.0,1026.0,2.1,96.0,1028.0,0.0,0.0,4.0,2024-01-24T19:15:00,2024-01-25T00:15:00,1706141700.0,0.0,10.0,169.0,5.6,3.6,Light rain,r01n,500.0,4951257.0,Somerville,US,42.3876,-71.0995,MA,994971-99999,America/New_York
2024-01-24 19:30:00,,,,,0.9,270.9,100.0,3.5,0.0,0.0,-29.9,0.0,n,1.0,1026.0,2.1,96.0,1028.0,0.0,0.0,4.0,2024-01-24T19:30:00,2024-01-25T00:30:00,1706142600.0,0.0,10.0,170.0,5.6,3.6,Light rain,r01n,500.0,4951257.0,Somerville,US,42.3876,-71.0995,MA,994971-99999,America/New_York
2024-01-24 19:45:00,,,,,1.0,273.4,100.0,3.5,0.0,0.0,-32.7,0.0,n,1.0,1025.0,2.1,96.0,1027.0,0.0,0.0,4.1,2024-01-24T19:45:00,2024-01-25T00:45:00,1706143500.0,0.0,10.0,171.0,5.6,3.6,Light rain,r01n,500.0,4951257.0,Somerville,US,42.3876,-71.0995,MA,994971-99999,America/New_York
2024-01-24 20:00:00,,,,,1.1,276.0,100.0,3.5,0.0,0.0,-35.4,0.0,n,1.0,1025.0,2.1,95.0,1027.0,0.0,0.0,4.2,2024-01-24T20:00:00,2024-01-25T01:00:00,1706144400.0,0.0,10.0,172.0,5.6,3.6,Light rain,r01n,500.0,4951257.0,Somerville,US,42.3876,-71.0995,MA,994971-99999,America/New_York
2024-01-24 20:15:00,,,,,1.2,279.0,100.0,3.5,0.0,0.0,-38.1,0.0,n,1.0,1025.0,2.1,95.0,1027.0,0.0,0.0,4.2,2024-01-24T20:15:00,2024-01-25T01:15:00,1706145300.0,0.0,10.0,172.0,5.6,3.5,Light rain,r01n,500.0,4951257.0,Somerville,US,42.3876,-71.0995,MA,994971-99999,America/New_York
2024-01-24 20:30:00,,,,,1.3,282.0,100.0,3.5,0.0,0.0,-40.8,0.0,n,1.0,1025.0,2.1,95.0,1027.0,0.0,0.0,4.3,2024-01-24T20:30:00,2024-01-25T01:30:00,1706146200.0,0.0,10.0,172.0,5.6,3.4,Light rain,r01n,500.0,4951257.0,Somerville,US,42.3876,-71.0995,MA,994971-99999,America/New_York
2024-01-24 20:45:00,,,,,1.4,285.1,100.0,3.5,0.0,0.0,-43.6,0.0,n,1.0,1024.0,2.1,95.0,1026.0,0.0,0.0,4.3,2024-01-24T20:45:00,2024-01-25T01:45:00,1706147100.0,0.0,10.0,172.0,5.6,3.3,Light rain,r01n,500.0,4951257.0,Somerville,US,42.3876,-71.0995,MA,994971-99999,America/New_York
2024-01-24 21:00:00,,,,,1.5,288.1,100.0,3.6,0.0,0.0,-46.3,0.0,n,1.0,1024.0,2.1,95.0,1026.0,0.0,0.0,4.3,2024-01-24T21:00:00,2024-01-25T02:00:00,1706148000.0,0.0,10.0,172.0,5.6,3.2,Light rain,r01n,500.0,4951257.0,Somerville,US,42.3876,-71.0995,MA,994971-99999,America/New_York
2024-01-24 21:15:00,,,,,1.5,292.2,100.0,3.7,0.0,0.0,-48.7,0.0,n,2.0,1024.0,2.1,96.0,1026.0,0.0,0.0,4.3,2024-01-24T21:15:00,2024-01-25T02:15:00,1706148900.0,0.0,10.0,172.0,5.6,3.2,Light rain,r01n,500.0,4951257.0,Somerville,US,42.3876,-71.0995,MA,994971-99999,America/New_York
2024-01-24 21:30:00,,,,,1.5,296.3,100.0,3.7,0.0,0.0,-51.2,0.0,n,1.0,1024.0,2.1,96.0,1026.0,0.0,0.0,4.3,2024-01-24T21:30:00,2024-01-25T02:30:00,1706149800.0,0.0,10.0,173.0,5.6,3.2,Light rain,r01n,500.0,4951257.0,Somerville,US,42.3876,-71.0995,MA,994971-99999,America/New_York
2024-01-24 21:45:00,,,,,1.5,300.3,100.0,3.7,0.0,0.0,-53.7,0.0,n,1.0,1023.0,2.1,96.0,1025.0,0.0,0.0,4.3,2024-01-24T21:45:00,2024-01-25T02:45:00,1706150700.0,0.0,10.0,174.0,5.6,3.2,Light rain,r01n,500.0,4951257.0,Somerville,US,42.3876,-71.0995,MA,994971-99999,America/New_York
2024-01-24 22:00:00,,,,,1.5,304.4,100.0,3.9,0.0,0.0,-56.2,0.0,n,2.0,1023.0,2.1,97.0,1025.0,0.0,0.0,4.3,2024-01-24T22:00:00,2024-01-25T03:00:00,1706151600.0,0.0,10.0,174.0,5.6,3.2,Light rain,r01n,500.0,4951257.0,Somerville,US,42.3876,-71.0995,MA,994971-99999,America/New_York
2024-01-24 22:15:00,,,,,1.6,310.4,100.0,3.8,0.0,0.0,-58.1,0.0,n,3.0,1023.0,2.1,96.0,1025.0,0.0,0.0,4.4,2024-01-24T22:15:00,2024-01-25T03:15:00,1706152500.0,0.0,10.0,176.0,5.6,3.3,Light rain,r01n,500.0,4951257.0,Somerville,US,42.3876,-71.0995,MA,994971-99999,America/New_York
2024-01-24 22:30:00,,,,,1.6,316.5,100.0,3.9,0.0,0.0,-60.0,0.0,n,3.0,1022.0,2.1,96.0,1024.0,0.0,0.0,4.5,2024-01-24T22:30:00,2024-01-25T03:30:00,1706153400.0,0.0,10.0,179.0,5.6,3.4,Light rain,r01n,500.0,4951257.0,Somerville,US,42.3876,-71.0995,MA,994971-99999,America/New_York
2024-01-24 22:45:00,,,,,1.7,322.5,100.0,4.0,0.0,0.0,-62.0,0.0,n,2.0,1022.0,2.1,96.0,1024.0,0.0,0.0,4.6,2024-01-24T22:45:00,2024-01-25T03:45:00,1706154300.0,0.0,10.0,182.0,5.6,3.5,Light rain,r01n,500.0,4951257.0,Somerville,US,42.3876,-71.0995,MA,994971-99999,America/New_York
2024-01-24 23:00:00,,,,,1.7,328.5,100.0,4.0,0.0,0.0,-63.9,0.0,n,3.0,1022.0,2.1,95.0,1024.0,0.0,0.0,4.7,2024-01-24T23:00:00,2024-01-25T04:00:00,1706155200.0,0.0,10.0,184.0,5.6,3.6,Light rain,r01n,500.0,4951257.0,Somerville,US,42.3876,-71.0995,MA,994971-99999,America/New_York
2024-01-24 23:15:00,,,,,1.8,246.9,100.0,4.2,0.0,0.0,-64.6,0.0,n,4.0,1021.0,2.1,96.0,1023.0,0.0,0.0,4.8,2024-01-24T23:15:00,2024-01-25T04:15:00,1706156100.0,0.0,10.0,187.0,5.5,3.6,Moderate rain,r02n,501.0,4951257.0,Somerville,US,42.3876,-71.0995,MA,994971-99999,America/New_York
2024-01-24 23:30:00,,,,,1.9,165.4,100.0,4.3,0.0,0.0,-65.3,0.0,n,2.0,1021.0,2.1,96.0,1023.0,0.0,0.0,4.8,2024-01-24T23:30:00,2024-01-25T04:30:00,1706157000.0,0.0,10.0,190.0,5.4,3.6,Light rain,r01n,500.0,4951257.0,Somerville,US,42.3876,-71.0995,MA,994971-99999,America/New_York
2024-01-24 23:45:00,,,,,2.0,83.8,100.0,4.3,0.0,0.0,-66.0,0.0,n,2.0,1021.0,2.1,96.0,1023.0,0.0,0.0,4.9,2024-01-24T23:45:00,2024-01-25T04:45:00,1706157900.0,0.0,10.0,193.0,5.3,3.6,Light rain,r01n,500.0,4951257.0,Somerville,US,42.3876,-71.0995,MA,994971-99999,America/New_York
2024-01-25 00:00:00,,,,,2.1,2.2,100.0,4.6,0.0,0.0,-66.7,0.0,n,2.0,1020.0,2.1,97.0,1022.0,0.0,0.0,5.0,2024-01-25T00:00:00,2024-01-25T05:00:00,1706158800.0,0.0,10.0,196.0,5.2,3.6,Light rain,r01n,500.0,4951257.0,Somerville,US,42.3876,-71.0995,MA,994971-99999,America/New_York
2024-01-25 00:15:00,,,,,2.2,10.4,100.0,4.7,0.0,0.0,-65.8,0.0,n,1.0,1020.0,2.1,97.0,1022.0,0.0,0.0,5.1,2024-01-25T00:15:00,2024-01-25T05:15:00,1706159700.0,0.0,10.0,196.0,5.2,3.6,Light rain,r01n,500.0,4951257.0,Somerville,US,42.3876,-71.0995,MA,994971-99999,America/New_York
2024-01-25 00:30:00,,,,,2.4,18.6,100.0,4.8,0.0,0.0,-64.9,0.0,n,2.0,1019.0,2.1,97.0,1021.0,0.0,0.0,5.3,2024-01-25T00:30:00,2024-01-25T05:30:00,1706160600.0,0.0,10.0,197.0,5.2,3.6,Light rain,r01n,500.0,4951257.0,Somerville,US,42.3876,-71.0995,MA,994971-99999,America/New_York
2024-01-25 00:45:00,,,,,2.6,26.8,100.0,4.9,0.0,0.0,-64.0,0.0,n,2.0,1019.0,2.1,97.0,1021.0,0.0,0.0,5.4,2024-01-25T00:45:00,2024-01-25T05:45:00,1706161500.0,0.0,10.0,198.0,5.2,3.6,Light rain,r01n,500.0,4951257.0,Somerville,US,42.3876,-71.0995,MA,994971-99999,America/New_York
2024-01-25 01:00:00,,,,,2.7,35.0,100.0,5.1,0.0,0.0,-63.1,0.0,n,1.0,1018.0,2.1,97.0,1020.0,0.0,0.0,5.5,2024-01-25T01:00:00,2024-01-25T06:00:00,1706162400.0,0.0,10.0,198.0,5.2,3.6,Light rain,r01n,500.0,4951257.0,Somerville,US,42.3876,-71.0995,MA,994971-99999,America/New_York
2024-01-25 01:15:00,,,,,3.1,40.7,100.0,5.4,0.0,0.0,-61.1,0.0,n,2.0,1018.0,2.1,97.0,1020.0,0.0,0.0,5.8,2024-01-25T01:15:00,2024-01-25T06:15:00,1706163300.0,0.0,10.0,200.0,5.5,3.6,Light rain,r01n,500.0,4951257.0,Somerville,US,42.3876,-71.0995,MA,994971-99999,America/New_York
2024-01-25 01:30:00,,,,,3.6,46.4,100.0,5.8,0.0,0.0,-59.1,0.0,n,1.0,1017.0,2.1,97.0,1019.0,0.0,0.0,6.2,2024-01-25T01:30:00,2024-01-25T06:30:00,1706164200.0,0.0,10.0,203.0,5.8,3.6,Light rain,r01n,500.0,4951257.0,Somerville,US,42.3876,-71.0995,MA,994971-99999,America/New_York
2024-01-25 01:45:00,,,,,4.0,52.2,100.0,6.1,0.0,0.0,-57.1,0.0,n,1.0,1017.0,2.1,97.0,1019.0,0.0,0.0,6.5,2024-01-25T01:45:00,2024-01-25T06:45:00,1706165100.0,0.0,10.0,206.0,6.1,3.6,Light rain,r01n,500.0,4951257.0,Somerville,US,42.3876,-71.0995,MA,994971-99999,America/New_York
2024-01-25 02:00:00,,,,,4.4,57.9,100.0,6.5,0.0,0.0,-55.0,0.0,n,0.0,1017.0,2.1,97.0,1019.0,0.0,0.0,6.9,2024-01-25T02:00:00,2024-01-25T07:00:00,1706166000.0,0.0,10.0,208.0,6.4,3.6,Fog,a05n,741.0,4951257.0,Somerville,US,42.3876,-71.0995,MA,994971-99999,America/New_York
2024-01-25 02:15:00,,,,,7.3,61.8,100.0,6.8,0.0,0.0,-52.5,0.0,n,1.0,1016.0,2.1,97.0,1018.0,0.0,0.0,7.3,2024-01-25T02:15:00,2024-01-25T07:15:00,1706166900.0,0.0,10.0,213.0,6.8,3.8,Light rain,r01n,500.0,4951257.0,Somerville,US,42.3876,-71.0995,MA,994971-99999,America/New_York
2024-01-25 02:30:00,,,,,7.6,65.7,100.0,7.2,0.0,0.0,-50.0,0.0,n,2.0,1016.0,2.1,97.0,1018.0,0.0,0.0,7.6,2024-01-25T02:30:00,2024-01-25T07:30:00,1706167800.0,0.0,10.0,218.0,7.2,4.0,Light rain,r01n,500.0,4951257.0,Somerville,US,42.3876,-71.0995,MA,994971-99999,America/New_York
2024-01-25 02:45:00,,,,,8.0,69.6,100.0,7.5,0.0,0.0,-47.4,0.0,n,2.0,1016.0,2.1,97.0,1018.0,0.0,0.0,8.0,2024-01-25T02:45:00,2024-01-25T07:45:00,1706168700.0,0.0,10.0,223.0,7.6,4.2,Light rain,r01n,500.0,4951257.0,Somerville,US,42.3876,-71.0995,MA,994971-99999,America/New_York
2024-01-25 03:00:00,,,,,8.3,73.5,100.0,7.9,0.0,0.0,-44.9,0.0,n,2.0,1016.0,2.1,97.0,1018.0,0.0,0.0,8.3,2024-01-25T03:00:00,2024-01-25T08:00:00,1706169600.0,0.0,10.0,228.0,8.0,4.4,Light rain,r01n,500.0,4951257.0,Somerville,US,42.3876,-71.0995,MA,994971-99999,America/New_York
2024-01-25 03:15:00,,,,,8.4,76.4,100.0,8.0,0.0,0.0,-42.2,0.0,n,3.0,1015.0,2.1,97.0,1017.0,0.0,0.0,8.4,2024-01-25T03:15:00,2024-01-25T08:15:00,1706170500.0,0.0,10.0,230.0,8.4,4.6,Light rain,r01n,500.0,4951257.0,Somerville,US,42.3876,-71.0995,MA,994971-99999,America/New_York
2024-01-25 03:30:00,,,,,8.6,79.4,100.0,8.2,0.0,0.0,-39.5,0.0,n,2.0,1015.0,2.1,97.0,1017.0,0.0,0.0,8.6,2024-01-25T03:30:00,2024-01-25T08:30:00,1706171400.0,0.0,10.0,232.0,8.8,4.8,Light rain,r01n,500.0,4951257.0,Somerville,US,42.3876,-71.0995,MA,994971-99999,America/New_York
2024-01-25 03:45:00,,,,,8.8,82.3,100.0,8.3,0.0,0.0,-36.8,0.0,n,1.0,1015.0,2.1,97.0,1017.0,0.0,0.0,8.8,2024-01-25T03:45:00,2024-01-25T08:45:00,1706172300.0,0.0,10.0,234.0,9.2,5.0,Light rain,r01n,500.0,4951257.0,Somerville,US,42.3876,-71.0995,MA,994971-99999,America/New_York
2024-01-25 04:00:00,,,,,8.9,85.3,100.0,8.5,0.0,0.0,-34.0,0.0,n,3.0,1015.0,2.1,97.0,1017.0,0.0,0.0,8.9,2024-01-25T04:00:00,2024-01-25T09:00:00,1706173200.0,0.0,10.0,236.0,9.6,5.2,Light rain,r01n,500.0,4951257.0,Somerville,US,42.3876,-71.0995,MA,994971-99999,America/New_York
2024-01-25 04:15:00,,,,,9.1,87.8,100.0,8.4,0.0,0.0,-31.3,0.0,n,1.0,1014.0,2.1,96.0,1016.0,0.0,0.0,9.1,2024-01-25T04:15:00,2024-01-25T09:15:00,1706174100.0,0.0,10.0,240.0,9.5,5.3,Light rain,r01n,500.0,4951257.0,Somerville,US,42.3876,-71.0995,MA,994971-99999,America/New_York
2024-01-25 04:30:00,,,,,9.2,90.3,100.0,8.6,0.0,0.0,-28.5,0.0,n,0.0,1014.0,2.1,96.0,1016.0,0.0,0.0,9.2,2024-01-25T04:30:00,2024-01-25T09:30:00,1706175000.0,0.0,10.0,245.0,9.4,5.4,Overcast clouds,c04n,804.0,4951257.0,Somerville,US,42.3876,-71.0995,MA,994971-99999,America/New_York
2024-01-25 04:45:00,,,,,9.3,92.8,100.0,8.7,0.0,0.0,-25.7,0.0,n,1.0,1014.0,2.1,96.0,1016.0,0.0,0.0,9.3,2024-01-25T04:45:00,2024-01-25T09:45:00,1706175900.0,0.0,10.0,250.0,9.3,5.5,Light rain,r01n,500.0,4951257.0,Somerville,US,42.3876,-71.0995,MA,994971-99999,America/New_York
2024-01-25 05:00:00,,,,,9.5,95.4,100.0,8.7,0.0,0.0,-23.0,0.0,n,0.0,1014.0,2.1,95.0,1016.0,0.0,0.0,9.5,2024-01-25T05:00:00,2024-01-25T10:00:00,1706176800.0,0.0,10.0,254.0,9.2,5.6,Overcast clouds,c04n,804.0,4951257.0,Somerville,US,42.3876,-71.0995,MA,994971-99999,America/New_York
2024-01-25 05:15:00,,,,,9.8,97.7,100.0,9.1,0.0,0.0,-20.2,0.0,n,0.0,1014.0,2.1,95.0,1016.0,0.0,0.0,9.8,2024-01-25T05:15:00,2024-01-25T10:15:00,1706177700.0,0.0,10.0,256.0,9.1,5.4,Overcast clouds,c04n,804.0,4951257.0,Somerville,US,42.3876,-71.0995,MA,994971-99999,America/New_York
2024-01-25 05:30:00,,,,,10.2,100.1,100.0,9.4,0.0,0.0,-17.5,0.0,n,0.0,1014.0,2.1,95.0,1016.0,0.0,0.0,10.2,2024-01-25T05:30:00,2024-01-25T10:30:00,1706178600.0,0.0,10.0,259.0,9.0,5.2,Overcast clouds,c04n,804.0,4951257.0,Somerville,US,42.3876,-71.0995,MA,994971-99999,America/New_York
2024-01-25 05:45:00,,,,,10.6,102.5,100.0,9.8,0.0,0.0,-14.8,0.0,n,0.0,1014.0,2.1,95.0,1016.0,0.0,0.0,10.6,2024-01-25T05:45:00,2024-01-25T10:45:00,1706179500.0,0.0,10.0,262.0,8.9,5.0,Overcast clouds,c04n,804.0,4951257.0,Somerville,US,42.3876,-71.0995,MA,994971-99999,America/New_York
2024-01-25 06:00:00,,,,,10.9,104.9,100.0,10.1,0.0,0.0,-12.1,0.0,n,0.0,1014.0,2.1,95.0,1016.0,0.0,0.0,10.9,2024-01-25T06:00:00,2024-01-25T11:00:00,1706180400.0,0.0,10.0,264.0,8.8,4.8,Overcast clouds,c04n,804.0,4951257.0,Somerville,US,42.3876,-71.0995,MA,994971-99999,America/New_York
2024-01-25 06:15:00,,,,,10.8,107.3,100.0,10.1,0.0,0.0,-9.4,0.0,n,0.0,1014.0,2.1,95.0,1016.0,0.0,0.0,10.8,2024-01-25T06:15:00,2024-01-25T11:15:00,1706181300.0,0.0,10.0,266.0,8.5,4.6,Overcast clouds,c04n,804.0,4951257.0,Somerville,US,42.3876,-71.0995,MA,994971-99999,America/New_York
2024-01-25 06:30:00,,,,,10.8,109.7,100.0,10.0,0.0,0.0,-6.8,0.0,n,0.0,1014.0,2.1,95.0,1016.0,0.0,0.0,10.8,2024-01-25T06:30:00,2024-01-25T11:30:00,1706182200.0,0.0,16.0,269.0,8.2,4.4,Overcast clouds,c04n,804.0,4951257.0,Somerville,US,42.3876,-71.0995,MA,994971-99999,America/New_York
2024-01-25 06:45:00,,,,,10.7,112.1,100.0,9.9,0.0,0.0,-4.2,0.0,n,0.0,1014.0,2.1,95.0,1016.0,0.0,0.0,10.7,2024-01-25T06:45:00,2024-01-25T11:45:00,1706183100.0,0.0,16.0,272.0,7.9,4.2,Overcast clouds,c04n,804.0,4951257.0,Somerville,US,42.3876,-71.0995,MA,994971-99999,America/New_York
2024-01-25 07:00:00,,,,,10.6,114.6,100.0,9.8,0.0,0.0,-1.6,0.0,n,1.0,1015.0,2.1,95.0,1017.0,0.0,0.0,10.6,2024-01-25T07:00:00,2024-01-25T12:00:00,1706184000.0,0.0,10.0,274.0,7.6,4.0,Light rain,r01n,500.0,4951257.0,Somerville,US,42.3876,-71.0995,MA,994971-99999,America/New_York
2024-01-25 07:15:00,-3.4268570909958953,85.7294946228161,90.00000858031895,3.426857090995934,10.7,117.2,100.0,10.0,12.0,107.0,0.8,25.0,d,2.0,1015.0,2.1,96.0,1017.0,0.0,11.0,10.7,2024-01-25T07:15:00,2024-01-25T12:15:00,1706184900.0,0.4,10.0,276.0,7.4,3.8,Light rain,r01n,500.0,4951257.0,Somerville,US,42.3876,-71.0995,MA,994971-99999,America/New_York
2024-01-25 07:30:00,-10.191368190895389,77.66646552730055,90.00000269986933,10.1913681908954,10.7,119.8,100.0,10.1,24.0,213.0,3.2,49.0,d,1.0,1015.0,2.1,96.0,1017.0,0.0,27.0,10.7,2024-01-25T07:30:00,2024-01-25T12:30:00,1706185800.0,0.4,10.0,278.0,7.2,3.6,Light rain,r01n,500.0,4951257.0,Somerville,US,42.3876,-71.0995,MA,994971-99999,America/New_York
2024-01-25 07:45:00,-17.849023098464542,69.2543189448965,90.00000225887274,17.849023098464553,10.8,122.4,100.0,10.1,36.0,320.0,5.6,74.0,d,1.0,1015.0,2.1,96.0,1017.0,0.0,41.0,10.8,2024-01-25T07:45:00,2024-01-25T12:45:00,1706186700.0,0.4,10.0,280.0,7.0,3.4,Light rain,r01d,500.0,4951257.0,Somerville,US,42.3876,-71.0995,MA,994971-99999,America/New_York
2024-01-25 08:00:00,-26.86255390204559,60.52499626081737,90.0,26.862553902045587,10.8,125.0,100.0,10.3,48.0,427.0,8.0,98.0,d,0.0,1015.0,2.1,97.0,1017.0,0.0,54.0,10.8,2024-01-25T08:00:00,2024-01-25T13:00:00,1706187600.0,0.4,10.0,282.0,6.8,3.2,Fog,a05d,741.0,4951257.0,Somerville,US,42.3876,-71.0995,MA,994971-99999,America/New_York
2024-01-25 08:15:00,-38.64320839960561,51.291052648129565,90.0,38.64320839960561,10.8,127.9,100.0,10.4,54.0,479.0,10.1,135.0,d,0.0,1015.0,2.1,97.0,1017.0,0.0,63.0,10.8,2024-01-25T08:15:00,2024-01-25T13:15:00,1706188500.0,0.4,10.0,285.0,6.6,3.1,Fog,a05d,741.0,4951257.0,Somerville,US,42.3876,-71.0995,MA,994971-99999,America/New_York
2024-01-25 08:30:00,-60.0,41.45383680810266,90.0,59.99999999999999,10.8,130.8,99.0,10.4,60.0,531.0,12.2,171.0,d,0.0,1015.0,2.1,97.0,1017.0,0.0,76.0,10.8,2024-01-25T08:30:00,2024-01-25T13:30:00,1706189400.0,0.4,16.0,288.0,6.4,3.0,Fog,a05d,741.0,4951257.0,Somerville,US,42.3876,-71.0995,MA,994971-99999,America/New_York
2024-01-25 08:45:00,-60.0,42.922796558918,90.0,59.99999999999999,10.9,133.8,98.0,10.4,66.0,584.0,14.3,208.0,d,0.0,1015.0,2.1,97.0,1017.0,0.0,92.0,10.9,2024-01-25T08:45:00,2024-01-25T13:45:00,1706190300.0,0.5,10.0,291.0,6.2,2.9,Fog,a05d,741.0,4951257.0,Somerville,US,42.3876,-71.0995,MA,994971-99999,America/New_York
2024-01-25 09:00:00,-60.0,44.64489974609791,90.0,59.99999999999999,10.9,136.7,98.0,10.4,72.0,636.0,16.4,244.0,d,0.0,1016.0,2.1,97.0,1018.0,0.0,103.0,10.9,2024-01-25T09:00:00,2024-01-25T14:00:00,1706191200.0,0.5,16.0,294.0,6.0,2.8,Fog,a05d,741.0,4951257.0,Somerville,US,42.3876,-71.0995,MA,994971-99999,America/New_York
2024-01-25 09:15:00,-60.0,46.59263149878866,90.0,59.99999999999999,10.3,140.0,98.0,9.7,75.0,661.0,18.1,275.0,d,0.0,1016.0,2.1,96.0,1018.0,0.0,119.0,10.3,2024-01-25T09:15:00,2024-01-25T14:15:00,1706192100.0,0.5,16.0,296.0,5.8,2.7,Overcast clouds,c04d,804.0,4951257.0,Somerville,US,42.3876,-71.0995,MA,994971-99999,America/New_York
2024-01-25 09:30:00,-58.790213933185576,48.72802220257412,90.0,58.790213933185576,9.7,143.4,98.0,9.1,79.0,685.0,19.7,305.0,d,0.0,1016.0,2.1,96.0,1018.0,0.0,128.0,9.7,2024-01-25T09:30:00,2024-01-25T14:30:00,1706193000.0,0.6,16.0,299.0,5.6,2.6,Overcast clouds,c04d,804.0,4951257.0,Somerville,US,42.3876,-71.0995,MA,994971-99999,America/New_York
2024-01-25 09:45:00,-54.37775173085419,50.83560570300732,90.0,54.37775173085419,9.1,146.7,99.0,8.5,82.0,710.0,21.4,336.0,d,0.0,1017.0,2.1,96.0,1019.0,0.0,126.0,9.1,2024-01-25T09:45:00,2024-01-25T14:45:00,1706193900.0,0.6,16.0,302.0,5.4,2.5,Overcast clouds,c04d,804.0,4951257.0,Somerville,US,42.3876,-71.0995,MA,994971-99999,America/New_York
2024-01-25 10:00:00,-49.63119240865546,52.825385071566274,90.0,49.63119240865546,8.5,150.0,99.0,7.7,86.0,734.0,23.0,366.0,d,0.0,1017.0,2.1,95.0,1019.0,0.0,134.0,8.5,2024-01-25T10:00:00,2024-01-25T15:00:00,1706194800.0,0.6,16.0,304.0,5.2,2.4,Overcast clouds,c04d,804.0,4951257.0,Somerville,US,42.3876,-71.0995,MA,994971-99999,America/New_York
2024-01-25 10:15:00,-44.515824144948546,54.67412324007615,90.00000147877934,44.51582414494855,8.8,153.8,99.0,7.9,88.0,746.0,24.1,386.0,d,0.0,1017.0,2.1,94.0,1019.0,0.0,138.0,8.8,2024-01-25T10:15:00,2024-01-25T15:15:00,1706195700.0,0.7,16.0,308.0,5.2,2.3,Overcast clouds,c04d,804.0,4951257.0,Somerville,US,42.3876,-71.0995,MA,994971-99999,America/New_York
2024-01-25 10:30:00,-39.002905324015344,56.35555075452291,90.0,39.002905324015344,9.1,157.5,100.0,8.2,89.0,758.0,25.2,405.0,d,0.0,1017.0,2.1,94.0,1019.0,0.0,130.0,9.1,2024-01-25T10:30:00,2024-01-25T15:30:00,1706196600.0,0.7,16.0,311.0,5.2,2.2,Overcast clouds,c04d,804.0,4951257.0,Somerville,US,42.3876,-71.0995,MA,994971-99999,America/New_York
2024-01-25 10:45:00,-33.07549484832684,57.840730836374256,90.0,33.07549484832684,9.4,161.2,100.0,8.5,91.0,769.0,26.2,425.0,d,0.0,1017.0,2.1,94.0,1019.0,0.0,134.0,9.4,2024-01-25T10:45:00,2024-01-25T15:45:00,1706197500.0,0.7,16.0,314.0,5.2,2.1,Overcast clouds,c04d,804.0,4951257.0,Somerville,US,42.3876,-71.0995,MA,994971-99999,America/New_York
2024-01-25 11:00:00,-26.735756885577768,59.09903978053585,90.00000085377364,26.73575688557777,9.7,165.0,100.0,8.6,93.0,781.0,27.3,445.0,d,0.0,1017.0,2.1,93.0,1019.0,0.0,138.0,9.7,2024-01-25T11:00:00,2024-01-25T16:00:00,1706198400.0,0.8,16.0,318.0,5.2,2.0,Overcast clouds,c04d,804.0,4951257.0,Somerville,US,42.3876,-71.0995,MA,994971-99999,America/New_York
2024-01-25 11:15:00,-20.01264808111431,60.09990108423843,90.00000085377364,20.012648081114314,9.8,169.0,100.0,8.6,94.0,784.0,27.6,451.0,d,0.0,1017.0,2.1,92.0,1019.0,0.0,139.0,9.8,2024-01-25T11:15:00,2024-01-25T16:15:00,1706199300.0,0.8,16.0,325.0,5.1,1.9,Overcast clouds,c04d,804.0,4951257.0,Somerville,US,42.3876,-71.0995,MA,994971-99999,America/New_York
2024-01-25 11:30:00,-12.9677664302767,60.81531662563664,90.0,12.967766430276697,9.9,173.0,100.0,8.4,94.0,788.0,28.0,457.0,d,0.0,1017.0,2.1,90.0,1019.0,0.0,140.0,9.9,2024-01-25T11:30:00,2024-01-25T16:30:00,1706200200.0,0.8,16.0,332.0,5.0,1.8,Overcast clouds,c04d,804.0,4951257.0,Somerville,US,42.3876,-71.0995,MA,994971-99999,America/New_York
2024-01-25 11:45:00,-5.696356443648823,61.22293311137281,90.00000591511733,5.696356443648853,10.1,177.0,100.0,8.3,95.0,791.0,28.3,463.0,d,0.0,1017.0,2.1,89.0,1019.0,0.0,141.0,10.1,2024-01-25T11:45:00,2024-01-25T16:45:00,1706201100.0,0.8,16.0,339.0,4.9,1.7,Overcast clouds,c04d,804.0,4951257.0,Somerville,US,42.3876,-71.0995,MA,994971-99999,America/New_York
2024-01-25 12:00:00,1.6790068386758454,61.30903033647954,269.9999837558485,1.679006838675913,10.2,181.0,100.0,8.3,95.0,794.0,28.7,470.0,d,0.0,1017.0,2.1,88.0,1019.0,0.0,142.0,10.2,2024-01-25T12:00:00,2024-01-25T17:00:00,1706202000.0,0.8,16.0,346.0,4.8,1.6,Overcast clouds,c04d,804.0,4951257.0,Somerville,US,42.3876,-71.0995,MA,994971-99999,America/New_York
2024-01-25 12:15:00,9.022154255309855,61.07059186594797,269.99999658490543,9.022154255309871,10.1,184.9,100.0,8.0,94.0,790.0,28.2,462.0,d,0.0,1017.0,2.1,87.0,1019.0,0.0,140.0,10.1,2024-01-25T12:15:00,2024-01-25T17:15:00,1706202900.0,0.8,16.0,265.0,4.8,1.7,Overcast clouds,c04d,804.0,4951257.0,Somerville,US,42.3876,-71.0995,MA,994971-99999,America/New_York
2024-01-25 12:30:00,16.20119489179361,60.51578941958665,270.0,16.2011948917936,10.0,188.9,100.0,7.8,94.0,786.0,27.8,454.0,d,0.0,1017.0,2.1,86.0,1019.0,0.0,139.0,10.0,2024-01-25T12:30:00,2024-01-25T17:30:00,1706203800.0,0.8,16.0,184.0,4.8,1.8,Overcast clouds,c04d,804.0,4951257.0,Somerville,US,42.3876,-71.0995,MA,994971-99999,America/New_York
2024-01-25 12:45:00,23.10505469584057,59.662693805277605,270.0,23.10505469584056,9.9,192.9,100.0,7.5,93.0,782.0,27.4,446.0,d,0.0,1017.0,2.1,85.0,1019.0,0.0,138.0,9.9,2024-01-25T12:45:00,2024-01-25T17:45:00,1706204700.0,0.8,16.0,103.0,4.8,1.9,Overcast clouds,c04d,804.0,4951257.0,Somerville,US,42.3876,-71.0995,MA,994971-99999,America/New_York
2024-01-25 13:00:00,29.653941038870727,58.53667394472826,270.0,29.65394103887072,9.8,196.9,100.0,7.2,92.0,778.0,27.0,438.0,d,0.0,1017.0,2.1,84.0,1019.0,0.0,136.0,9.8,2024-01-25T13:00:00,2024-01-25T18:00:00,1706205600.0,0.7,16.0,22.0,4.8,2.0,Overcast clouds,c04d,804.0,4951257.0,Somerville,US,42.3876,-71.0995,MA,994971-99999,America/New_York
2024-01-25 13:15:00,35.80203280726933,57.16727568958767,270.0,35.80203280726932,9.3,200.6,100.0,6.7,90.0,765.0,25.8,417.0,d,0.0,1017.0,2.1,84.0,1019.0,0.0,132.0,9.3,2024-01-25T13:15:00,2024-01-25T18:15:00,1706206500.0,0.7,16.0,27.0,4.8,2.1,Overcast clouds,c04d,804.0,4951257.0,Somerville,US,42.3876,-71.0995,MA,994971-99999,America/New_York
2024-01-25 13:30:00,41.53382331151758,55.58535011387168,269.9999987925817,41.53382331151759,8.7,204.3,100.0,6.1,89.0,752.0,24.7,396.0,d,0.0,1017.0,2.1,84.0,1019.0,0.0,129.0,8.7,2024-01-25T13:30:00,2024-01-25T18:30:00,1706207400.0,0.7,16.0,32.0,4.8,2.2,Overcast clouds,c04d,804.0,4951257.0,Somerville,US,42.3876,-71.0995,MA,994971-99999,America/New_York
2024-01-25 13:45:00,46.857066276991375,53.82088499376349,270.0,46.857066276991375,8.2,208.0,100.0,5.6,87.0,739.0,23.5,375.0,d,0.0,1018.0,2.1,84.0,1020.0,0.0,125.0,8.2,2024-01-25T13:45:00,2024-01-25T18:45:00,1706208300.0,0.6,16.0,37.0,4.8,2.3,Overcast clouds,c04d,804.0,4951257.0,Somerville,US,42.3876,-71.0995,MA,994971-99999,America/New_York
2024-01-25 14:00:00,51.795062787911185,51.90163317459719,270.0,51.795062787911185,7.6,211.7,100.0,5.1,85.0,726.0,22.4,354.0,d,0.0,1018.0,2.1,84.0,1020.0,0.0,120.0,7.6,2024-01-25T14:00:00,2024-01-25T19:00:00,1706209200.0,0.6,16.0,42.0,4.8,2.4,Overcast clouds,c04d,804.0,4951257.0,Somerville,US,42.3876,-71.0995,MA,994971-99999,America/New_York
2024-01-25 14:15:00,56.37997148364127,49.85245412954603,270.0,56.37997148364127,7.5,215.0,100.0,5.0,81.0,700.0,20.7,323.0,d,0.0,1018.0,2.1,84.0,1020.0,0.0,113.0,7.5,2024-01-25T14:15:00,2024-01-25T19:15:00,1706210100.0,0.6,16.0,46.0,4.8,2.4,Overcast clouds,c04d,804.0,4951257.0,Somerville,US,42.3876,-71.0995,MA,994971-99999,America/New_York
2024-01-25 14:30:00,60.0,47.698474022196294,270.0,59.99999999999999,7.5,218.2,100.0,5.1,77.0,673.0,19.0,291.0,d,0.0,1018.0,2.1,85.0,1020.0,0.0,106.0,7.5,2024-01-25T14:30:00,2024-01-25T19:30:00,1706211000.0,0.5,16.0,50.0,4.8,2.4,Overcast clouds,c04d,804.0,4951257.0,Somerville,US,42.3876,-71.0995,MA,994971-99999,America/New_York
2024-01-25 14:45:00,60.0,45.63272876583738,270.0,59.99999999999999,7.5,221.5,100.0,5.3,74.0,647.0,17.3,260.0,d,0.0,1018.0,2.1,86.0,1020.0,0.0,100.0,7.5,2024-01-25T14:45:00,2024-01-25T19:45:00,1706211900.0,0.5,16.0,54.0,4.8,2.4,Overcast clouds,c04d,804.0,4951257.0,Somerville,US,42.3876,-71.0995,MA,994971-99999,America/New_York
2024-01-25 15:00:00,60.0,43.77751227870272,270.0,59.99999999999999,7.4,224.8,100.0,5.2,70.0,620.0,15.5,228.0,d,0.0,1018.0,2.1,86.0,1020.0,0.0,93.0,7.4,2024-01-25T15:00:00,2024-01-25T20:00:00,1706212800.0,0.5,16.0,58.0,4.8,2.4,Overcast clouds,c04d,804.0,4951257.0,Somerville,US,42.3876,-71.0995,MA,994971-99999,America/New_York
2024-01-25 15:15:00,60.0,42.160211729429314,270.0,59.99999999999999,7.4,227.7,100.0,5.2,64.0,562.0,13.4,192.0,d,0.0,1018.0,2.1,86.0,1020.0,0.0,83.0,7.4,2024-01-25T15:15:00,2024-01-25T20:15:00,1706213700.0,0.4,16.0,60.0,4.8,2.5,Overcast clouds,c04d,804.0,4951257.0,Somerville,US,42.3876,-71.0995,MA,994971-99999,America/New_York
2024-01-25 15:30:00,48.28649217052762,45.63276885984236,270.0,48.28649217052762,7.4,230.6,100.0,5.4,57.0,505.0,11.3,155.0,d,0.0,1019.0,2.1,87.0,1021.0,0.0,73.0,7.4,2024-01-25T15:30:00,2024-01-25T20:30:00,1706214600.0,0.4,16.0,63.0,4.8,2.6,Overcast clouds,c04d,804.0,4951257.0,Somerville,US,42.3876,-71.0995,MA,994971-99999,America/New_York
2024-01-25 15:45:00,33.02347724187124,55.31948858540604,270.0,33.023477241871234,7.4,233.5,100.0,5.5,51.0,447.0,9.1,119.0,d,0.0,1019.0,2.1,88.0,1021.0,0.0,63.0,7.4,2024-01-25T15:45:00,2024-01-25T20:45:00,1706215500.0,0.4,16.0,66.0,4.8,2.7,Overcast clouds,c04d,804.0,4951257.0,Somerville,US,42.3876,-71.0995,MA,994971-99999,America/New_York
2024-01-25 16:00:00,22.750218258992447,64.30167378398532,270.0,22.75021825899244,7.4,236.4,100.0,5.5,44.0,389.0,7.0,82.0,d,0.0,1019.0,2.1,88.0,1021.0,0.0,52.0,7.4,2024-01-25T16:00:00,2024-01-25T21:00:00,1706216400.0,0.4,16.0,68.0,4.8,2.8,Overcast clouds,c04d,804.0,4951257.0,Somerville,US,42.3876,-71.0995,MA,994971-99999,America/New_York
2024-01-25 16:15:00,14.432028795278939,72.88099514566197,269.9999985212207,14.432028795278946,5.2,238.9,100.0,5.4,33.0,292.0,4.5,61.0,d,0.0,1019.0,2.1,89.0,1021.0,0.0,39.0,7.0,2024-01-25T16:15:00,2024-01-25T21:15:00,1706217300.0,0.4,16.0,71.0,4.7,2.7,Overcast clouds,c04d,804.0,4951257.0,Somerville,US,42.3876,-71.0995,MA,994971-99999,America/New_York
2024-01-25 16:30:00,7.191733701591218,81.16552945579606,270.0,7.191733701591205,4.8,241.5,100.0,5.2,22.0,195.0,2.1,41.0,d,0.0,1019.0,2.1,90.0,1021.0,0.0,26.0,6.7,2024-01-25T16:30:00,2024-01-25T21:30:00,1706218200.0,0.4,16.0,74.0,4.6,2.6,Overcast clouds,c04n,804.0,4951257.0,Somerville,US,42.3876,-71.0995,MA,994971-99999,America/New_York
2024-01-25 16:45:00,0.821516808580725,88.96473836714225,269.9999784855817,0.8215168085807829,4.5,244.1,100.0,5.0,11.0,97.0,-0.3,20.0,d,0.0,1020.0,2.1,91.0,1022.0,0.0,13.0,6.3,2024-01-25T16:45:00,2024-01-25T21:45:00,1706219100.0,0.0,16.0,77.0,4.5,2.5,Overcast clouds,c04n,804.0,4951257.0,Somerville,US,42.3876,-71.0995,MA,994971-99999,America/New_York
2024-01-25 17:00:00,,,,,4.2,246.7,100.0,4.8,0.0,0.0,-2.8,0.0,n,0.0,1020.0,2.1,92.0,1022.0,0.0,0.0,6.0,2024-01-25T17:00:00,2024-01-25T22:00:00,1706220000.0,0.0,16.0,80.0,4.4,2.4,Overcast clouds,c04n,804.0,4951257.0,Somerville,US,42.3876,-71.0995,MA,994971-99999,America/New_York
2024-01-25 17:15:00,,,,,4.0,249.1,100.0,4.7,0.0,0.0,-5.4,0.0,n,0.0,1020.0,2.1,92.0,1022.0,0.0,0.0,5.9,2024-01-25T17:15:00,2024-01-25T22:15:00,1706220900.0,0.0,16.0,80.0,4.3,2.5,Overcast clouds,c04n,804.0,4951257.0,Somerville,US,42.3876,-71.0995,MA,994971-99999,America/New_York
2024-01-25 17:30:00,,,,,3.8,251.5,100.0,4.4,0.0,0.0,-8.0,0.0,n,0.0,1020.0,2.1,91.0,1022.0,0.0,0.0,5.8,2024-01-25T17:30:00,2024-01-25T22:30:00,1706221800.0,0.0,16.0,80.0,4.2,2.6,Overcast clouds,c04n,804.0,4951257.0,Somerville,US,42.3876,-71.0995,MA,994971-99999,America/New_York
2024-01-25 17:45:00,,,,,3.6,253.9,100.0,4.2,0.0,0.0,-10.6,0.0,n,0.0,1021.0,2.1,90.0,1023.0,0.0,0.0,5.7,2024-01-25T17:45:00,2024-01-25T22:45:00,1706222700.0,0.0,16.0,80.0,4.1,2.7,Overcast clouds,c04n,804.0,4951257.0,Somerville,US,42.3876,-71.0995,MA,994971-99999,America/New_York
2024-01-25 18:00:00,,,,,3.4,256.3,100.0,4.1,0.0,0.0,-13.2,0.0,n,0.0,1021.0,2.1,90.0,1023.0,0.0,0.0,5.6,2024-01-25T18:00:00,2024-01-25T23:00:00,1706223600.0,0.0,16.0,80.0,4.0,2.8,Overcast clouds,c04n,804.0,4951257.0,Somerville,US,42.3876,-71.0995,MA,994971-99999,America/New_York
2024-01-25 18:15:00,,,,,3.3,258.7,100.0,4.1,0.0,0.0,-16.0,0.0,n,0.0,1021.0,2.1,90.0,1023.0,0.0,0.0,5.6,2024-01-25T18:15:00,2024-01-25T23:15:00,1706224500.0,0.0,16.0,80.0,3.9,2.9,Overcast clouds,c04n,804.0,4951257.0,Somerville,US,42.3876,-71.0995,MA,994971-99999,America/New_York
2024-01-25 18:30:00,,,,,3.3,261.1,100.0,4.0,0.0,0.0,-18.7,0.0,n,0.0,1021.0,2.1,89.0,1023.0,0.0,0.0,5.7,2024-01-25T18:30:00,2024-01-25T23:30:00,1706225400.0,0.0,16.0,81.0,3.8,3.0,Overcast clouds,c04n,804.0,4951257.0,Somerville,US,42.3876,-71.0995,MA,994971-99999,America/New_York
2024-01-25 18:45:00,,,,,3.2,263.5,100.0,3.8,0.0,0.0,-21.4,0.0,n,0.0,1022.0,2.1,88.0,1024.0,0.0,0.0,5.7,2024-01-25T18:45:00,2024-01-25T23:45:00,1706226300.0,0.0,16.0,82.0,3.7,3.1,Overcast clouds,c04n,804.0,4951257.0,Somerville,US,42.3876,-71.0995,MA,994971-99999,America/New_York
2024-01-25 19:00:00,,,,,3.2,265.9,100.0,3.9,0.0,0.0,-24.2,0.0,n,0.0,1022.0,2.1,88.0,1024.0,0.0,0.0,5.7,2024-01-25T19:00:00,2024-01-26T00:00:00,1706227200.0,0.0,16.0,82.0,3.6,3.2,Overcast clouds,c04n,804.0,4951257.0,Somerville,US,42.3876,-71.0995,MA,994971-99999,America/New_York
2024-01-25 19:15:00,,,,,3.0,268.5,100.0,3.8,0.0,0.0,-26.9,0.0,n,0.0,1022.0,2.1,88.0,1024.0,0.0,0.0,5.6,2024-01-25T19:15:00,2024-01-26T00:15:00,1706228100.0,0.0,16.0,81.0,3.7,3.4,Overcast clouds,c04n,804.0,4951257.0,Somerville,US,42.3876,-71.0995,MA,994971-99999,America/New_York
2024-01-25 19:30:00,,,,,2.7,271.0,99.0,3.7,0.0,0.0,-29.7,0.0,n,0.0,1022.0,2.1,88.0,1024.0,0.0,0.0,5.5,2024-01-25T19:30:00,2024-01-26T00:30:00,1706229000.0,0.0,16.0,80.0,3.8,3.6,Overcast clouds,c04n,804.0,4951257.0,Somerville,US,42.3876,-71.0995,MA,994971-99999,America/New_York
2024-01-25 19:45:00,,,,,2.5,273.6,98.0,3.6,0.0,0.0,-32.5,0.0,n,0.0,1022.0,2.1,88.0,1024.0,0.0,0.0,5.4,2024-01-25T19:45:00,2024-01-26T00:45:00,1706229900.0,0.0,16.0,79.0,3.9,3.8,Overcast clouds,c04n,804.0,4951257.0,Somerville,US,42.3876,-71.0995,MA,994971-99999,America/New_York
2024-01-25 20:00:00,,,,,2.2,276.2,98.0,3.5,0.0,0.0,-35.2,0.0,n,0.0,1022.0,2.1,88.0,1024.0,0.0,0.0,5.3,2024-01-25T20:00:00,2024-01-26T01:00:00,1706230800.0,0.0,16.0,78.0,4.0,4.0,Overcast clouds,c04n,804.0,4951257.0,Somerville,US,42.3876,-71.0995,MA,994971-99999,America/New_York
2024-01-25 20:15:00,,,,,2.1,279.2,98.0,3.4,0.0,0.0,-37.9,0.0,n,0.0,1022.0,2.1,88.0,1024.0,0.0,0.0,5.2,2024-01-25T20:15:00,2024-01-26T01:15:00,1706231700.0,0.0,16.0,79.0,4.2,4.0,Overcast clouds,c04n,804.0,4951257.0,Somerville,US,42.3876,-71.0995,MA,994971-99999,America/New_York
2024-01-25 20:30:00,,,,,2.1,282.3,99.0,3.3,0.0,0.0,-40.6,0.0,n,0.0,1023.0,2.1,88.0,1025.0,0.0,0.0,5.2,2024-01-25T20:30:00,2024-01-26T01:30:00,1706232600.0,0.0,16.0,80.0,4.4,4.0,Overcast clouds,c04n,804.0,4951257.0,Somerville,US,42.3876,-71.0995,MA,994971-99999,America/New_York
2024-01-25 20:45:00,,,,,2.0,285.3,100.0,3.3,0.0,0.0,-43.3,0.0,n,0.0,1023.0,2.1,88.0,1025.0,0.0,0.0,5.1,2024-01-25T20:45:00,2024-01-26T01:45:00,1706233500.0,0.0,16.0,81.0,4.6,4.0,Overcast clouds,c04n,804.0,4951257.0,Somerville,US,42.3876,-71.0995,MA,994971-99999,America/New_York
2024-01-25 21:00:00,,,,,1.9,288.3,100.0,3.2,0.0,0.0,-46.1,0.0,n,0.0,1023.0,2.1,88.0,1025.0,0.0,0.0,5.0,2024-01-25T21:00:00,2024-01-26T02:00:00,1706234400.0,0.0,16.0,82.0,4.8,4.0,Overcast clouds,c04n,804.0,4951257.0,Somerville,US,42.3876,-71.0995,MA,994971-99999,America/New_York
2024-01-25 21:15:00,,,,,1.8,292.4,100.0,3.2,0.0,0.0,-48.5,0.0,n,0.0,1023.0,2.1,88.0,1025.0,0.0,0.0,5.0,2024-01-25T21:15:00,2024-01-26T02:15:00,1706235300.0,0.0,16.0,81.0,4.9,4.0,Overcast clouds,c04n,804.0,4951257.0,Somerville,US,42.3876,-71.0995,MA,994971-99999,America/New_York
2024-01-25 21:30:00,,,,,1.8,296.5,100.0,2.9,0.0,0.0,-51.0,0.0,n,0.0,1023.0,2.1,87.0,1025.0,0.0,0.0,4.9,2024-01-25T21:30:00,2024-01-26T02:30:00,1706236200.0,0.0,16.0,80.0,5.0,4.0,Overcast clouds,c04n,804.0,4951257.0,Somerville,US,42.3876,-71.0995,MA,994971-99999,America/New_York
2024-01-25 21:45:00,,,,,1.7,300.5,100.0,2.7,0.0,0.0,-53.5,0.0,n,0.0,1023.0,2.1,86.0,1025.0,0.0,0.0,4.9,2024-01-25T21:45:00,2024-01-26T02:45:00,1706237100.0,0.0,16.0,79.0,5.1,4.0,Overcast clouds,c04n,804.0,4951257.0,Somerville,US,42.3876,-71.0995,MA,994971-99999,America/New_York
2024-01-25 22:00:00,,,,,1.6,304.6,100.0,2.7,0.0,0.0,-56.0,0.0,n,0.0,1023.0,2.1,86.0,1025.0,0.0,0.0,4.8,2024-01-25T22:00:00,2024-01-26T03:00:00,1706238000.0,0.0,16.0,78.0,5.2,4.0,Overcast clouds,c04n,804.0,4951257.0,Somerville,US,42.3876,-71.0995,MA,994971-99999,America/New_York
2024-01-25 22:15:00,,,,,1.6,310.6,100.0,2.7,0.0,0.0,-57.9,0.0,n,0.0,1023.0,2.1,86.0,1025.0,0.0,0.0,4.8,2024-01-25T22:15:00,2024-01-26T03:15:00,1706238900.0,0.0,16.0,78.0,5.2,4.0,Overcast clouds,c04n,804.0,4951257.0,Somerville,US,42.3876,-71.0995,MA,994971-99999,America/New_York
2024-01-25 22:30:00,,,,,1.7,316.6,100.0,2.7,0.0,0.0,-59.8,0.0,n,0.0,1023.0,2.1,86.0,1025.0,0.0,0.0,4.8,2024-01-25T22:30:00,2024-01-26T03:30:00,1706239800.0,0.0,16.0,77.0,5.2,4.0,Overcast clouds,c04n,804.0,4951257.0,Somerville,US,42.3876,-71.0995,MA,994971-99999,America/New_York
2024-01-25 22:45:00,,,,,1.7,322.6,99.0,2.7,0.0,0.0,-61.7,0.0,n,0.0,1024.0,2.1,86.0,1026.0,0.0,0.0,4.9,2024-01-25T22:45:00,2024-01-26T03:45:00,1706240700.0,0.0,16.0,76.0,5.2,4.0,Overcast clouds,c04n,804.0,4951257.0,Somerville,US,42.3876,-71.0995,MA,994971-99999,America/New_York
2024-01-25 23:00:00,,,,,1.7,328.6,99.0,2.8,0.0,0.0,-63.6,0.0,n,0.0,1024.0,2.1,86.0,1026.0,0.0,0.0,4.9,2024-01-25T23:00:00,2024-01-26T04:00:00,1706241600.0,0.0,16.0,76.0,5.2,4.0,Overcast clouds,c04n,804.0,4951257.0,Somerville,US,42.3876,-71.0995,MA,994971-99999,America/New_York
2024-01-25 23:15:00,,,,,1.7,247.0,98.0,2.7,0.0,0.0,-64.4,0.0,n,0.0,1024.0,2.1,86.0,1026.0,0.0,0.0,4.9,2024-01-25T23:15:00,2024-01-26T04:15:00,1706242500.0,0.0,16.0,78.0,5.3,4.0,Overcast clouds,c04n,804.0,4951257.0,Somerville,US,42.3876,-71.0995,MA,994971-99999,America/New_York
2024-01-25 23:30:00,,,,,1.7,165.3,98.0,2.9,0.0,0.0,-65.1,0.0,n,0.0,1024.0,2.1,87.0,1026.0,0.0,0.0,4.8,2024-01-25T23:30:00,2024-01-26T04:30:00,1706243400.0,0.0,16.0,79.0,5.4,4.0,Overcast clouds,c04n,804.0,4951257.0,Somerville,US,42.3876,-71.0995,MA,994971-99999,America/New_York
2024-01-25 23:45:00,,,,,1.6,83.7,97.0,3.0,0.0,0.0,-65.8,0.0,n,0.0,1023.0,2.1,88.0,1025.0,0.0,0.0,4.8,2024-01-25T23:45:00,2024-01-26T04:45:00,1706244300.0,0.0,16.0,80.0,5.5,4.0,Overcast clouds,c04n,804.0,4951257.0,Somerville,US,42.3876,-71.0995,MA,994971-99999,America/New_York
2024-01-26 00:00:00,,,,,1.6,2.1,96.0,3.0,0.0,0.0,-66.5,0.0,n,0.0,1023.0,2.1,88.0,1025.0,0.0,0.0,4.8,2024-01-26T00:00:00,2024-01-26T05:00:00,1706245200.0,0.0,16.0,82.0,5.6,4.0,Overcast clouds,c04n,804.0,4951257.0,Somerville,US,42.3876,-71.0995,MA,994971-99999,America/New_York
2024-01-26 00:15:00,,,,,1.6,10.2,96.0,2.9,0.0,0.0,-65.6,0.0,n,0.0,1023.0,2.1,88.0,1025.0,0.0,0.0,4.8,2024-01-26T00:15:00,2024-01-26T05:15:00,1706246100.0,0.0,16.0,82.0,5.7,4.0,Overcast clouds,c04n,804.0,4951257.0,Somerville,US,42.3876,-71.0995,MA,994971-99999,America/New_York
2024-01-26 00:30:00,,,,,1.5,18.3,96.0,2.9,0.0,0.0,-64.7,0.0,n,0.0,1023.0,2.1,88.0,1025.0,0.0,0.0,4.7,2024-01-26T00:30:00,2024-01-26T05:30:00,1706247000.0,0.0,16.0,82.0,5.8,4.0,Overcast clouds,c04n,804.0,4951257.0,Somerville,US,42.3876,-71.0995,MA,994971-99999,America/New_York
2024-01-26 00:45:00,,,,,1.4,26.5,95.0,2.8,0.0,0.0,-63.8,0.0,n,0.0,1023.0,2.1,88.0,1025.0,0.0,0.0,4.6,2024-01-26T00:45:00,2024-01-26T05:45:00,1706247900.0,0.0,16.0,82.0,5.9,4.0,Overcast clouds,c04n,804.0,4951257.0,Somerville,US,42.3876,-71.0995,MA,994971-99999,America/New_York
2024-01-26 01:00:00,,,,,1.4,34.6,95.0,2.8,0.0,0.0,-62.9,0.0,n,0.0,1023.0,2.1,88.0,1025.0,0.0,0.0,4.6,2024-01-26T01:00:00,2024-01-26T06:00:00,1706248800.0,0.0,16.0,82.0,6.0,4.0,Overcast clouds,c04n,804.0,4951257.0,Somerville,US,42.3876,-71.0995,MA,994971-99999,America/New_York
2024-01-26 01:15:00,,,,,1.3,40.4,96.0,2.7,0.0,0.0,-60.9,0.0,n,0.0,1023.0,2.1,88.0,1025.0,0.0,0.0,4.5,2024-01-26T01:15:00,2024-01-26T06:15:00,1706249700.0,0.0,16.0,82.0,6.2,4.0,Overcast clouds,c04n,804.0,4951257.0,Somerville,US,42.3876,-71.0995,MA,994971-99999,America/New_York
2024-01-26 01:30:00,,,,,1.2,46.1,98.0,2.7,0.0,0.0,-58.9,0.0,n,0.0,1023.0,2.1,88.0,1025.0,0.0,0.0,4.5,2024-01-26T01:30:00,2024-01-26T06:30:00,1706250600.0,0.0,16.0,81.0,6.4,4.0,Overcast clouds,c04n,804.0,4951257.0,Somerville,US,42.3876,-71.0995,MA,994971-99999,America/New_York
2024-01-26 01:45:00,,,,,1.2,51.8,99.0,2.6,0.0,0.0,-56.9,0.0,n,0.0,1023.0,2.1,88.0,1025.0,0.0,0.0,4.5,2024-01-26T01:45:00,2024-01-26T06:45:00,1706251500.0,0.0,16.0,80.0,6.6,4.0,Overcast clouds,c04n,804.0,4951257.0,Somerville,US,42.3876,-71.0995,MA,994971-99999,America/New_York
2024-01-26 02:00:00,,,,,1.1,57.5,100.0,2.6,0.0,0.0,-54.9,0.0,n,0.0,1023.0,2.1,88.0,1025.0,0.0,0.0,4.4,2024-01-26T02:00:00,2024-01-26T07:00:00,1706252400.0,0.0,16.0,80.0,6.8,4.0,Overcast clouds,c04n,804.0,4951257.0,Somerville,US,42.3876,-71.0995,MA,994971-99999,America/New_York
2024-01-26 02:15:00,,,,,1.1,61.4,100.0,2.5,0.0,0.0,-52.4,0.0,n,0.0,1022.0,2.1,88.0,1024.0,0.0,0.0,4.3,2024-01-26T02:15:00,2024-01-26T07:15:00,1706253300.0,0.0,16.0,81.0,6.8,4.0,Overcast clouds,c04n,804.0,4951257.0,Somerville,US,42.3876,-71.0995,MA,994971-99999,America/New_York
2024-01-26 02:30:00,,,,,1.0,65.3,100.0,2.5,0.0,0.0,-49.8,0.0,n,0.0,1022.0,2.1,88.0,1024.0,0.0,0.0,4.3,2024-01-26T02:30:00,2024-01-26T07:30:00,1706254200.0,0.0,16.0,82.0,6.8,4.0,Overcast clouds,c04n,804.0,4951257.0,Somerville,US,42.3876,-71.0995,MA,994971-99999,America/New_York
2024-01-26 02:45:00,,,,,0.9,69.2,100.0,2.4,0.0,0.0,-47.3,0.0,n,0.0,1022.0,2.1,88.0,1024.0,0.0,0.0,4.3,2024-01-26T02:45:00,2024-01-26T07:45:00,1706255100.0,0.0,16.0,83.0,6.8,4.0,Overcast clouds,c04n,804.0,4951257.0,Somerville,US,42.3876,-71.0995,MA,994971-99999,America/New_York
2024-01-26 03:00:00,,,,,0.9,73.2,100.0,2.4,0.0,0.0,-44.8,0.0,n,0.0,1022.0,2.1,88.0,1024.0,0.0,0.0,4.2,2024-01-26T03:00:00,2024-01-26T08:00:00,1706256000.0,0.0,16.0,84.0,6.8,4.0,Overcast clouds,c04n,804.0,4951257.0,Somerville,US,42.3876,-71.0995,MA,994971-99999,America/New_York
2024-01-26 03:15:00,,,,,0.8,76.1,100.0,2.4,0.0,0.0,-42.1,0.0,n,0.0,1022.0,2.1,88.0,1024.0,0.0,0.0,4.2,2024-01-26T03:15:00,2024-01-26T08:15:00,1706256900.0,0.0,16.0,85.0,6.9,4.1,Overcast clouds,c04n,804.0,4951257.0,Somerville,US,42.3876,-71.0995,MA,994971-99999,America/New_York
2024-01-26 03:30:00,,,,,0.7,79.1,100.0,2.5,0.0,0.0,-39.4,0.0,n,0.0,1021.0,2.1,89.0,1023.0,0.0,0.0,4.2,2024-01-26T03:30:00,2024-01-26T08:30:00,1706257800.0,0.0,16.0,86.0,7.0,4.2,Overcast clouds,c04n,804.0,4951257.0,Somerville,US,42.3876,-71.0995,MA,994971-99999,America/New_York
2024-01-26 03:45:00,,,,,0.6,82.0,100.0,2.6,0.0,0.0,-36.6,0.0,n,1.0,1021.0,2.1,90.0,1023.0,0.0,0.0,4.1,2024-01-26T03:45:00,2024-01-26T08:45:00,1706258700.0,0.0,16.0,87.0,7.1,4.3,Light rain,r01n,500.0,4951257.0,Somerville,US,42.3876,-71.0995,MA,994971-99999,America/New_York
2024-01-26 04:00:00,,,,,0.5,85.0,100.0,2.6,0.0,0.0,-33.9,0.0,n,1.0,1021.0,2.1,90.0,1023.0,0.0,0.0,4.1,2024-01-26T04:00:00,2024-01-26T09:00:00,1706259600.0,0.0,16.0,88.0,7.2,4.4,Light rain,r01n,500.0,4951257.0,Somerville,US,42.3876,-71.0995,MA,994971-99999,America/New_York
2024-01-26 04:15:00,,,,,0.6,87.5,100.0,2.5,0.0,0.0,-31.2,0.0,n,1.0,1021.0,2.1,90.0,1023.0,0.0,0.0,4.0,2024-01-26T04:15:00,2024-01-26T09:15:00,1706260500.0,0.0,10.0,84.0,7.3,4.1,Light rain,r01n,500.0,4951257.0,Somerville,US,42.3876,-71.0995,MA,994971-99999,America/New_York
2024-01-26 04:30:00,,,,,0.7,90.1,100.0,2.5,0.0,0.0,-28.4,0.0,n,1.0,1021.0,2.1,90.0,1023.0,0.0,0.0,4.0,2024-01-26T04:30:00,2024-01-26T09:30:00,1706261400.0,0.0,10.0,81.0,7.4,3.8,Light rain,r01n,500.0,4951257.0,Somerville,US,42.3876,-71.0995,MA,994971-99999,America/New_York
2024-01-26 04:45:00,,,,,0.8,92.6,100.0,2.4,0.0,0.0,-25.6,0.0,n,1.0,1020.0,2.1,90.0,1022.0,0.0,0.0,3.9,2024-01-26T04:45:00,2024-01-26T09:45:00,1706262300.0,0.0,10.0,78.0,7.5,3.5,Light rain,r01n,500.0,4951257.0,Somerville,US,42.3876,-71.0995,MA,994971-99999,America/New_York
2024-01-26 05:00:00,,,,,0.9,95.1,100.0,2.3,0.0,0.0,-22.8,0.0,n,2.0,1020.0,2.1,90.0,1022.0,0.0,0.0,3.8,2024-01-26T05:00:00,2024-01-26T10:00:00,1706263200.0,0.0,10.0,74.0,7.6,3.2,Light rain,r01n,500.0,4951257.0,Somerville,US,42.3876,-71.0995,MA,994971-99999,America/New_York
2024-01-26 05:15:00,,,,,0.7,97.5,100.0,2.2,0.0,0.0,-20.1,0.0,n,4.0,1020.0,2.1,90.0,1022.0,0.0,0.0,3.7,2024-01-26T05:15:00,2024-01-26T10:15:00,1706264100.0,0.0,10.0,74.0,7.6,3.4,Moderate rain,r02n,501.0,4951257.0,Somerville,US,42.3876,-71.0995,MA,994971-99999,America/New_York
2024-01-26 05:30:00,,,,,0.5,99.9,100.0,2.2,0.0,0.0,-17.4,0.0,n,4.0,1020.0,2.1,90.0,1022.0,0.0,0.0,3.6,2024-01-26T05:30:00,2024-01-26T10:30:00,1706265000.0,0.0,10.0,75.0,7.6,3.6,Moderate rain,r02n,501.0,4951257.0,Somerville,US,42.3876,-71.0995,MA,994971-99999,America/New_York
2024-01-26 05:45:00,,,,,0.2,102.3,100.0,2.1,0.0,0.0,-14.7,0.0,n,8.0,1020.0,2.1,90.0,1022.0,0.0,0.0,3.6,2024-01-26T05:45:00,2024-01-26T10:45:00,1706265900.0,0.0,10.0,76.0,7.6,3.8,Moderate rain,r02n,501.0,4951257.0,Somerville,US,42.3876,-71.0995,MA,994971-99999,America/New_York
2024-01-26 06:00:00,,,,,0.0,104.7,100.0,2.0,0.0,0.0,-11.9,0.0,n,4.0,1020.0,2.1,90.0,1022.0,0.0,0.0,3.5,2024-01-26T06:00:00,2024-01-26T11:00:00,1706266800.0,0.0,10.0,76.0,7.6,4.0,Moderate rain,r02n,501.0,4951257.0,Somerville,US,42.3876,-71.0995,MA,994971-99999,America/New_York
2024-01-26 06:15:00,,,,,0.0,107.1,100.0,2.0,0.0,0.0,-9.3,0.0,n,2.0,1020.0,2.1,90.0,1022.0,0.0,0.0,3.5,2024-01-26T06:15:00,2024-01-26T11:15:00,1706267700.0,0.0,10.0,80.0,7.3,4.1,Light rain,r01n,500.0,4951257.0,Somerville,US,42.3876,-71.0995,MA,994971-99999,America/New_York
2024-01-26 06:30:00,,,,,-0.1,109.5,100.0,2.0,0.0,0.0,-6.7,0.0,n,5.0,1020.0,2.1,90.0,1022.0,0.0,0.0,3.5,2024-01-26T06:30:00,2024-01-26T11:30:00,1706268600.0,0.0,10.0,83.0,7.0,4.2,Moderate rain,r02n,501.0,4951257.0,Somerville,US,42.3876,-71.0995,MA,994971-99999,America/New_York
2024-01-26 06:45:00,,,,,-0.2,111.9,100.0,2.0,0.0,0.0,-4.1,0.0,n,4.0,1020.0,2.1,90.0,1022.0,0.0,0.0,3.5,2024-01-26T06:45:00,2024-01-26T11:45:00,1706269500.0,0.0,10.0,86.0,6.7,4.3,Moderate rain,r02n,501.0,4951257.0,Somerville,US,42.3876,-71.0995,MA,994971-99999,America/New_York
2024-01-26 07:00:00,,,,,-0.2,114.3,100.0,2.0,0.0,0.0,-1.5,0.0,n,4.0,1020.0,2.1,90.0,1022.0,0.0,0.0,3.5,2024-01-26T07:00:00,2024-01-26T12:00:00,1706270400.0,0.0,10.0,90.0,6.4,4.4,Moderate rain,r02n,501.0,4951257.0,Somerville,US,42.3876,-71.0995,MA,994971-99999,America/New_York
2024-01-26 07:15:00,-3.7784946209980603,85.28308111325741,90.00000823349487,3.7784946209980994,-0.1,117.0,100.0,2.0,12.0,108.0,0.9,25.0,d,4.0,1020.0,2.1,90.0,1022.0,0.0,10.0,3.5,2024-01-26T07:15:00,2024-01-26T12:15:00,1706271300.0,0.4,10.0,92.0,6.3,4.2,Moderate rain,r02n,501.0,4951257.0,Somerville,US,42.3876,-71.0995,MA,994971-99999,America/New_York
2024-01-26 07:30:00,-10.589289248628731,77.16403522359006,90.0,10.589289248628717,0.1,119.6,100.0,2.2,24.0,216.0,3.3,50.0,d,3.0,1020.0,2.1,91.0,1022.0,0.0,22.0,3.5,2024-01-26T07:30:00,2024-01-26T12:30:00,1706272200.0,0.4,10.0,94.0,6.2,4.0,Light rain,r01n,500.0,4951257.0,Somerville,US,42.3876,-71.0995,MA,994971-99999,America/New_York
2024-01-26 07:45:00,-18.299671508166824,68.70109495053457,90.0,18.299671508166817,0.2,122.2,100.0,2.4,36.0,324.0,5.8,76.0,d,5.0,1020.0,2.1,92.0,1022.0,0.0,27.0,3.6,2024-01-26T07:45:00,2024-01-26T12:45:00,1706273100.0,0.4,10.0,96.0,6.1,3.8,Moderate rain,r02d,501.0,4951257.0,Somerville,US,42.3876,-71.0995,MA,994971-99999,America/New_York
2024-01-26 08:00:00,-27.404290681717846,59.906407525250785,90.0,27.404290681717846,0.4,124.8,100.0,2.4,48.0,432.0,8.2,101.0,d,3.0,1020.0,2.1,92.0,1022.0,0.0,44.0,3.6,2024-01-26T08:00:00,2024-01-26T13:00:00,1706274000.0,0.4,10.0,98.0,6.0,3.6,Light rain,r01d,500.0,4951257.0,Somerville,US,42.3876,-71.0995,MA,994971-99999,America/New_York
2024-01-26 08:15:00,-39.3988252812482,50.57574794003827,90.0,39.3988252812482,0.5,127.7,100.0,2.5,54.0,484.0,10.3,137.0,d,3.0,1019.0,2.1,92.0,1021.0,0.0,52.0,3.7,2024-01-26T08:15:00,2024-01-26T13:15:00,1706274900.0,0.4,10.0,94.0,6.3,3.6,Light rain,r01d,500.0,4951257.0,Somerville,US,42.3876,-71.0995,MA,994971-99999,America/New_York
2024-01-26 08:30:00,-60.0,41.204188909276645,90.0,59.99999999999999,0.6,130.7,100.0,2.6,60.0,536.0,12.4,174.0,d,1.0,1019.0,2.1,92.0,1021.0,0.0,77.0,3.8,2024-01-26T08:30:00,2024-01-26T13:30:00,1706275800.0,0.4,10.0,89.0,6.6,3.6,Light rain,r01d,500.0,4951257.0,Somerville,US,42.3876,-71.0995,MA,994971-99999,America/New_York
2024-01-26 08:45:00,-60.0,42.677535190162864,90.0,59.99999999999999,0.7,133.6,100.0,2.6,66.0,587.0,14.5,211.0,d,1.0,1019.0,2.1,92.0,1021.0,0.0,87.0,3.8,2024-01-26T08:45:00,2024-01-26T13:45:00,1706276700.0,0.5,10.0,84.0,6.9,3.6,Light rain,r01d,500.0,4951257.0,Somerville,US,42.3876,-71.0995,MA,994971-99999,America/New_York
2024-01-26 09:00:00,-60.0,44.40531136997598,90.0,59.99999999999999,0.8,136.5,100.0,2.7,72.0,639.0,16.6,247.0,d,1.0,1019.0,2.1,92.0,1021.0,0.0,97.0,3.9,2024-01-26T09:00:00,2024-01-26T14:00:00,1706277600.0,0.5,10.0,80.0,7.2,3.6,Light rain,r01d,500.0,4951257.0,Somerville,US,42.3876,-71.0995,MA,994971-99999,America/New_York
2024-01-26 09:15:00,-60.0,46.35960879239099,90.0,59.99999999999999,0.7,139.8,100.0,2.7,76.0,664.0,18.2,278.0,d,1.0,1019.0,2.1,92.0,1021.0,0.0,104.0,3.9,2024-01-26T09:15:00,2024-01-26T14:15:00,1706278500.0,0.5,10.0,80.0,7.2,3.7,Light rain,r01d,500.0,4951257.0,Somerville,US,42.3876,-71.0995,MA,994971-99999,America/New_York
2024-01-26 09:30:00,-58.625253999829894,48.49874285115766,90.0,58.625253999829894,0.7,143.2,100.0,2.8,79.0,688.0,19.9,309.0,d,1.0,1019.0,2.1,92.0,1021.0,0.0,110.0,4.0,2024-01-26T09:30:00,2024-01-26T14:30:00,1706279400.0,0.5,10.0,79.0,7.2,3.8,Light rain,r01d,500.0,4951257.0,Somerville,US,42.3876,-71.0995,MA,994971-99999,America/New_York
2024-01-26 09:45:00,-54.21903851976545,50.602354155526285,90.0,54.21903851976545,0.7,146.5,100.0,2.8,83.0,712.0,21.6,339.0,d,2.0,1019.0,2.1,92.0,1021.0,0.0,100.0,4.0,2024-01-26T09:45:00,2024-01-26T14:45:00,1706280300.0,0.6,10.0,78.0,7.2,3.9,Light rain,r01d,500.0,4951257.0,Somerville,US,42.3876,-71.0995,MA,994971-99999,America/New_York
2024-01-26 10:00:00,-49.482222984354216,52.58791243843581,90.0,49.48222298435421,0.6,149.9,100.0,2.8,86.0,737.0,23.2,370.0,d,1.0,1019.0,2.1,92.0,1021.0,0.0,123.0,4.0,2024-01-26T10:00:00,2024-01-26T15:00:00,1706281200.0,0.6,10.0,78.0,7.2,4.0,Light rain,r01d,500.0,4951257.0,Somerville,US,42.3876,-71.0995,MA,994971-99999,America/New_York
2024-01-26 10:15:00,-44.38098533100102,54.43234170066723,90.0,44.38098533100102,0.5,153.6,100.0,2.8,88.0,748.0,24.3,390.0,d,0.0,1018.0,2.1,92.0,1020.0,0.0,127.0,4.0,2024-01-26T10:15:00,2024-01-26T15:15:00,1706282100.0,0.7,10.0,81.0,7.3,4.1,Overcast clouds,c04d,804.0,4951257.0,Somerville,US,42.3876,-71.0995,MA,994971-99999,America/New_York
2024-01-26 10:30:00,-38.8875055642945,56.10960060982164,90.0,38.8875055642945,0.5,157.4,100.0,2.6,90.0,760.0,25.4,409.0,d,0.0,1018.0,2.1,91.0,1020.0,0.0,131.0,4.0,2024-01-26T10:30:00,2024-01-26T15:30:00,1706283000.0,0.7,10.0,84.0,7.4,4.2,Overcast clouds,c04d,804.0,4951257.0,Somerville,US,42.3876,-71.0995,MA,994971-99999,America/New_York
2024-01-26 10:45:00,-32.985647697523326,57.59106562713023,90.0,32.985647697523326,0.4,161.1,100.0,2.4,92.0,772.0,26.5,429.0,d,0.0,1018.0,2.1,90.0,1020.0,0.0,135.0,3.9,2024-01-26T10:45:00,2024-01-26T15:45:00,1706283900.0,0.7,10.0,87.0,7.5,4.3,Overcast clouds,c04d,804.0,4951257.0,Somerville,US,42.3876,-71.0995,MA,994971-99999,America/New_York
2024-01-26 11:00:00,-26.678033264797335,58.84649479368883,90.00000085377364,26.67803326479734,0.3,164.9,100.0,2.4,93.0,783.0,27.5,449.0,d,1.0,1017.0,2.1,90.0,1019.0,0.0,138.0,3.9,2024-01-26T11:00:00,2024-01-26T16:00:00,1706284800.0,0.8,10.0,90.0,7.6,4.4,Light rain,r01d,500.0,4951257.0,Somerville,US,42.3876,-71.0995,MA,994971-99999,America/New_York
2024-01-26 11:15:00,-19.993439447785203,59.845737426503,90.00000085377364,19.993439447785207,0.3,168.9,100.0,2.5,94.0,787.0,27.9,455.0,d,2.0,1017.0,2.1,90.0,1019.0,0.0,121.0,4.0,2024-01-26T11:15:00,2024-01-26T16:15:00,1706285700.0,0.8,10.0,93.0,7.6,4.4,Light rain,r01d,500.0,4951257.0,Somerville,US,42.3876,-71.0995,MA,994971-99999,America/New_York
2024-01-26 11:30:00,-12.992387280737754,60.56120551860575,90.0,12.992387280737745,0.4,172.9,100.0,2.7,94.0,790.0,28.2,461.0,d,1.0,1016.0,2.1,91.0,1018.0,0.0,140.0,4.0,2024-01-26T11:30:00,2024-01-26T16:30:00,1706286600.0,0.8,16.0,96.0,7.6,4.4,Light rain,r01d,500.0,4951257.0,Somerville,US,42.3876,-71.0995,MA,994971-99999,America/New_York
2024-01-26 11:45:00,-5.768057476898096,60.97085864455838,90.0,5.76805747689808,0.5,176.9,100.0,2.9,95.0,793.0,28.6,468.0,d,0.0,1016.0,2.1,92.0,1018.0,0.0,142.0,4.0,2024-01-26T11:45:00,2024-01-26T16:45:00,1706287500.0,0.8,10.0,99.0,7.6,4.4,Overcast clouds,c04d,804.0,4951257.0,Somerville,US,42.3876,-71.0995,MA,994971-99999,America/New_York
2024-01-26 12:00:00,1.5598116614025428,61.06110645745701,269.99998558664197,1.559811661402592,0.5,180.9,100.0,2.9,95.0,797.0,28.9,474.0,d,0.0,1016.0,2.1,92.0,1018.0,0.0,142.0,4.1,2024-01-26T12:00:00,2024-01-26T17:00:00,1706288400.0,0.8,10.0,102.0,7.6,4.4,Overcast clouds,c04d,804.0,4951257.0,Somerville,US,42.3876,-71.0995,MA,994971-99999,America/New_York
2024-01-26 12:15:00,8.858136111946115,60.82883530726348,270.0,8.85813611194611,0.6,184.9,100.0,2.9,95.0,792.0,28.5,466.0,d,0.0,1015.0,2.1,92.0,1017.0,0.0,142.0,4.1,2024-01-26T12:15:00,2024-01-26T17:15:00,1706289300.0,0.8,10.0,102.0,7.5,4.3,Overcast clouds,c04d,804.0,4951257.0,Somerville,US,42.3876,-71.0995,MA,994971-99999,America/New_York
2024-01-26 12:30:00,15.997701120576476,60.28189362363651,270.0,15.997701120576476,0.7,188.9,100.0,3.0,94.0,788.0,28.1,458.0,d,0.0,1015.0,2.1,92.0,1017.0,0.0,140.0,4.2,2024-01-26T12:30:00,2024-01-26T17:30:00,1706290200.0,0.8,16.0,102.0,7.4,4.2,Overcast clouds,c04d,804.0,4951257.0,Somerville,US,42.3876,-71.0995,MA,994971-99999,America/New_York
2024-01-26 12:45:00,22.86918556072559,59.43787702683575,270.0,22.869185560725583,0.8,192.9,100.0,3.1,94.0,784.0,27.6,451.0,d,0.0,1014.0,2.1,93.0,1016.0,0.0,139.0,4.2,2024-01-26T12:45:00,2024-01-26T17:45:00,1706291100.0,0.8,16.0,102.0,7.3,4.1,Overcast clouds,c04d,804.0,4951257.0,Somerville,US,42.3876,-71.0995,MA,994971-99999,America/New_York
2024-01-26 13:00:00,29.393445964250237,58.32161773881283,269.9999987925817,29.393445964250244,0.9,196.9,100.0,3.2,93.0,780.0,27.2,443.0,d,0.0,1014.0,2.1,93.0,1016.0,0.0,137.0,4.2,2024-01-26T13:00:00,2024-01-26T18:00:00,1706292000.0,0.8,10.0,102.0,7.2,4.0,Overcast clouds,c04d,804.0,4951257.0,Somerville,US,42.3876,-71.0995,MA,994971-99999,America/New_York
2024-01-26 13:15:00,35.524355628277554,56.962157759412946,269.9999987925817,35.52435562827756,1.2,200.6,100.0,3.3,91.0,767.0,26.1,422.0,d,0.0,1014.0,2.1,93.0,1016.0,0.0,133.0,4.3,2024-01-26T13:15:00,2024-01-26T18:15:00,1706292900.0,0.7,10.0,100.0,6.7,3.8,Overcast clouds,c04d,804.0,4951257.0,Somerville,US,42.3876,-71.0995,MA,994971-99999,America/New_York
2024-01-26 13:30:00,41.24547736000607,55.38993322624507,270.0,41.24547736000607,1.5,204.3,100.0,3.5,89.0,755.0,24.9,401.0,d,0.0,1014.0,2.1,93.0,1016.0,0.0,129.0,4.5,2024-01-26T13:30:00,2024-01-26T18:30:00,1706293800.0,0.7,10.0,98.0,6.2,3.6,Overcast clouds,c04d,804.0,4951257.0,Somerville,US,42.3876,-71.0995,MA,994971-99999,America/New_York
2024-01-26 13:45:00,46.563353932046,53.63462319091448,270.0,46.563353932046,1.8,208.0,100.0,3.6,87.0,742.0,23.8,380.0,d,0.0,1014.0,2.1,93.0,1016.0,0.0,125.0,4.7,2024-01-26T13:45:00,2024-01-26T18:45:00,1706294700.0,0.6,10.0,96.0,5.7,3.4,Overcast clouds,c04d,804.0,4951257.0,Somerville,US,42.3876,-71.0995,MA,994971-99999,America/New_York
2024-01-26 14:00:00,51.50005501272779,51.723785564334946,270.0,51.50005501272779,2.1,211.7,100.0,3.8,85.0,729.0,22.6,359.0,d,0.0,1014.0,2.1,93.0,1016.0,0.0,121.0,4.8,2024-01-26T14:00:00,2024-01-26T19:00:00,1706295600.0,0.6,16.0,94.0,5.2,3.2,Overcast clouds,c04d,804.0,4951257.0,Somerville,US,42.3876,-71.0995,MA,994971-99999,America/New_York
2024-01-26 14:15:00,56.086639150670194,49.68216907486201,270.0,56.086639150670194,2.3,215.0,100.0,3.9,81.0,703.0,20.9,327.0,d,0.0,1013.0,2.1,94.0,1015.0,0.0,114.0,4.8,2024-01-26T14:15:00,2024-01-26T19:15:00,1706296500.0,0.6,10.0,88.0,4.9,3.0,Overcast clouds,c04d,804.0,4951257.0,Somerville,US,42.3876,-71.0995,MA,994971-99999,America/New_York
2024-01-26 14:30:00,60.0,47.5325475832075,270.0,59.99999999999999,2.4,218.3,100.0,3.9,78.0,677.0,19.2,296.0,d,0.0,1013.0,2.1,94.0,1015.0,0.0,108.0,4.8,2024-01-26T14:30:00,2024-01-26T19:30:00,1706297400.0,0.5,10.0,83.0,4.6,2.8,Overcast clouds,c04d,804.0,4951257.0,Somerville,US,42.3876,-71.0995,MA,994971-99999,America/New_York
2024-01-26 14:45:00,60.0,45.45390114852464,270.0,59.99999999999999,2.6,221.6,100.0,3.9,74.0,651.0,17.5,264.0,d,0.0,1013.0,2.1,94.0,1015.0,0.0,100.0,4.8,2024-01-26T14:45:00,2024-01-26T19:45:00,1706298300.0,0.5,10.0,78.0,4.3,2.6,Overcast clouds,c04d,804.0,4951257.0,Somerville,US,42.3876,-71.0995,MA,994971-99999,America/New_York
2024-01-26 15:00:00,60.0,43.58567209561799,270.0,59.99999999999999,2.8,224.9,100.0,4.1,71.0,624.0,15.8,233.0,d,0.0,1013.0,2.1,95.0,1015.0,0.0,94.0,4.8,2024-01-26T15:00:00,2024-01-26T20:00:00,1706299200.0,0.5,10.0,72.0,4.0,2.4,Overcast clouds,c04d,804.0,4951257.0,Somerville,US,42.3876,-71.0995,MA,994971-99999,America/New_York
2024-01-26 15:15:00,60.0,41.95558423410493,270.0,59.99999999999999,2.8,227.8,100.0,4.1,64.0,568.0,13.6,196.0,d,0.0,1013.0,2.1,95.0,1015.0,0.0,84.0,4.9,2024-01-26T15:15:00,2024-01-26T20:15:00,1706300100.0,0.4,10.0,64.0,4.1,2.4,Overcast clouds,c04d,804.0,4951257.0,Somerville,US,42.3876,-71.0995,MA,994971-99999,America/New_York
2024-01-26 15:30:00,50.07356672194925,44.52286819609238,270.0,50.07356672194925,2.9,230.7,100.0,4.2,58.0,511.0,11.5,159.0,d,0.0,1013.0,2.1,95.0,1015.0,0.0,74.0,4.9,2024-01-26T15:30:00,2024-01-26T20:30:00,1706301000.0,0.4,10.0,57.0,4.2,2.4,Overcast clouds,c04d,804.0,4951257.0,Somerville,US,42.3876,-71.0995,MA,994971-99999,America/New_York
2024-01-26 15:45:00,34.022384052131116,54.368297812179314,270.0,34.022384052131116,3.0,233.6,100.0,4.3,51.0,454.0,9.3,122.0,d,0.0,1013.0,2.1,95.0,1015.0,0.0,63.0,5.0,2024-01-26T15:45:00,2024-01-26T20:45:00,1706301900.0,0.4,10.0,50.0,4.3,2.4,Overcast clouds,c04d,804.0,4951257.0,Somerville,US,42.3876,-71.0995,MA,994971-99999,America/New_York
2024-01-26 16:00:00,23.52100261227438,63.44776411389279,270.0,23.52100261227438,3.1,236.5,100.0,4.4,45.0,398.0,7.2,85.0,d,0.0,1014.0,2.1,95.0,1016.0,0.0,54.0,5.1,2024-01-26T16:00:00,2024-01-26T21:00:00,1706302800.0,0.4,10.0,42.0,4.4,2.4,Overcast clouds,c04d,804.0,4951257.0,Somerville,US,42.3876,-71.0995,MA,994971-99999,America/New_York
2024-01-26 16:15:00,15.090769458391435,72.09444368838837,270.0,15.090769458391435,2.9,239.1,100.0,4.3,34.0,298.0,4.8,64.0,d,0.0,1014.0,2.1,95.0,1016.0,0.0,40.0,5.1,2024-01-26T16:15:00,2024-01-26T21:15:00,1706303700.0,0.4,10.0,40.0,4.6,2.6,Overcast clouds,c04d,804.0,4951257.0,Somerville,US,42.3876,-71.0995,MA,994971-99999,America/New_York
2024-01-26 16:30:00,7.7777759773263,80.43794406822889,269.99999716835316,7.777775977326309,2.7,241.7,100.0,4.3,22.0,199.0,2.3,43.0,d,0.0,1014.0,2.1,95.0,1016.0,0.0,26.0,5.0,2024-01-26T16:30:00,2024-01-26T21:30:00,1706304600.0,0.4,10.0,39.0,4.8,2.8,Overcast clouds,c04n,804.0,4951257.0,Somerville,US,42.3876,-71.0995,MA,994971-99999,America/New_York
2024-01-26 16:45:00,1.328040924667377,88.3245560202581,269.9999740896929,1.328040924667513,2.5,244.3,100.0,4.3,11.0,99.0,-0.1,21.0,d,0.0,1014.0,2.1,95.0,1016.0,0.0,13.0,5.0,2024-01-26T16:45:00,2024-01-26T21:45:00,1706305500.0,0.0,10.0,38.0,5.0,3.0,Overcast clouds,c04n,804.0,4951257.0,Somerville,US,42.3876,-71.0995,MA,994971-99999,America/New_York
2024-01-26 17:00:00,,,,,2.4,246.8,100.0,4.3,0.0,0.0,-2.5,0.0,n,0.0,1014.0,2.1,95.0,1016.0,0.0,0.0,5.0,2024-01-26T17:00:00,2024-01-26T22:00:00,1706306400.0,0.0,10.0,36.0,5.2,3.2,Overcast clouds,c04n,804.0,4951257.0,Somerville,US,42.3876,-71.0995,MA,994971-99999,America/New_York
2024-01-26 17:15:00,,,,,2.2,249.3,100.0,4.4,0.0,0.0,-5.2,0.0,n,0.0,1014.0,2.1,96.0,1016.0,0.0,0.0,5.0,2024-01-26T17:15:00,2024-01-26T22:15:00,1706307300.0,0.0,10.0,34.0,5.3,3.3,Overcast clouds,c04n,804.0,4951257.0,Somerville,US,42.3876,-71.0995,MA,994971-99999,America/New_York
2024-01-26 17:30:00,,,,,2.1,251.7,100.0,4.3,0.0,0.0,-7.8,0.0,n,0.0,1014.0,2.1,96.0,1016.0,0.0,0.0,4.9,2024-01-26T17:30:00,2024-01-26T22:30:00,1706308200.0,0.0,10.0,31.0,5.4,3.4,Overcast clouds,c04n,804.0,4951257.0,Somerville,US,42.3876,-71.0995,MA,994971-99999,America/New_York
2024-01-26 17:45:00,,,,,2.0,254.1,100.0,4.3,0.0,0.0,-10.4,0.0,n,0.0,1014.0,2.1,96.0,1016.0,0.0,0.0,4.9,2024-01-26T17:45:00,2024-01-26T22:45:00,1706309100.0,0.0,10.0,28.0,5.5,3.5,Overcast clouds,c04n,804.0,4951257.0,Somerville,US,42.3876,-71.0995,MA,994971-99999,America/New_York
2024-01-26 18:00:00,,,,,1.9,256.5,100.0,4.4,0.0,0.0,-13.0,0.0,n,0.0,1014.0,2.1,97.0,1016.0,0.0,0.0,4.8,2024-01-26T18:00:00,2024-01-26T23:00:00,1706310000.0,0.0,10.0,26.0,5.6,3.6,Fog,a05n,741.0,4951257.0,Somerville,US,42.3876,-71.0995,MA,994971-99999,America/New_York
2024-01-26 18:15:00,,,,,1.8,258.9,100.0,4.2,0.0,0.0,-15.8,0.0,n,0.0,1014.0,2.1,96.0,1016.0,0.0,0.0,4.8,2024-01-26T18:15:00,2024-01-26T23:15:00,1706310900.0,0.0,10.0,24.0,5.6,3.6,Overcast clouds,c04n,804.0,4951257.0,Somerville,US,42.3876,-71.0995,MA,994971-99999,America/New_York
2024-01-26 18:30:00,,,,,1.8,261.3,100.0,4.2,0.0,0.0,-18.5,0.0,n,0.0,1014.0,2.1,96.0,1016.0,0.0,0.0,4.8,2024-01-26T18:30:00,2024-01-26T23:30:00,1706311800.0,0.0,16.0,22.0,5.6,3.6,Overcast clouds,c04n,804.0,4951257.0,Somerville,US,42.3876,-71.0995,MA,994971-99999,America/New_York
2024-01-26 18:45:00,,,,,1.7,263.7,100.0,4.1,0.0,0.0,-21.2,0.0,n,0.0,1015.0,2.1,96.0,1017.0,0.0,0.0,4.7,2024-01-26T18:45:00,2024-01-26T23:45:00,1706312700.0,0.0,16.0,20.0,5.6,3.6,Overcast clouds,c04n,804.0,4951257.0,Somerville,US,42.3876,-71.0995,MA,994971-99999,America/New_York
2024-01-26 19:00:00,,,,,1.7,266.1,100.0,3.9,0.0,0.0,-24.0,0.0,n,0.0,1015.0,2.1,95.0,1017.0,0.0,0.0,4.7,2024-01-26T19:00:00,2024-01-27T00:00:00,1706313600.0,0.0,16.0,18.0,5.6,3.6,Overcast clouds,c04n,804.0,4951257.0,Somerville,US,42.3876,-71.0995,MA,994971-99999,America/New_York
2024-01-26 19:15:00,,,,,1.6,268.7,100.0,4.0,0.0,0.0,-26.7,0.0,n,0.0,1015.0,2.1,96.0,1017.0,0.0,0.0,4.6,2024-01-26T19:15:00,2024-01-27T00:15:00,1706314500.0,0.0,16.0,18.0,5.7,3.6,Overcast clouds,c04n,804.0,4951257.0,Somerville,US,42.3876,-71.0995,MA,994971-99999,America/New_York
2024-01-26 19:30:00,,,,,1.6,271.2,100.0,4.0,0.0,0.0,-29.5,0.0,n,0.0,1015.0,2.1,96.0,1017.0,0.0,0.0,4.6,2024-01-26T19:30:00,2024-01-27T00:30:00,1706315400.0,0.0,16.0,17.0,5.8,3.6,Overcast clouds,c04n,804.0,4951257.0,Somerville,US,42.3876,-71.0995,MA,994971-99999,America/New_York
2024-01-26 19:45:00,,,,,1.5,273.8,100.0,4.0,0.0,0.0,-32.3,0.0,n,0.0,1015.0,2.1,96.0,1017.0,0.0,0.0,4.5,2024-01-26T19:45:00,2024-01-27T00:45:00,1706316300.0,0.0,16.0,16.0,5.9,3.6,Overcast clouds,c04n,804.0,4951257.0,Somerville,US,42.3876,-71.0995,MA,994971-99999,America/New_York
2024-01-26 20:00:00,,,,,1.5,276.4,100.0,4.1,0.0,0.0,-35.0,0.0,n,0.0,1015.0,2.1,97.0,1017.0,0.0,0.0,4.5,2024-01-26T20:00:00,2024-01-27T01:00:00,1706317200.0,0.0,16.0,16.0,6.0,3.6,Fog,a05n,741.0,4951257.0,Somerville,US,42.3876,-71.0995,MA,994971-99999,America/New_York
2024-01-26 20:15:00,,,,,1.5,279.4,100.0,3.8,0.0,0.0,-37.7,0.0,n,0.0,1015.0,2.1,96.0,1017.0,0.0,0.0,4.4,2024-01-26T20:15:00,2024-01-27T01:15:00,1706318100.0,0.0,16.0,16.0,5.9,3.5,Overcast clouds,c04n,804.0,4951257.0,Somerville,US,42.3876,-71.0995,MA,994971-99999,America/New_York
2024-01-26 20:30:00,,,,,1.4,282.5,100.0,3.8,0.0,0.0,-40.4,0.0,n,0.0,1016.0,2.1,96.0,1018.0,0.0,0.0,4.3,2024-01-26T20:30:00,2024-01-27T01:30:00,1706319000.0,0.0,16.0,15.0,5.8,3.4,Overcast clouds,c04n,804.0,4951257.0,Somerville,US,42.3876,-71.0995,MA,994971-99999,America/New_York
2024-01-26 20:45:00,,,,,1.4,285.5,100.0,3.7,0.0,0.0,-43.1,0.0,n,0.0,1016.0,2.1,96.0,1018.0,0.0,0.0,4.3,2024-01-26T20:45:00,2024-01-27T01:45:00,1706319900.0,0.0,16.0,14.0,5.7,3.3,Overcast clouds,c04n,804.0,4951257.0,Somerville,US,42.3876,-71.0995,MA,994971-99999,America/New_York
2024-01-26 21:00:00,,,,,1.4,288.6,100.0,3.5,0.0,0.0,-45.8,0.0,n,0.0,1016.0,2.1,95.0,1018.0,0.0,0.0,4.2,2024-01-26T21:00:00,2024-01-27T02:00:00,1706320800.0,0.0,16.0,14.0,5.6,3.2,Overcast clouds,c04n,804.0,4951257.0,Somerville,US,42.3876,-71.0995,MA,994971-99999,America/New_York
2024-01-26 21:15:00,,,,,1.2,292.6,100.0,3.5,0.0,0.0,-48.3,0.0,n,0.0,1016.0,2.1,96.0,1018.0,0.0,0.0,4.1,2024-01-26T21:15:00,2024-01-27T02:15:00,1706321700.0,0.0,16.0,14.0,5.7,3.3,Overcast clouds,c04n,804.0,4951257.0,Somerville,US,42.3876,-71.0995,MA,994971-99999,America/New_York
2024-01-26 21:30:00,,,,,1.1,296.7,100.0,3.5,0.0,0.0,-50.8,0.0,n,0.0,1016.0,2.1,96.0,1018.0,0.0,0.0,4.0,2024-01-26T21:30:00,2024-01-27T02:30:00,1706322600.0,0.0,10.0,13.0,5.8,3.4,Overcast clouds,c04n,804.0,4951257.0,Somerville,US,42.3876,-71.0995,MA,994971-99999,America/New_York
2024-01-26 21:45:00,,,,,0.9,300.7,100.0,3.4,0.0,0.0,-53.3,0.0,n,0.0,1016.0,2.1,96.0,1018.0,0.0,0.0,4.0,2024-01-26T21:45:00,2024-01-27T02:45:00,1706323500.0,0.0,10.0,12.0,5.9,3.5,Overcast clouds,c04n,804.0,4951257.0,Somerville,US,42.3876,-71.0995,MA,994971-99999,America/New_York
2024-01-26 22:00:00,,,,,0.8,304.8,100.0,3.5,0.0,0.0,-55.8,0.0,n,0.0,1016.0,2.1,97.0,1018.0,0.0,0.0,3.9,2024-01-26T22:00:00,2024-01-27T03:00:00,1706324400.0,0.0,10.0,12.0,6.0,3.6,Fog,a05n,741.0,4951257.0,Somerville,US,42.3876,-71.0995,MA,994971-99999,America/New_York
2024-01-26 22:15:00,,,,,0.6,310.8,100.0,3.2,0.0,0.0,-57.7,0.0,n,0.0,1016.0,2.1,96.0,1018.0,0.0,0.0,3.8,2024-01-26T22:15:00,2024-01-27T03:15:00,1706325300.0,0.0,10.0,12.0,6.2,3.7,Overcast clouds,c04n,804.0,4951257.0,Somerville,US,42.3876,-71.0995,MA,994971-99999,America/New_York
2024-01-26 22:30:00,,,,,0.4,316.8,100.0,3.2,0.0,0.0,-59.6,0.0,n,0.0,1016.0,2.1,96.0,1018.0,0.0,0.0,3.8,2024-01-26T22:30:00,2024-01-27T03:30:00,1706326200.0,0.0,10.0,11.0,6.4,3.8,Overcast clouds,c04n,804.0,4951257.0,Somerville,US,42.3876,-71.0995,MA,994971-99999,America/New_York
2024-01-26 22:45:00,,,,,0.3,322.8,100.0,3.1,0.0,0.0,-61.5,0.0,n,0.0,1017.0,2.1,96.0,1019.0,0.0,0.0,3.7,2024-01-26T22:45:00,2024-01-27T03:45:00,1706327100.0,0.0,10.0,10.0,6.6,3.9,Overcast clouds,c04n,804.0,4951257.0,Somerville,US,42.3876,-71.0995,MA,994971-99999,America/New_York
2024-01-26 23:00:00,,,,,0.1,328.8,100.0,2.9,0.0,0.0,-63.4,0.0,n,0.0,1017.0,2.1,95.0,1019.0,0.0,0.0,3.6,2024-01-26T23:00:00,2024-01-27T04:00:00,1706328000.0,0.0,10.0,10.0,6.8,4.0,Overcast clouds,c04n,804.0,4951257.0,Somerville,US,42.3876,-71.0995,MA,994971-99999,America/New_York
2024-01-26 23:15:00,,,,,0.0,247.1,100.0,2.8,0.0,0.0,-64.1,0.0,n,0.0,1017.0,2.1,95.0,1019.0,0.0,0.0,3.5,2024-01-26T23:15:00,2024-01-27T04:15:00,1706328900.0,0.0,10.0,10.0,6.9,4.1,Overcast clouds,c04n,804.0,4951257.0,Somerville,US,42.3876,-71.0995,MA,994971-99999,America/New_York
2024-01-26 23:30:00,,,,,-0.2,165.3,100.0,2.7,0.0,0.0,-64.8,0.0,n,0.0,1017.0,2.1,95.0,1019.0,0.0,0.0,3.4,2024-01-26T23:30:00,2024-01-27T04:30:00,1706329800.0,0.0,10.0,11.0,7.0,4.2,Overcast clouds,c04n,804.0,4951257.0,Somerville,US,42.3876,-71.0995,MA,994971-99999,America/New_York
2024-01-26 23:45:00,,,,,-0.4,83.6,100.0,2.6,0.0,0.0,-65.5,0.0,n,0.0,1017.0,2.1,95.0,1019.0,0.0,0.0,3.3,2024-01-26T23:45:00,2024-01-27T04:45:00,1706330700.0,0.0,10.0,12.0,7.1,4.3,Overcast clouds,c04n,804.0,4951257.0,Somerville,US,42.3876,-71.0995,MA,994971-99999,America/New_York
2024-01-27 00:00:00,,,,,-0.6,1.9,100.0,2.5,0.0,0.0,-66.2,0.0,n,0.0,1017.0,2.1,95.0,1019.0,0.0,0.0,3.2,2024-01-27T00:00:00,2024-01-27T05:00:00,1706331600.0,0.0,10.0,12.0,7.2,4.4,Overcast clouds,c04n,804.0,4951257.0,Somerville,US,42.3876,-71.0995,MA,994971-99999,America/New_York
2024-01-27 00:15:00,,,,,-0.7,10.0,100.0,2.4,0.0,0.0,-65.4,0.0,n,0.0,1017.0,2.1,95.0,1019.0,0.0,0.0,3.1,2024-01-27T00:15:00,2024-01-27T05:15:00,1706332500.0,0.0,10.0,13.0,7.2,4.4,Overcast clouds,c04n,804.0,4951257.0,Somerville,US,42.3876,-71.0995,MA,994971-99999,America/New_York
2024-01-27 00:30:00,,,,,-0.7,18.1,100.0,2.4,0.0,0.0,-64.5,0.0,n,0.0,1017.0,2.1,95.0,1019.0,0.0,0.0,3.1,2024-01-27T00:30:00,2024-01-27T05:30:00,1706333400.0,0.0,10.0,14.0,7.2,4.4,Overcast clouds,c04n,804.0,4951257.0,Somerville,US,42.3876,-71.0995,MA,994971-99999,America/New_York
2024-01-27 00:45:00,,,,,-0.8,26.2,100.0,2.3,0.0,0.0,-63.6,0.0,n,0.0,1017.0,2.1,95.0,1019.0,0.0,0.0,3.0,2024-01-27T00:45:00,2024-01-27T05:45:00,1706334300.0,0.0,10.0,15.0,7.2,4.4,Overcast clouds,c04n,804.0,4951257.0,Somerville,US,42.3876,-71.0995,MA,994971-99999,America/New_York
2024-01-27 01:00:00,,,,,-0.8,34.3,100.0,2.3,0.0,0.0,-62.7,0.0,n,0.0,1017.0,2.1,95.0,1019.0,0.0,0.0,3.0,2024-01-27T01:00:00,2024-01-27T06:00:00,1706335200.0,0.0,10.0,16.0,7.2,4.4,Overcast clouds,c04n,804.0,4951257.0,Somerville,US,42.3876,-71.0995,MA,994971-99999,America/New_York
2024-01-27 01:15:00,,,,,-0.9,40.0,100.0,2.4,0.0,0.0,-60.7,0.0,n,0.0,1017.0,2.1,96.0,1019.0,0.0,0.0,3.0,2024-01-27T01:15:00,2024-01-27T06:15:00,1706336100.0,0.0,16.0,17.0,7.2,4.4,Overcast clouds,c04n,804.0,4951257.0,Somerville,US,42.3876,-71.0995,MA,994971-99999,America/New_York
2024-01-27 01:30:00,,,,,-1.0,45.7,100.0,2.3,0.0,0.0,-58.7,0.0,n,0.0,1017.0,2.1,96.0,1019.0,0.0,0.0,2.9,2024-01-27T01:30:00,2024-01-27T06:30:00,1706337000.0,0.0,16.0,18.0,7.2,4.4,Overcast clouds,c04n,804.0,4951257.0,Somerville,US,42.3876,-71.0995,MA,994971-99999,America/New_York
2024-01-27 01:45:00,,,,,-1.0,51.5,100.0,2.3,0.0,0.0,-56.7,0.0,n,0.0,1017.0,2.1,96.0,1019.0,0.0,0.0,2.8,2024-01-27T01:45:00,2024-01-27T06:45:00,1706337900.0,0.0,16.0,19.0,7.2,4.4,Overcast clouds,c04n,804.0,4951257.0,Somerville,US,42.3876,-71.0995,MA,994971-99999,America/New_York
2024-01-27 02:00:00,,,,,-1.1,57.2,100.0,2.4,0.0,0.0,-54.7,0.0,n,0.0,1017.0,2.1,97.0,1019.0,0.0,0.0,2.8,2024-01-27T02:00:00,2024-01-27T07:00:00,1706338800.0,0.0,16.0,20.0,7.2,4.4,Fog,a05n,741.0,4951257.0,Somerville,US,42.3876,-71.0995,MA,994971-99999,America/New_York
2024-01-27 02:15:00,,,,,-1.0,61.1,99.0,2.2,0.0,0.0,-52.2,0.0,n,0.0,1017.0,2.1,96.0,1019.0,0.0,0.0,2.8,2024-01-27T02:15:00,2024-01-27T07:15:00,1706339700.0,0.0,16.0,20.0,7.0,4.2,Overcast clouds,c04n,804.0,4951257.0,Somerville,US,42.3876,-71.0995,MA,994971-99999,America/New_York
2024-01-27 02:30:00,,,,,-1.0,65.0,98.0,2.1,0.0,0.0,-49.7,0.0,n,0.0,1017.0,2.1,96.0,1019.0,0.0,0.0,2.7,2024-01-27T02:30:00,2024-01-27T07:30:00,1706340600.0,0.0,16.0,19.0,6.8,4.0,Overcast clouds,c04n,804.0,4951257.0,Somerville,US,42.3876,-71.0995,MA,994971-99999,America/New_York
2024-01-27 02:45:00,,,,,-0.9,68.9,98.0,2.1,0.0,0.0,-47.2,0.0,n,0.0,1017.0,2.1,96.0,1019.0,0.0,0.0,2.6,2024-01-27T02:45:00,2024-01-27T07:45:00,1706341500.0,0.0,16.0,18.0,6.6,3.8,Overcast clouds,c04n,804.0,4951257.0,Somerville,US,42.3876,-71.0995,MA,994971-99999,America/New_York
2024-01-27 03:00:00,,,,,-0.8,72.8,97.0,1.9,0.0,0.0,-44.7,0.0,n,0.0,1017.0,2.1,95.0,1019.0,0.0,0.0,2.6,2024-01-27T03:00:00,2024-01-27T08:00:00,1706342400.0,0.0,16.0,18.0,6.4,3.6,Overcast clouds,c04n,804.0,4951257.0,Somerville,US,42.3876,-71.0995,MA,994971-99999,America/New_York
2024-01-27 03:15:00,,,,,-0.9,75.8,98.0,2.0,0.0,0.0,-41.9,0.0,n,0.0,1017.0,2.1,96.0,1019.0,0.0,0.0,2.5,2024-01-27T03:15:00,2024-01-27T08:15:00,1706343300.0,0.0,16.0,16.0,6.3,3.6,Overcast clouds,c04n,804.0,4951257.0,Somerville,US,42.3876,-71.0995,MA,994971-99999,America/New_York
2024-01-27 03:30:00,,,,,-0.9,78.8,98.0,1.9,0.0,0.0,-39.2,0.0,n,0.0,1018.0,2.1,96.0,1020.0,0.0,0.0,2.5,2024-01-27T03:30:00,2024-01-27T08:30:00,1706344200.0,0.0,16.0,15.0,6.2,3.6,Overcast clouds,c04n,804.0,4951257.0,Somerville,US,42.3876,-71.0995,MA,994971-99999,America/New_York
2024-01-27 03:45:00,,,,,-1.0,81.8,99.0,1.9,0.0,0.0,-36.5,0.0,n,0.0,1018.0,2.1,96.0,1020.0,0.0,0.0,2.5,2024-01-27T03:45:00,2024-01-27T08:45:00,1706345100.0,0.0,10.0,14.0,6.1,3.6,Overcast clouds,c04n,804.0,4951257.0,Somerville,US,42.3876,-71.0995,MA,994971-99999,America/New_York
2024-01-27 04:00:00,,,,,-1.1,84.7,100.0,2.0,0.0,0.0,-33.8,0.0,n,0.0,1018.0,2.1,97.0,1020.0,0.0,0.0,2.4,2024-01-27T04:00:00,2024-01-27T09:00:00,1706346000.0,0.0,10.0,12.0,6.0,3.6,Fog,a05n,741.0,4951257.0,Somerville,US,42.3876,-71.0995,MA,994971-99999,America/New_York
2024-01-27 04:15:00,,,,,-1.1,87.3,99.0,1.8,0.0,0.0,-31.0,0.0,n,0.0,1018.0,2.1,96.0,1020.0,0.0,0.0,2.4,2024-01-27T04:15:00,2024-01-27T09:15:00,1706346900.0,0.0,10.0,12.0,6.0,3.6,Overcast clouds,c04n,804.0,4951257.0,Somerville,US,42.3876,-71.0995,MA,994971-99999,America/New_York
2024-01-27 04:30:00,,,,,-1.2,89.8,98.0,1.7,0.0,0.0,-28.3,0.0,n,0.0,1018.0,2.1,96.0,1020.0,0.0,0.0,2.3,2024-01-27T04:30:00,2024-01-27T09:30:00,1706347800.0,0.0,16.0,12.0,6.0,3.6,Overcast clouds,c04n,804.0,4951257.0,Somerville,US,42.3876,-71.0995,MA,994971-99999,America/New_York
2024-01-27 04:45:00,,,,,-1.3,92.3,98.0,1.7,0.0,0.0,-25.5,0.0,n,0.0,1018.0,2.1,96.0,1020.0,0.0,0.0,2.3,2024-01-27T04:45:00,2024-01-27T09:45:00,1706348700.0,0.0,10.0,12.0,6.0,3.6,Overcast clouds,c04n,804.0,4951257.0,Somerville,US,42.3876,-71.0995,MA,994971-99999,America/New_York
2024-01-27 05:00:00,,,,,-1.3,94.9,97.0,1.5,0.0,0.0,-22.7,0.0,n,0.0,1018.0,2.1,95.0,1020.0,0.0,0.0,2.2,2024-01-27T05:00:00,2024-01-27T10:00:00,1706349600.0,0.0,10.0,12.0,6.0,3.6,Overcast clouds,c04n,804.0,4951257.0,Somerville,US,42.3876,-71.0995,MA,994971-99999,America/New_York
2024-01-27 05:15:00,,,,,-1.3,97.3,96.0,1.3,0.0,0.0,-20.0,0.0,n,0.0,1018.0,2.1,94.0,1020.0,0.0,0.0,2.1,2024-01-27T05:15:00,2024-01-27T10:15:00,1706350500.0,0.0,10.0,10.0,6.1,3.5,Overcast clouds,c04n,804.0,4951257.0,Somerville,US,42.3876,-71.0995,MA,994971-99999,America/New_York
2024-01-27 05:30:00,,,,,-1.3,99.6,96.0,1.2,0.0,0.0,-17.3,0.0,n,0.0,1019.0,2.1,94.0,1021.0,0.0,0.0,2.1,2024-01-27T05:30:00,2024-01-27T10:30:00,1706351400.0,0.0,10.0,8.0,6.2,3.4,Overcast clouds,c04n,804.0,4951257.0,Somerville,US,42.3876,-71.0995,MA,994971-99999,America/New_York
2024-01-27 05:45:00,,,,,-1.3,102.0,96.0,1.0,0.0,0.0,-14.5,0.0,n,0.0,1019.0,2.1,93.0,1021.0,0.0,0.0,2.0,2024-01-27T05:45:00,2024-01-27T10:45:00,1706352300.0,0.0,10.0,6.0,6.3,3.3,Overcast clouds,c04n,804.0,4951257.0,Somerville,US,42.3876,-71.0995,MA,994971-99999,America/New_York
2024-01-27 06:00:00,,,,,-1.3,104.4,95.0,0.8,0.0,0.0,-11.8,0.0,n,0.0,1019.0,2.1,92.0,1021.0,0.0,0.0,2.0,2024-01-27T06:00:00,2024-01-27T11:00:00,1706353200.0,0.0,10.0,4.0,6.4,3.2,Overcast clouds,c04n,804.0,4951257.0,Somerville,US,42.3876,-71.0995,MA,994971-99999,America/New_York
2024-01-27 06:15:00,,,,,-1.3,106.8,96.0,1.0,0.0,0.0,-9.2,0.0,n,0.0,1019.0,2.1,93.0,1021.0,0.0,0.0,2.0,2024-01-27T06:15:00,2024-01-27T11:15:00,1706354100.0,0.0,10.0,4.0,6.3,3.2,Overcast clouds,c04n,804.0,4951257.0,Somerville,US,42.3876,-71.0995,MA,994971-99999,America/New_York
2024-01-27 06:30:00,,,,,-1.3,109.3,96.0,1.1,0.0,0.0,-6.6,0.0,n,0.0,1019.0,2.1,94.0,1021.0,0.0,0.0,2.0,2024-01-27T06:30:00,2024-01-27T11:30:00,1706355000.0,0.0,10.0,4.0,6.2,3.2,Overcast clouds,c04n,804.0,4951257.0,Somerville,US,42.3876,-71.0995,MA,994971-99999,America/New_York
2024-01-27 06:45:00,,,,,-1.3,111.7,96.0,1.1,0.0,0.0,-4.0,0.0,n,0.0,1019.0,2.1,94.0,1021.0,0.0,0.0,2.0,2024-01-27T06:45:00,2024-01-27T11:45:00,1706355900.0,0.0,10.0,4.0,6.1,3.2,Overcast clouds,c04n,804.0,4951257.0,Somerville,US,42.3876,-71.0995,MA,994971-99999,America/New_York
2024-01-27 07:00:00,,,,,-1.3,114.1,97.0,1.3,0.0,0.0,-1.3,0.0,n,0.0,1020.0,2.1,95.0,1022.0,0.0,0.0,2.0,2024-01-27T07:00:00,2024-01-27T12:00:00,1706356800.0,0.0,16.0,4.0,6.0,3.2,Overcast clouds,c04n,804.0,4951257.0,Somerville,US,42.3876,-71.0995,MA,994971-99999,America/New_York
2024-01-27 07:15:00,-4.147108828812449,84.81399807268294,90.0,4.147108828812444,-1.3,116.7,96.0,1.3,12.0,109.0,1.1,26.0,d,0.0,1020.0,2.1,95.0,1022.0,0.0,18.0,2.0,2024-01-27T07:15:00,2024-01-27T12:15:00,1706357700.0,0.4,16.0,92.0,5.9,3.3,Overcast clouds,c04n,804.0,4951257.0,Somerville,US,42.3876,-71.0995,MA,994971-99999,America/New_York
2024-01-27 07:30:00,-11.005345012492526,76.63845442101747,90.00000269986933,11.00534501249254,-1.4,119.4,94.0,1.3,25.0,219.0,3.5,52.0,d,0.0,1020.0,2.1,95.0,1022.0,0.0,39.0,2.0,2024-01-27T07:30:00,2024-01-27T12:30:00,1706358600.0,0.4,16.0,179.0,5.8,3.4,Overcast clouds,c04d,804.0,4951257.0,Somerville,US,42.3876,-71.0995,MA,994971-99999,America/New_York
2024-01-27 07:45:00,-18.771646973034095,68.12286387826508,90.00000190909591,18.771646973034105,-1.5,122.0,92.0,1.3,37.0,328.0,5.9,77.0,d,0.0,1020.0,2.1,95.0,1022.0,0.0,62.0,2.0,2024-01-27T07:45:00,2024-01-27T12:45:00,1706359500.0,0.5,16.0,266.0,5.7,3.5,Overcast clouds,c04d,804.0,4951257.0,Somerville,US,42.3876,-71.0995,MA,994971-99999,America/New_York
2024-01-27 08:00:00,-27.974412441698618,59.25938017479735,90.0,27.974412441698618,-1.6,124.6,91.0,1.3,49.0,438.0,8.3,103.0,d,0.0,1020.0,2.1,95.0,1022.0,0.0,85.0,2.0,2024-01-27T08:00:00,2024-01-27T13:00:00,1706360400.0,0.5,16.0,354.0,5.6,3.6,Overcast clouds,c04d,804.0,4951257.0,Somerville,US,42.3876,-71.0995,MA,994971-99999,America/New_York
2024-01-27 08:15:00,-40.20482236923297,49.825644083352934,90.0,40.20482236923297,-1.6,127.5,92.0,1.1,55.0,489.0,10.4,140.0,d,0.0,1021.0,2.1,94.0,1023.0,0.0,100.0,2.0,2024-01-27T08:15:00,2024-01-27T13:15:00,1706361300.0,0.5,16.0,266.0,5.7,3.6,Overcast clouds,c04d,804.0,4951257.0,Somerville,US,42.3876,-71.0995,MA,994971-99999,America/New_York
2024-01-27 08:30:00,-60.0,40.95046104486569,90.0,59.99999999999999,-1.6,130.5,93.0,1.1,61.0,540.0,12.5,177.0,d,0.0,1021.0,2.1,94.0,1023.0,0.0,114.0,1.9,2024-01-27T08:30:00,2024-01-27T13:30:00,1706362200.0,0.5,16.0,178.0,5.8,3.6,Overcast clouds,c04d,804.0,4951257.0,Somerville,US,42.3876,-71.0995,MA,994971-99999,America/New_York
2024-01-27 08:45:00,-60.0,42.42866046807127,90.0,59.99999999999999,-1.7,133.4,94.0,0.9,67.0,591.0,14.7,214.0,d,0.0,1021.0,2.1,93.0,1023.0,0.0,125.0,1.9,2024-01-27T08:45:00,2024-01-27T13:45:00,1706363100.0,0.5,16.0,90.0,5.9,3.6,Overcast clouds,c04d,804.0,4951257.0,Somerville,US,42.3876,-71.0995,MA,994971-99999,America/New_York
2024-01-27 09:00:00,-60.0,44.162575131775625,90.0,59.99999999999999,-1.7,136.3,95.0,0.7,73.0,642.0,16.8,251.0,d,0.0,1021.0,2.1,92.0,1023.0,0.0,134.0,1.9,2024-01-27T09:00:00,2024-01-27T14:00:00,1706364000.0,0.5,16.0,2.0,6.0,3.6,Overcast clouds,c04d,804.0,4951257.0,Somerville,US,42.3876,-71.0995,MA,994971-99999,America/New_York
2024-01-27 09:15:00,-60.0,46.12388837766627,90.0,59.99999999999999,-1.5,139.7,96.0,0.8,76.0,666.0,18.4,281.0,d,0.0,1021.0,2.1,92.0,1023.0,0.0,137.0,1.9,2024-01-27T09:15:00,2024-01-27T14:15:00,1706364900.0,0.6,16.0,4.0,6.1,3.4,Overcast clouds,c04d,804.0,4951257.0,Somerville,US,42.3876,-71.0995,MA,994971-99999,America/New_York
2024-01-27 09:30:00,-58.45306229271664,48.26653821682597,90.0,58.45306229271664,-1.3,143.0,96.0,0.8,80.0,691.0,20.1,312.0,d,0.0,1021.0,2.1,92.0,1023.0,0.0,148.0,2.0,2024-01-27T09:30:00,2024-01-27T14:30:00,1706365800.0,0.6,16.0,6.0,6.2,3.2,Overcast clouds,c04d,804.0,4951257.0,Somerville,US,42.3876,-71.0995,MA,994971-99999,America/New_York
2024-01-27 09:45:00,-54.05295813735064,50.36598229867859,90.0,54.05295813735064,-1.0,146.4,97.0,0.9,83.0,715.0,21.8,343.0,d,0.0,1021.0,2.1,92.0,1023.0,0.0,148.0,2.0,2024-01-27T09:45:00,2024-01-27T14:45:00,1706366700.0,0.6,16.0,8.0,6.3,3.0,Overcast clouds,c04d,804.0,4951257.0,Somerville,US,42.3876,-71.0995,MA,994971-99999,America/New_York
2024-01-27 10:00:00,-49.32574815958519,52.34710249725913,90.0,49.32574815958519,-0.8,149.7,98.0,0.9,86.0,739.0,23.5,374.0,d,0.0,1021.0,2.1,92.0,1023.0,0.0,146.0,2.1,2024-01-27T10:00:00,2024-01-27T15:00:00,1706367600.0,0.7,16.0,10.0,6.4,2.8,Overcast clouds,c04d,804.0,4951257.0,Somerville,US,42.3876,-71.0995,MA,994971-99999,America/New_York
2024-01-27 10:15:00,-44.23850021888164,54.18698237875101,90.0,44.23850021888164,-0.8,153.5,96.0,0.8,88.0,751.0,24.5,394.0,d,0.0,1021.0,2.1,91.0,1023.0,0.0,173.0,2.1,2024-01-27T10:15:00,2024-01-27T15:15:00,1706368500.0,0.7,16.0,12.0,6.3,2.8,Overcast clouds,c04d,804.0,4951257.0,Somerville,US,42.3876,-71.0995,MA,994971-99999,America/New_York
2024-01-27 10:30:00,-38.7643167279841,55.85981152746304,90.0,38.7643167279841,-0.7,157.2,93.0,0.7,90.0,762.0,25.6,413.0,d,0.0,1021.0,2.1,90.0,1023.0,0.0,123.0,2.2,2024-01-27T10:30:00,2024-01-27T15:30:00,1706369400.0,0.8,16.0,13.0,6.2,2.8,Overcast clouds,c04d,804.0,4951257.0,Somerville,US,42.3876,-71.0995,MA,994971-99999,America/New_York
2024-01-27 10:45:00,-32.887870468446806,57.337276463142885,90.0,32.887870468446806,-0.7,161.0,90.0,0.6,92.0,774.0,26.7,433.0,d,0.0,1021.0,2.1,89.0,1023.0,0.0,161.0,2.2,2024-01-27T10:45:00,2024-01-27T15:45:00,1706370300.0,0.9,16.0,14.0,6.1,2.8,Overcast clouds,c04d,804.0,4951257.0,Somerville,US,42.3876,-71.0995,MA,994971-99999,America/New_York
2024-01-27 11:00:00,-26.612250958657555,58.58951833373107,90.00000120741826,26.612250958657558,-0.6,164.7,88.0,0.5,94.0,785.0,27.8,453.0,d,0.0,1021.0,2.1,88.0,1023.0,0.0,189.0,2.3,2024-01-27T11:00:00,2024-01-27T16:00:00,1706371200.0,1.0,16.0,16.0,6.0,2.8,Overcast clouds,c04d,804.0,4951257.0,Somerville,US,42.3876,-71.0995,MA,994971-99999,America/New_York
2024-01-27 11:15:00,-19.966078807284596,59.586814787599174,90.0,19.96607880728459,-0.6,168.8,90.0,0.3,94.0,789.0,28.1,459.0,d,0.0,1021.0,2.1,87.0,1023.0,0.0,170.0,2.3,2024-01-27T11:15:00,2024-01-27T16:15:00,1706372100.0,1.0,16.0,14.0,5.9,2.8,Overcast clouds,c04d,804.0,4951257.0,Somerville,US,42.3876,-71.0995,MA,994971-99999,America/New_York
2024-01-27 11:30:00,-13.008836916751898,60.30199020063109,90.00000256132094,13.008836916751912,-0.5,172.8,92.0,0.2,95.0,792.0,28.5,466.0,d,0.0,1021.0,2.1,86.0,1023.0,0.0,150.0,2.3,2024-01-27T11:30:00,2024-01-27T16:30:00,1706373000.0,0.9,16.0,13.0,5.8,2.8,Overcast clouds,c04d,804.0,4951257.0,Somerville,US,42.3876,-71.0995,MA,994971-99999,America/New_York
2024-01-27 11:45:00,-5.831694099168417,60.71332717913643,90.0,5.831694099168392,-0.5,176.8,93.0,-0.1,95.0,795.0,28.8,472.0,d,0.0,1021.0,2.1,84.0,1023.0,0.0,140.0,2.4,2024-01-27T11:45:00,2024-01-27T16:45:00,1706373900.0,0.9,16.0,12.0,5.7,2.8,Overcast clouds,c04d,804.0,4951257.0,Somerville,US,42.3876,-71.0995,MA,994971-99999,America/New_York
2024-01-27 12:00:00,1.4483961426373009,60.80737736091857,269.99998573916855,1.448396142637346,-0.5,180.9,95.0,-0.2,96.0,799.0,29.2,478.0,d,0.0,1021.0,2.1,83.0,1023.0,0.0,117.0,2.4,2024-01-27T12:00:00,2024-01-27T17:00:00,1706374800.0,0.9,16.0,10.0,5.6,2.8,Overcast clouds,c04d,804.0,4951257.0,Somerville,US,42.3876,-71.0995,MA,994971-99999,America/New_York
2024-01-27 12:15:00,8.70140311349247,60.58094368769544,269.99999669334886,8.701403113492486,-0.2,184.9,94.0,0.0,95.0,795.0,28.7,471.0,d,0.0,1021.0,2.1,83.0,1023.0,0.0,128.0,2.5,2024-01-27T12:15:00,2024-01-27T17:15:00,1706375700.0,0.9,16.0,8.0,5.3,2.7,Overcast clouds,c04d,804.0,4951257.0,Somerville,US,42.3876,-71.0995,MA,994971-99999,America/New_York
2024-01-27 12:30:00,15.800793153024806,60.041571235656036,270.0,15.800793153024795,0.1,188.9,94.0,0.1,95.0,791.0,28.3,463.0,d,0.0,1021.0,2.1,83.0,1023.0,0.0,125.0,2.7,2024-01-27T12:30:00,2024-01-27T17:30:00,1706376600.0,0.9,16.0,5.0,5.0,2.6,Overcast clouds,c04d,804.0,4951257.0,Somerville,US,42.3876,-71.0995,MA,994971-99999,America/New_York
2024-01-27 12:45:00,22.639041943416327,59.20639059189319,270.0,22.639041943416323,0.3,192.9,93.0,0.2,94.0,787.0,27.9,455.0,d,0.0,1021.0,2.1,83.0,1023.0,0.0,135.0,2.8,2024-01-27T12:45:00,2024-01-27T17:45:00,1706377500.0,0.9,16.0,2.0,4.7,2.5,Overcast clouds,c04d,804.0,4951257.0,Somerville,US,42.3876,-71.0995,MA,994971-99999,America/New_York
2024-01-27 13:00:00,29.13772438049823,58.09970616945567,269.9999987925817,29.137724380498238,0.6,196.9,92.0,0.4,93.0,783.0,27.5,447.0,d,0.0,1021.0,2.1,83.0,1023.0,0.0,144.0,3.0,2024-01-27T13:00:00,2024-01-27T18:00:00,1706378400.0,0.9,16.0,0.0,4.4,2.4,Overcast clouds,c04d,804.0,4951257.0,Somerville,US,42.3876,-71.0995,MA,994971-99999,America/New_York
2024-01-27 13:15:00,35.25048202730941,56.750056331324096,270.0,35.2504820273094,0.8,200.6,94.0,0.3,91.0,770.0,26.3,426.0,d,0.0,1020.0,2.1,82.0,1022.0,0.0,115.0,3.1,2024-01-27T13:15:00,2024-01-27T18:15:00,1706379300.0,0.8,16.0,2.0,4.3,2.3,Overcast clouds,c04d,804.0,4951257.0,Somerville,US,42.3876,-71.0995,MA,994971-99999,America/New_York
2024-01-27 13:30:00,40.96000873064306,55.18745421495678,270.0,40.96000873064306,1.1,204.4,95.0,0.3,89.0,757.0,25.2,405.0,d,0.0,1020.0,2.1,81.0,1022.0,0.0,99.0,3.3,2024-01-27T13:30:00,2024-01-27T18:30:00,1706380200.0,0.8,16.0,3.0,4.2,2.2,Overcast clouds,c04d,804.0,4951257.0,Somerville,US,42.3876,-71.0995,MA,994971-99999,America/New_York
2024-01-27 13:45:00,46.27167754143605,53.44126800135671,270.0,46.27167754143605,1.4,208.1,96.0,0.3,87.0,745.0,24.0,384.0,d,0.0,1020.0,2.1,80.0,1022.0,0.0,170.0,3.4,2024-01-27T13:45:00,2024-01-27T18:45:00,1706381100.0,0.7,16.0,4.0,4.1,2.1,Overcast clouds,c04d,804.0,4951257.0,Somerville,US,42.3876,-71.0995,MA,994971-99999,America/New_York
2024-01-27 14:00:00,51.206347674368935,51.53884747666873,270.0,51.206347674368935,1.7,211.8,98.0,0.2,85.0,732.0,22.9,363.0,d,0.0,1020.0,2.1,79.0,1022.0,0.0,143.0,3.5,2024-01-27T14:00:00,2024-01-27T19:00:00,1706382000.0,0.6,16.0,6.0,4.0,2.0,Overcast clouds,c04d,804.0,4951257.0,Somerville,US,42.3876,-71.0995,MA,994971-99999,America/New_York
2024-01-27 14:15:00,55.79398269997915,49.504822327537006,270.0,55.79398269997915,1.9,215.1,98.0,0.4,82.0,706.0,21.2,332.0,d,0.0,1020.0,2.1,79.0,1022.0,0.0,135.0,3.7,2024-01-27T14:15:00,2024-01-27T19:15:00,1706382900.0,0.6,16.0,10.0,3.8,1.9,Overcast clouds,c04d,804.0,4951257.0,Somerville,US,42.3876,-71.0995,MA,994971-99999,America/New_York
2024-01-27 14:30:00,60.0,47.36092701742207,270.0,59.99999999999999,2.2,218.4,99.0,0.5,78.0,680.0,19.5,300.0,d,0.0,1020.0,2.1,79.0,1022.0,0.0,117.0,3.8,2024-01-27T14:30:00,2024-01-27T19:30:00,1706383800.0,0.5,16.0,15.0,3.6,1.8,Overcast clouds,c04d,804.0,4951257.0,Somerville,US,42.3876,-71.0995,MA,994971-99999,America/New_York
2024-01-27 14:45:00,60.0,45.26928650300489,270.0,59.99999999999999,2.5,221.7,100.0,0.6,75.0,655.0,17.7,269.0,d,0.0,1020.0,2.1,79.0,1022.0,0.0,102.0,4.0,2024-01-27T14:45:00,2024-01-27T19:45:00,1706384700.0,0.5,16.0,20.0,3.4,1.7,Overcast clouds,c04d,804.0,4951257.0,Somerville,US,42.3876,-71.0995,MA,994971-99999,America/New_York
2024-01-27 15:00:00,60.0,43.38796030871548,270.0,59.99999999999999,2.8,225.0,100.0,0.8,71.0,629.0,16.0,237.0,d,0.0,1020.0,2.1,79.0,1022.0,0.0,95.0,4.1,2024-01-27T15:00:00,2024-01-27T20:00:00,1706385600.0,0.5,16.0,24.0,3.2,1.6,Overcast clouds,c04d,804.0,4951257.0,Somerville,US,42.3876,-71.0995,MA,994971-99999,America/New_York
2024-01-27 15:15:00,60.0,41.74501735190956,270.0,59.99999999999999,2.9,227.9,98.0,0.7,65.0,573.0,13.9,200.0,d,0.0,1020.0,2.1,79.0,1022.0,0.0,97.0,4.0,2024-01-27T15:15:00,2024-01-27T20:15:00,1706386500.0,0.5,16.0,35.0,2.8,1.5,Overcast clouds,c04d,804.0,4951257.0,Somerville,US,42.3876,-71.0995,MA,994971-99999,America/New_York
2024-01-27 15:30:00,52.03865484242968,43.37831948993186,270.0,52.03865484242968,2.9,230.8,97.0,0.7,58.0,517.0,11.7,163.0,d,0.0,1020.0,2.1,79.0,1022.0,0.0,89.0,4.0,2024-01-27T15:30:00,2024-01-27T20:30:00,1706387400.0,0.5,16.0,46.0,2.4,1.4,Overcast clouds,c04d,804.0,4951257.0,Somerville,US,42.3876,-71.0995,MA,994971-99999,America/New_York
2024-01-27 15:45:00,35.05441577604845,53.395462413997606,269.9999987925817,35.05441577604846,3.0,233.7,96.0,0.6,52.0,462.0,9.6,126.0,d,0.0,1020.0,2.1,79.0,1022.0,0.0,79.0,4.0,2024-01-27T15:45:00,2024-01-27T20:45:00,1706388300.0,0.4,16.0,57.0,2.0,1.3,Overcast clouds,c04d,804.0,4951257.0,Somerville,US,42.3876,-71.0995,MA,994971-99999,America/New_York
2024-01-27 16:00:00,24.307437985466578,62.57840687711861,270.0,24.307437985466574,3.1,236.6,94.0,0.6,46.0,406.0,7.4,89.0,d,0.0,1020.0,2.1,79.0,1022.0,0.0,70.0,3.9,2024-01-27T16:00:00,2024-01-27T21:00:00,1706389200.0,0.5,16.0,68.0,1.6,1.2,Overcast clouds,c04d,804.0,4951257.0,Somerville,US,42.3876,-71.0995,MA,994971-99999,America/New_York
2024-01-27 16:15:00,15.75946854620669,71.2956669643216,269.9999982924527,15.759468546206698,2.9,239.2,96.0,0.7,34.0,304.0,5.0,67.0,d,0.0,1020.0,2.1,80.0,1022.0,0.0,49.0,3.9,2024-01-27T16:15:00,2024-01-27T21:15:00,1706390100.0,0.4,16.0,79.0,1.8,1.3,Overcast clouds,c04d,804.0,4951257.0,Somerville,US,42.3876,-71.0995,MA,994971-99999,America/New_York
2024-01-27 16:30:00,8.37223783598931,79.69874471530618,269.9999985212207,8.372237835989313,2.7,241.8,97.0,0.7,23.0,203.0,2.6,44.0,d,0.0,1020.0,2.1,80.0,1022.0,0.0,31.0,3.8,2024-01-27T16:30:00,2024-01-27T21:30:00,1706391000.0,0.4,16.0,90.0,2.0,1.4,Overcast clouds,c04n,804.0,4951257.0,Somerville,US,42.3876,-71.0995,MA,994971-99999,America/New_York
2024-01-27 16:45:00,1.8444140598663523,87.67046853369558,270.0,1.844414059866309,2.5,244.4,98.0,0.6,11.0,101.0,0.1,22.0,d,0.0,1020.0,2.1,80.0,1022.0,0.0,15.0,3.8,2024-01-27T16:45:00,2024-01-27T21:45:00,1706391900.0,0.4,16.0,101.0,2.2,1.5,Overcast clouds,c04n,804.0,4951257.0,Somerville,US,42.3876,-71.0995,MA,994971-99999,America/New_York
2024-01-27 17:00:00,,,,,2.3,247.0,100.0,0.7,0.0,0.0,-2.3,0.0,n,0.0,1020.0,2.1,81.0,1022.0,0.0,0.0,3.7,2024-01-27T17:00:00,2024-01-27T22:00:00,1706392800.0,0.0,16.0,112.0,2.4,1.6,Overcast clouds,c04n,804.0,4951257.0,Somerville,US,42.3876,-71.0995,MA,994971-99999,America/New_York
2024-01-27 17:15:00,,,,,2.3,249.4,100.0,0.9,0.0,0.0,-5.0,0.0,n,0.0,1021.0,2.1,82.0,1023.0,0.0,0.0,3.6,2024-01-27T17:15:00,2024-01-27T22:15:00,1706393700.0,0.0,16.0,119.0,2.5,1.6,Overcast clouds,c04n,804.0,4951257.0,Somerville,US,42.3876,-71.0995,MA,994971-99999,America/New_York
2024-01-27 17:30:00,,,,,2.2,251.8,100.0,1.0,0.0,0.0,-7.6,0.0,n,0.0,1021.0,2.1,83.0,1023.0,0.0,0.0,3.6,2024-01-27T17:30:00,2024-01-27T22:30:00,1706394600.0,0.0,16.0,126.0,2.6,1.6,Overcast clouds,c04n,804.0,4951257.0,Somerville,US,42.3876,-71.0995,MA,994971-99999,America/New_York
2024-01-27 17:45:00,,,,,2.2,254.3,100.0,1.1,0.0,0.0,-10.2,0.0,n,0.0,1021.0,2.1,84.0,1023.0,0.0,0.0,3.5,2024-01-27T17:45:00,2024-01-27T22:45:00,1706395500.0,0.0,16.0,133.0,2.7,1.6,Overcast clouds,c04n,804.0,4951257.0,Somerville,US,42.3876,-71.0995,MA,994971-99999,America/New_York
2024-01-27 18:00:00,,,,,2.1,256.7,100.0,1.2,0.0,0.0,-12.8,0.0,n,0.0,1021.0,2.1,85.0,1023.0,0.0,0.0,3.5,2024-01-27T18:00:00,2024-01-27T23:00:00,1706396400.0,0.0,16.0,140.0,2.8,1.6,Overcast clouds,c04n,804.0,4951257.0,Somerville,US,42.3876,-71.0995,MA,994971-99999,America/New_York
2024-01-27 18:15:00,,,,,1.9,259.1,98.0,1.2,0.0,0.0,-15.6,0.0,n,0.0,1021.0,2.1,85.0,1023.0,0.0,0.0,3.5,2024-01-27T18:15:00,2024-01-27T23:15:00,1706397300.0,0.0,16.0,140.0,2.9,1.7,Overcast clouds,c04n,804.0,4951257.0,Somerville,US,42.3876,-71.0995,MA,994971-99999,America/New_York
2024-01-27 18:30:00,,,,,1.7,261.5,96.0,1.1,0.0,0.0,-18.3,0.0,n,0.0,1021.0,2.1,85.0,1023.0,0.0,0.0,3.4,2024-01-27T18:30:00,2024-01-27T23:30:00,1706398200.0,0.0,16.0,141.0,3.0,1.8,Overcast clouds,c04n,804.0,4951257.0,Somerville,US,42.3876,-71.0995,MA,994971-99999,America/New_York
2024-01-27 18:45:00,,,,,1.5,263.9,95.0,1.1,0.0,0.0,-21.0,0.0,n,0.0,1021.0,2.1,85.0,1023.0,0.0,0.0,3.3,2024-01-27T18:45:00,2024-01-27T23:45:00,1706399100.0,0.0,16.0,142.0,3.1,1.9,Overcast clouds,c04n,804.0,4951257.0,Somerville,US,42.3876,-71.0995,MA,994971-99999,America/New_York
2024-01-27 19:00:00,,,,,1.4,266.3,93.0,1.0,0.0,0.0,-23.8,0.0,n,0.0,1021.0,2.1,85.0,1023.0,0.0,0.0,3.3,2024-01-27T19:00:00,2024-01-28T00:00:00,1706400000.0,0.0,16.0,142.0,3.2,2.0,Overcast clouds,c04n,804.0,4951257.0,Somerville,US,42.3876,-71.0995,MA,994971-99999,America/New_York
2024-01-27 19:15:00,,,,,1.4,268.8,95.0,1.2,0.0,0.0,-26.5,0.0,n,0.0,1021.0,2.1,86.0,1023.0,0.0,0.0,3.3,2024-01-27T19:15:00,2024-01-28T00:15:00,1706400900.0,0.0,16.0,150.0,3.3,2.0,Overcast clouds,c04n,804.0,4951257.0,Somerville,US,42.3876,-71.0995,MA,994971-99999,America/New_York
2024-01-27 19:30:00,,,,,1.4,271.4,96.0,1.2,0.0,0.0,-29.3,0.0,n,0.0,1021.0,2.1,86.0,1023.0,0.0,0.0,3.3,2024-01-27T19:30:00,2024-01-28T00:30:00,1706401800.0,0.0,16.0,157.0,3.4,2.0,Overcast clouds,c04n,804.0,4951257.0,Somerville,US,42.3876,-71.0995,MA,994971-99999,America/New_York
2024-01-27 19:45:00,,,,,1.5,274.0,98.0,1.4,0.0,0.0,-32.1,0.0,n,0.0,1021.0,2.1,87.0,1023.0,0.0,0.0,3.4,2024-01-27T19:45:00,2024-01-28T00:45:00,1706402700.0,0.0,16.0,164.0,3.5,2.0,Overcast clouds,c04n,804.0,4951257.0,Somerville,US,42.3876,-71.0995,MA,994971-99999,America/New_York
2024-01-27 20:00:00,,,,,1.5,276.6,100.0,1.6,0.0,0.0,-34.8,0.0,n,0.0,1021.0,2.1,88.0,1023.0,0.0,0.0,3.4,2024-01-27T20:00:00,2024-01-28T01:00:00,1706403600.0,0.0,16.0,172.0,3.6,2.0,Overcast clouds,c04n,804.0,4951257.0,Somerville,US,42.3876,-71.0995,MA,994971-99999,America/New_York
2024-01-27 20:15:00,,,,,1.4,279.6,100.0,1.5,0.0,0.0,-37.5,0.0,n,0.0,1021.0,2.1,88.0,1023.0,0.0,0.0,3.3,2024-01-27T20:15:00,2024-01-28T01:15:00,1706404500.0,0.0,10.0,172.0,3.4,2.0,Overcast clouds,c04n,804.0,4951257.0,Somerville,US,42.3876,-71.0995,MA,994971-99999,America/New_York
2024-01-27 20:30:00,,,,,1.3,282.7,100.0,1.4,0.0,0.0,-40.2,0.0,n,0.0,1021.0,2.1,88.0,1023.0,0.0,0.0,3.2,2024-01-27T20:30:00,2024-01-28T01:30:00,1706405400.0,0.0,10.0,171.0,3.2,2.0,Overcast clouds,c04n,804.0,4951257.0,Somerville,US,42.3876,-71.0995,MA,994971-99999,America/New_York
2024-01-27 20:45:00,,,,,1.2,285.7,100.0,1.3,0.0,0.0,-42.9,0.0,n,0.0,1021.0,2.1,88.0,1023.0,0.0,0.0,3.1,2024-01-27T20:45:00,2024-01-28T01:45:00,1706406300.0,0.0,10.0,170.0,3.0,2.0,Overcast clouds,c04n,804.0,4951257.0,Somerville,US,42.3876,-71.0995,MA,994971-99999,America/New_York
2024-01-27 21:00:00,,,,,1.0,288.8,100.0,1.2,0.0,0.0,-45.6,0.0,n,0.0,1021.0,2.1,88.0,1023.0,0.0,0.0,3.0,2024-01-27T21:00:00,2024-01-28T02:00:00,1706407200.0,0.0,16.0,170.0,2.8,2.0,Overcast clouds,c04n,804.0,4951257.0,Somerville,US,42.3876,-71.0995,MA,994971-99999,America/New_York
2024-01-27 21:15:00,,,,,1.2,292.8,100.0,1.3,0.0,0.0,-48.1,0.0,n,0.0,1021.0,2.1,88.0,1023.0,0.0,0.0,3.0,2024-01-27T21:15:00,2024-01-28T02:15:00,1706408100.0,0.0,16.0,165.0,2.6,1.9,Overcast clouds,c04n,804.0,4951257.0,Somerville,US,42.3876,-71.0995,MA,994971-99999,America/New_York
2024-01-27 21:30:00,,,,,1.4,296.9,100.0,1.3,0.0,0.0,-50.6,0.0,n,0.0,1020.0,2.1,88.0,1022.0,0.0,0.0,3.1,2024-01-27T21:30:00,2024-01-28T02:30:00,1706409000.0,0.0,16.0,160.0,2.4,1.8,Overcast clouds,c04n,804.0,4951257.0,Somerville,US,42.3876,-71.0995,MA,994971-99999,America/New_York
2024-01-27 21:45:00,,,,,1.6,301.0,99.0,1.4,0.0,0.0,-53.0,0.0,n,0.0,1020.0,2.1,88.0,1022.0,0.0,0.0,3.1,2024-01-27T21:45:00,2024-01-28T02:45:00,1706409900.0,0.0,16.0,155.0,2.2,1.7,Overcast clouds,c04n,804.0,4951257.0,Somerville,US,42.3876,-71.0995,MA,994971-99999,America/New_York
2024-01-27 22:00:00,,,,,1.8,305.0,99.0,1.4,0.0,0.0,-55.5,0.0,n,0.0,1020.0,2.1,88.0,1022.0,0.0,0.0,3.2,2024-01-27T22:00:00,2024-01-28T03:00:00,1706410800.0,0.0,16.0,150.0,2.0,1.6,Overcast clouds,c04n,804.0,4951257.0,Somerville,US,42.3876,-71.0995,MA,994971-99999,America/New_York
2024-01-27 22:15:00,,,,,1.6,311.0,95.0,1.6,0.0,0.0,-57.4,0.0,n,0.0,1020.0,2.1,89.0,1022.0,0.0,0.0,3.2,2024-01-27T22:15:00,2024-01-28T03:15:00,1706411700.0,0.0,16.0,152.0,2.1,1.7,Overcast clouds,c04n,804.0,4951257.0,Somerville,US,42.3876,-71.0995,MA,994971-99999,America/New_York
2024-01-27 22:30:00,,,,,1.5,317.0,92.0,1.7,0.0,0.0,-59.3,0.0,n,0.0,1020.0,2.1,90.0,1022.0,0.0,0.0,3.2,2024-01-27T22:30:00,2024-01-28T03:30:00,1706412600.0,0.0,16.0,154.0,2.2,1.8,Overcast clouds,c04n,804.0,4951257.0,Somerville,US,42.3876,-71.0995,MA,994971-99999,America/New_York
2024-01-27 22:45:00,,,,,1.4,322.9,88.0,1.9,0.0,0.0,-61.2,0.0,n,0.0,1020.0,2.1,91.0,1022.0,0.0,0.0,3.2,2024-01-27T22:45:00,2024-01-28T03:45:00,1706413500.0,0.0,16.0,156.0,2.3,1.9,Overcast clouds,c04n,804.0,4951257.0,Somerville,US,42.3876,-71.0995,MA,994971-99999,America/New_York
2024-01-27 23:00:00,,,,,1.3,328.9,84.0,2.0,0.0,0.0,-63.1,0.0,n,0.0,1020.0,2.1,92.0,1022.0,0.0,0.0,3.2,2024-01-27T23:00:00,2024-01-28T04:00:00,1706414400.0,0.0,16.0,158.0,2.4,2.0,Overcast clouds,c04n,804.0,4951257.0,Somerville,US,42.3876,-71.0995,MA,994971-99999,America/New_York
2024-01-27 23:15:00,,,,,1.3,247.1,88.0,2.0,0.0,0.0,-63.8,0.0,n,0.0,1020.0,2.1,92.0,1022.0,0.0,0.0,3.2,2024-01-27T23:15:00,2024-01-28T04:15:00,1706415300.0,0.0,16.0,166.0,2.7,2.0,Overcast clouds,c04n,804.0,4951257.0,Somerville,US,42.3876,-71.0995,MA,994971-99999,America/New_York
2024-01-27 23:30:00,,,,,1.3,165.3,92.0,2.0,0.0,0.0,-64.6,0.0,n,0.0,1020.0,2.1,92.0,1022.0,0.0,0.0,3.2,2024-01-27T23:30:00,2024-01-28T04:30:00,1706416200.0,0.0,16.0,174.0,3.0,2.0,Overcast clouds,c04n,804.0,4951257.0,Somerville,US,42.3876,-71.0995,MA,994971-99999,America/New_York
2024-01-27 23:45:00,,,,,1.3,83.6,96.0,2.0,0.0,0.0,-65.3,0.0,n,0.0,1020.0,2.1,92.0,1022.0,0.0,0.0,3.2,2024-01-27T23:45:00,2024-01-28T04:45:00,1706417100.0,0.0,16.0,182.0,3.3,2.0,Overcast clouds,c04n,804.0,4951257.0,Somerville,US,42.3876,-71.0995,MA,994971-99999,America/New_York
2024-01-28 00:00:00,,,,,1.3,1.8,100.0,2.0,0.0,0.0,-66.0,0.0,n,0.0,1020.0,2.1,92.0,1022.0,0.0,0.0,3.2,2024-01-28T00:00:00,2024-01-28T05:00:00,1706418000.0,0.0,16.0,190.0,3.6,2.0,Overcast clouds,c04n,804.0,4951257.0,Somerville,US,42.3876,-71.0995,MA,994971-99999,America/New_York
2024-01-28 00:15:00,,,,,1.0,9.8,100.0,1.9,0.0,0.0,-65.1,0.0,n,0.0,1019.0,2.1,92.0,1021.0,0.0,0.0,3.1,2024-01-28T00:15:00,2024-01-28T05:15:00,1706418900.0,0.0,16.0,190.0,3.7,2.2,Overcast clouds,c04n,804.0,4951257.0,Somerville,US,42.3876,-71.0995,MA,994971-99999,America/New_York
2024-01-28 00:30:00,,,,,0.7,17.9,100.0,1.9,0.0,0.0,-64.3,0.0,n,0.0,1019.0,2.1,92.0,1021.0,0.0,0.0,3.0,2024-01-28T00:30:00,2024-01-28T05:30:00,1706419800.0,0.0,16.0,191.0,3.8,2.4,Overcast clouds,c04n,804.0,4951257.0,Somerville,US,42.3876,-71.0995,MA,994971-99999,America/New_York
2024-01-28 00:45:00,,,,,0.4,25.9,100.0,1.8,0.0,0.0,-63.4,0.0,n,0.0,1019.0,2.1,92.0,1021.0,0.0,0.0,3.0,2024-01-28T00:45:00,2024-01-28T05:45:00,1706420700.0,0.0,16.0,192.0,3.9,2.6,Overcast clouds,c04n,804.0,4951257.0,Somerville,US,42.3876,-71.0995,MA,994971-99999,America/New_York
2024-01-28 01:00:00,,,,,0.1,33.9,100.0,1.7,0.0,0.0,-62.5,0.0,n,0.0,1018.0,2.1,92.0,1020.0,0.0,0.0,2.9,2024-01-28T01:00:00,2024-01-28T06:00:00,1706421600.0,0.0,16.0,192.0,4.0,2.8,Overcast clouds,c04n,804.0,4951257.0,Somerville,US,42.3876,-71.0995,MA,994971-99999,America/New_York
2024-01-28 01:15:00,,,,,0.1,39.7,100.0,1.7,0.0,0.0,-60.5,0.0,n,0.0,1018.0,2.1,92.0,1020.0,0.0,0.0,2.9,2024-01-28T01:15:00,2024-01-28T06:15:00,1706422500.0,0.0,16.0,194.0,4.1,2.8,Overcast clouds,c04n,804.0,4951257.0,Somerville,US,42.3876,-71.0995,MA,994971-99999,America/New_York
2024-01-28 01:30:00,,,,,0.1,45.4,100.0,1.7,0.0,0.0,-58.5,0.0,n,0.0,1018.0,2.1,92.0,1020.0,0.0,0.0,2.9,2024-01-28T01:30:00,2024-01-28T06:30:00,1706423400.0,0.0,16.0,197.0,4.2,2.8,Overcast clouds,c04n,804.0,4951257.0,Somerville,US,42.3876,-71.0995,MA,994971-99999,America/New_York
2024-01-28 01:45:00,,,,,0.1,51.1,100.0,1.7,0.0,0.0,-56.5,0.0,n,0.0,1018.0,2.1,92.0,1020.0,0.0,0.0,2.9,2024-01-28T01:45:00,2024-01-28T06:45:00,1706424300.0,0.0,16.0,200.0,4.3,2.8,Overcast clouds,c04n,804.0,4951257.0,Somerville,US,42.3876,-71.0995,MA,994971-99999,America/New_York
2024-01-28 02:00:00,,,,,0.1,56.8,100.0,1.7,0.0,0.0,-54.6,0.0,n,0.0,1018.0,2.1,92.0,1020.0,0.0,0.0,2.9,2024-01-28T02:00:00,2024-01-28T07:00:00,1706425200.0,0.0,16.0,202.0,4.4,2.8,Overcast clouds,c04n,804.0,4951257.0,Somerville,US,42.3876,-71.0995,MA,994971-99999,America/New_York
2024-01-28 02:15:00,,,,,0.1,60.8,100.0,1.7,0.0,0.0,-52.1,0.0,n,0.0,1018.0,2.1,92.0,1020.0,0.0,0.0,2.9,2024-01-28T02:15:00,2024-01-28T07:15:00,1706426100.0,0.0,16.0,204.0,4.6,2.9,Overcast clouds,c04n,804.0,4951257.0,Somerville,US,42.3876,-71.0995,MA,994971-99999,America/New_York
2024-01-28 02:30:00,,,,,0.0,64.7,100.0,1.6,0.0,0.0,-49.5,0.0,n,0.0,1018.0,2.1,91.0,1020.0,0.0,0.0,2.9,2024-01-28T02:30:00,2024-01-28T07:30:00,1706427000.0,0.0,16.0,205.0,4.8,3.0,Overcast clouds,c04n,804.0,4951257.0,Somerville,US,42.3876,-71.0995,MA,994971-99999,America/New_York
2024-01-28 02:45:00,,,,,-0.1,68.6,100.0,1.4,0.0,0.0,-47.0,0.0,n,0.0,1018.0,2.1,90.0,1020.0,0.0,0.0,2.9,2024-01-28T02:45:00,2024-01-28T07:45:00,1706427900.0,0.0,16.0,206.0,5.0,3.1,Overcast clouds,c04n,804.0,4951257.0,Somerville,US,42.3876,-71.0995,MA,994971-99999,America/New_York
2024-01-28 03:00:00,,,,,-0.2,72.5,100.0,1.4,0.0,0.0,-44.5,0.0,n,0.0,1018.0,2.1,90.0,1020.0,0.0,0.0,2.9,2024-01-28T03:00:00,2024-01-28T08:00:00,1706428800.0,0.0,16.0,208.0,5.2,3.2,Overcast clouds,c04n,804.0,4951257.0,Somerville,US,42.3876,-71.0995,MA,994971-99999,America/New_York
2024-01-28 03:15:00,,,,,-0.1,75.5,100.0,1.4,0.0,0.0,-41.8,0.0,n,0.0,1018.0,2.1,90.0,1020.0,0.0,0.0,2.9,2024-01-28T03:15:00,2024-01-28T08:15:00,1706429700.0,0.0,16.0,208.0,5.1,3.2,Overcast clouds,c04n,804.0,4951257.0,Somerville,US,42.3876,-71.0995,MA,994971-99999,America/New_York
2024-01-28 03:30:00,,,,,-0.1,78.5,100.0,1.5,0.0,0.0,-39.1,0.0,n,0.0,1018.0,2.1,90.0,1020.0,0.0,0.0,3.0,2024-01-28T03:30:00,2024-01-28T08:30:00,1706430600.0,0.0,16.0,208.0,5.0,3.2,Overcast clouds,c04n,804.0,4951257.0,Somerville,US,42.3876,-71.0995,MA,994971-99999,America/New_York
2024-01-28 03:45:00,,,,,-0.1,81.5,100.0,1.5,0.0,0.0,-36.4,0.0,n,0.0,1017.0,2.1,90.0,1019.0,0.0,0.0,3.0,2024-01-28T03:45:00,2024-01-28T08:45:00,1706431500.0,0.0,16.0,208.0,4.9,3.2,Overcast clouds,c04n,804.0,4951257.0,Somerville,US,42.3876,-71.0995,MA,994971-99999,America/New_York
2024-01-28 04:00:00,,,,,-0.1,84.5,100.0,1.5,0.0,0.0,-33.7,0.0,n,0.0,1017.0,2.1,90.0,1019.0,0.0,0.0,3.0,2024-01-28T04:00:00,2024-01-28T09:00:00,1706432400.0,0.0,16.0,208.0,4.8,3.2,Overcast clouds,c04n,804.0,4951257.0,Somerville,US,42.3876,-71.0995,MA,994971-99999,America/New_York
2024-01-28 04:15:00,,,,,0.1,87.0,100.0,1.5,0.0,0.0,-30.9,0.0,n,0.0,1017.0,2.1,90.0,1019.0,0.0,0.0,3.0,2024-01-28T04:15:00,2024-01-28T09:15:00,1706433300.0,0.0,16.0,208.0,4.5,2.9,Overcast clouds,c04n,804.0,4951257.0,Somerville,US,42.3876,-71.0995,MA,994971-99999,America/New_York
2024-01-28 04:30:00,,,,,0.4,89.5,100.0,1.3,0.0,0.0,-28.1,0.0,n,0.0,1017.0,2.1,89.0,1019.0,0.0,0.0,3.0,2024-01-28T04:30:00,2024-01-28T09:30:00,1706434200.0,0.0,16.0,209.0,4.2,2.6,Overcast clouds,c04n,804.0,4951257.0,Somerville,US,42.3876,-71.0995,MA,994971-99999,America/New_York
2024-01-28 04:45:00,,,,,0.6,92.1,100.0,1.1,0.0,0.0,-25.4,0.0,n,0.0,1017.0,2.1,88.0,1019.0,0.0,0.0,2.9,2024-01-28T04:45:00,2024-01-28T09:45:00,1706435100.0,0.0,16.0,210.0,3.9,2.3,Overcast clouds,c04n,804.0,4951257.0,Somerville,US,42.3876,-71.0995,MA,994971-99999,America/New_York
2024-01-28 05:00:00,,,,,0.9,94.6,100.0,1.1,0.0,0.0,-22.6,0.0,n,0.0,1017.0,2.1,88.0,1019.0,0.0,0.0,2.9,2024-01-28T05:00:00,2024-01-28T10:00:00,1706436000.0,0.0,16.0,210.0,3.6,2.0,Overcast clouds,c04n,804.0,4951257.0,Somerville,US,42.3876,-71.0995,MA,994971-99999,America/New_York
2024-01-28 05:15:00,,,,,1.3,97.0,100.0,1.1,0.0,0.0,-19.9,0.0,n,0.0,1016.0,2.1,88.0,1018.0,0.0,0.0,2.9,2024-01-28T05:15:00,2024-01-28T10:15:00,1706436900.0,0.0,16.0,202.0,3.5,1.7,Overcast clouds,c04n,804.0,4951257.0,Somerville,US,42.3876,-71.0995,MA,994971-99999,America/New_York
2024-01-28 05:30:00,,,,,1.8,99.4,100.0,1.3,0.0,0.0,-17.1,0.0,n,0.0,1016.0,2.1,89.0,1018.0,0.0,0.0,3.0,2024-01-28T05:30:00,2024-01-28T10:30:00,1706437800.0,0.0,16.0,193.0,3.4,1.4,Overcast clouds,c04n,804.0,4951257.0,Somerville,US,42.3876,-71.0995,MA,994971-99999,America/New_York
2024-01-28 05:45:00,,,,,2.3,101.8,100.0,1.5,0.0,0.0,-14.4,0.0,n,0.0,1016.0,2.1,90.0,1018.0,0.0,0.0,3.0,2024-01-28T05:45:00,2024-01-28T10:45:00,1706438700.0,0.0,16.0,184.0,3.3,1.1,Overcast clouds,c04n,804.0,4951257.0,Somerville,US,42.3876,-71.0995,MA,994971-99999,America/New_York
2024-01-28 06:00:00,,,,,2.9,104.2,100.0,1.5,0.0,0.0,-11.7,0.0,n,0.0,1016.0,2.1,90.0,1018.0,0.0,0.0,3.0,2024-01-28T06:00:00,2024-01-28T11:00:00,1706439600.0,0.0,16.0,176.0,3.2,0.8,Overcast clouds,c04n,804.0,4951257.0,Somerville,US,42.3876,-71.0995,MA,994971-99999,America/New_York
2024-01-28 06:15:00,,,,,2.3,106.6,100.0,1.5,0.0,0.0,-9.0,0.0,n,0.0,1016.0,2.1,90.0,1018.0,0.0,0.0,3.0,2024-01-28T06:15:00,2024-01-28T11:15:00,1706440500.0,0.0,16.0,166.0,3.1,1.1,Overcast clouds,c04n,804.0,4951257.0,Somerville,US,42.3876,-71.0995,MA,994971-99999,America/New_York
2024-01-28 06:30:00,,,,,1.8,109.1,100.0,1.5,0.0,0.0,-6.4,0.0,n,0.0,1016.0,2.1,90.0,1018.0,0.0,0.0,3.0,2024-01-28T06:30:00,2024-01-28T11:30:00,1706441400.0,0.0,16.0,155.0,3.0,1.4,Overcast clouds,c04n,804.0,4951257.0,Somerville,US,42.3876,-71.0995,MA,994971-99999,America/New_York
2024-01-28 06:45:00,,,,,1.4,111.5,100.0,1.5,0.0,0.0,-3.8,0.0,n,0.0,1016.0,2.1,90.0,1018.0,0.0,0.0,3.0,2024-01-28T06:45:00,2024-01-28T11:45:00,1706442300.0,0.0,16.0,144.0,2.9,1.7,Overcast clouds,c04n,804.0,4951257.0,Somerville,US,42.3876,-71.0995,MA,994971-99999,America/New_York
2024-01-28 07:00:00,,,,,1.0,113.9,100.0,1.5,0.0,0.0,-1.2,0.0,n,0.0,1015.0,2.1,90.0,1017.0,0.0,0.0,3.0,2024-01-28T07:00:00,2024-01-28T12:00:00,1706443200.0,0.0,16.0,134.0,2.8,2.0,Overcast clouds,c04n,804.0,4951257.0,Somerville,US,42.3876,-71.0995,MA,994971-99999,America/New_York
2024-01-28 07:15:00,-4.532699540234205,84.32217483687953,90.00000526301422,4.532699540234224,1.0,116.5,100.0,1.5,12.0,111.0,1.2,26.0,d,0.0,1015.0,2.1,90.0,1017.0,0.0,15.0,3.0,2024-01-28T07:15:00,2024-01-28T12:15:00,1706444100.0,0.4,16.0,132.0,2.9,2.0,Overcast clouds,c04n,804.0,4951257.0,Somerville,US,42.3876,-71.0995,MA,994971-99999,America/New_York
2024-01-28 07:30:00,-11.439543847505917,76.08970223839037,90.00000085377364,11.43954384750592,1.0,119.1,100.0,1.5,25.0,222.0,3.7,53.0,d,0.0,1015.0,2.1,90.0,1017.0,0.0,30.0,3.0,2024-01-28T07:30:00,2024-01-28T12:30:00,1706445000.0,0.4,16.0,129.0,3.0,2.0,Overcast clouds,c04d,804.0,4951257.0,Somerville,US,42.3876,-71.0995,MA,994971-99999,America/New_York
2024-01-28 07:45:00,-19.265143316329137,67.51949778743015,90.0,19.26514331632913,1.0,121.8,100.0,1.5,37.0,332.0,6.1,79.0,d,0.0,1015.0,2.1,90.0,1017.0,0.0,45.0,3.0,2024-01-28T07:45:00,2024-01-28T12:45:00,1706445900.0,0.4,16.0,126.0,3.1,2.0,Overcast clouds,c04d,804.0,4951257.0,Somerville,US,42.3876,-71.0995,MA,994971-99999,America/New_York
2024-01-28 08:00:00,-28.57365678457687,58.583543439077225,90.0,28.57365678457687,1.0,124.4,100.0,1.5,50.0,443.0,8.5,106.0,d,0.0,1015.0,2.1,90.0,1017.0,0.0,61.0,3.0,2024-01-28T08:00:00,2024-01-28T13:00:00,1706446800.0,0.4,16.0,124.0,3.2,2.0,Overcast clouds,c04d,804.0,4951257.0,Somerville,US,42.3876,-71.0995,MA,994971-99999,America/New_York
2024-01-28 08:15:00,-41.06480430394815,49.039801766862126,90.0,41.06480430394815,1.0,127.3,100.0,1.5,56.0,494.0,10.6,143.0,d,0.0,1014.0,2.1,90.0,1016.0,0.0,70.0,3.0,2024-01-28T08:15:00,2024-01-28T13:15:00,1706447700.0,0.4,16.0,130.0,3.5,2.0,Overcast clouds,c04d,804.0,4951257.0,Somerville,US,42.3876,-71.0995,MA,994971-99999,America/New_York
2024-01-28 08:30:00,-60.0,40.69276549354717,90.0,59.99999999999999,1.0,130.3,100.0,1.5,61.0,544.0,12.7,180.0,d,0.0,1014.0,2.1,90.0,1016.0,0.0,79.0,3.0,2024-01-28T08:30:00,2024-01-28T13:30:00,1706448600.0,0.4,16.0,135.0,3.8,2.0,Overcast clouds,c04d,804.0,4951257.0,Somerville,US,42.3876,-71.0995,MA,994971-99999,America/New_York
2024-01-28 08:45:00,-60.0,42.17629047419419,90.0,59.99999999999999,1.0,133.2,100.0,1.5,67.0,595.0,14.8,217.0,d,0.0,1014.0,2.1,90.0,1016.0,0.0,89.0,3.0,2024-01-28T08:45:00,2024-01-28T13:45:00,1706449500.0,0.5,16.0,140.0,4.1,2.0,Overcast clouds,c04d,804.0,4951257.0,Somerville,US,42.3876,-71.0995,MA,994971-99999,America/New_York
2024-01-28 09:00:00,-60.0,43.9168132372975,90.0,59.99999999999999,1.0,136.1,100.0,1.5,73.0,646.0,17.0,254.0,d,0.0,1014.0,2.1,90.0,1016.0,0.0,98.0,3.0,2024-01-28T09:00:00,2024-01-28T14:00:00,1706450400.0,0.5,16.0,146.0,4.4,2.0,Overcast clouds,c04d,804.0,4951257.0,Somerville,US,42.3876,-71.0995,MA,994971-99999,America/New_York
2024-01-28 09:15:00,-60.0,45.88559475759276,90.0,59.99999999999999,0.8,139.5,100.0,1.4,77.0,669.0,18.6,285.0,d,1.0,1014.0,2.1,89.0,1016.0,0.0,106.0,3.0,2024-01-28T09:15:00,2024-01-28T14:15:00,1706451300.0,0.5,16.0,138.0,4.6,2.2,Light rain,r01d,500.0,4951257.0,Somerville,US,42.3876,-71.0995,MA,994971-99999,America/New_York
2024-01-28 09:30:00,-58.27382330514952,48.031463424761576,90.0,58.27382330514952,0.6,142.8,100.0,1.2,80.0,693.0,20.3,316.0,d,1.0,1015.0,2.1,88.0,1017.0,0.0,112.0,3.0,2024-01-28T09:30:00,2024-01-28T14:30:00,1706452200.0,0.6,10.0,131.0,4.8,2.4,Light rain,r01d,500.0,4951257.0,Somerville,US,42.3876,-71.0995,MA,994971-99999,America/New_York
2024-01-28 09:45:00,-53.87970734331595,50.12654759168645,90.0,53.87970734331594,0.4,146.2,100.0,0.9,83.0,717.0,22.0,347.0,d,1.0,1015.0,2.1,86.0,1017.0,0.0,118.0,3.0,2024-01-28T09:45:00,2024-01-28T14:45:00,1706453100.0,0.6,10.0,124.0,5.0,2.6,Light rain,r01d,500.0,4951257.0,Somerville,US,42.3876,-71.0995,MA,994971-99999,America/New_York
2024-01-28 10:00:00,-49.16197629151058,52.103016105451346,90.0,49.16197629151058,0.3,149.5,100.0,0.7,87.0,741.0,23.7,378.0,d,1.0,1015.0,2.1,85.0,1017.0,0.0,125.0,3.0,2024-01-28T10:00:00,2024-01-28T15:00:00,1706454000.0,0.6,10.0,116.0,5.2,2.8,Light rain,r01d,500.0,4951257.0,Somerville,US,42.3876,-71.0995,MA,994971-99999,America/New_York
2024-01-28 10:15:00,-44.08858708021769,53.93811173431395,90.0,44.08858708021769,0.1,153.3,100.0,0.8,89.0,753.0,24.8,398.0,d,0.0,1014.0,2.1,86.0,1016.0,0.0,129.0,2.9,2024-01-28T10:15:00,2024-01-28T15:15:00,1706454900.0,0.7,10.0,114.0,5.5,2.8,Overcast clouds,c04d,804.0,4951257.0,Somerville,US,42.3876,-71.0995,MA,994971-99999,America/New_York
2024-01-28 10:30:00,-38.63356386616846,55.606254706505304,90.0,38.63356386616846,0.0,157.1,100.0,0.6,90.0,765.0,25.8,417.0,d,4.0,1014.0,2.1,86.0,1016.0,0.0,96.0,2.8,2024-01-28T10:30:00,2024-01-28T15:30:00,1706455800.0,0.7,10.0,111.0,5.8,2.8,Moderate rain,r02d,501.0,4951257.0,Somerville,US,42.3876,-71.0995,MA,994971-99999,America/New_York
2024-01-28 10:45:00,-32.78238992578696,57.07944146416532,90.0,32.78238992578695,-0.2,160.9,100.0,0.7,92.0,776.0,26.9,437.0,d,4.0,1014.0,2.1,87.0,1016.0,0.0,99.0,2.6,2024-01-28T10:45:00,2024-01-28T15:45:00,1706456700.0,0.7,10.0,108.0,6.1,2.8,Moderate rain,r02d,501.0,4951257.0,Somerville,US,42.3876,-71.0995,MA,994971-99999,America/New_York
2024-01-28 11:00:00,-26.538631029612922,58.328196831607215,90.00000085377364,26.538631029612926,-0.3,164.6,100.0,0.7,94.0,788.0,28.0,457.0,d,5.0,1013.0,2.1,88.0,1015.0,0.0,93.0,2.5,2024-01-28T11:00:00,2024-01-28T16:00:00,1706457600.0,0.8,10.0,106.0,6.4,2.8,Moderate rain,r02d,501.0,4951257.0,Somerville,US,42.3876,-71.0995,MA,994971-99999,America/New_York
2024-01-28 11:15:00,-19.93077157149073,59.32322684577751,90.0,19.930771571490723,-0.7,168.7,100.0,0.6,95.0,791.0,28.4,464.0,d,4.0,1013.0,2.1,88.0,1015.0,0.0,103.0,2.4,2024-01-28T11:15:00,2024-01-28T16:15:00,1706458500.0,0.8,10.0,104.0,6.7,3.0,Moderate rain,r02d,501.0,4951257.0,Somerville,US,42.3876,-71.0995,MA,994971-99999,America/New_York
2024-01-28 11:30:00,-13.017292993403267,60.03777447973985,90.00000120741826,13.01729299340327,-1.0,172.7,100.0,0.6,95.0,794.0,28.7,470.0,d,10.0,1012.0,2.1,89.0,1014.0,10.0,48.0,2.3,2024-01-28T11:30:00,2024-01-28T16:30:00,1706459400.0,0.8,10.0,102.0,7.0,3.2,Heavy snow,s03d,602.0,4951257.0,Somerville,US,42.3876,-71.0995,MA,994971-99999,America/New_York
2024-01-28 11:45:00,-5.887403176313308,60.450448638522076,90.0,5.887403176313304,-1.3,176.8,100.0,0.7,96.0,798.0,29.1,477.0,d,6.0,1012.0,2.1,90.0,1014.0,6.0,86.0,2.1,2024-01-28T11:45:00,2024-01-28T16:45:00,1706460300.0,0.8,10.0,100.0,7.3,3.4,Heavy snow,s03d,602.0,4951257.0,Somerville,US,42.3876,-71.0995,MA,994971-99999,America/New_York
2024-01-28 12:00:00,1.3446759755350255,60.54795714534042,269.9999759726798,1.344675975535144,-1.6,180.8,100.0,0.5,96.0,801.0,29.4,483.0,d,3.0,1012.0,2.1,90.0,1014.0,3.0,116.0,2.0,2024-01-28T12:00:00,2024-01-28T17:00:00,1706461200.0,0.8,10.0,98.0,7.6,3.6,Snow,s02d,601.0,4951257.0,Somerville,US,42.3876,-71.0995,MA,994971-99999,America/New_York
2024-01-28 12:15:00,8.551931363707654,60.3270350342688,269.99999704244135,8.551931363707666,-1.4,184.8,100.0,1.0,96.0,797.0,29.0,475.0,d,3.0,1011.0,2.1,92.0,1013.0,3.0,115.0,2.2,2024-01-28T12:15:00,2024-01-28T17:15:00,1706462100.0,0.8,10.0,96.0,7.5,3.7,Snow,s02d,601.0,4951257.0,Somerville,US,42.3876,-71.0995,MA,994971-99999,America/New_York
2024-01-28 12:30:00,15.610509386301631,59.79493769686005,270.0,15.610509386301624,-1.3,188.9,100.0,1.5,95.0,793.0,28.6,468.0,d,2.0,1011.0,2.1,94.0,1013.0,2.0,123.0,2.4,2024-01-28T12:30:00,2024-01-28T17:30:00,1706463000.0,0.8,10.0,95.0,7.4,3.8,Snow,s02d,601.0,4951257.0,Somerville,US,42.3876,-71.0995,MA,994971-99999,America/New_York
2024-01-28 12:45:00,22.414720025697708,58.96834534998341,269.9999982924527,22.41472002569772,-1.1,192.9,100.0,1.8,94.0,789.0,28.2,460.0,d,0.0,1010.0,2.1,95.0,1012.0,0.0,140.0,2.5,2024-01-28T12:45:00,2024-01-28T17:45:00,1706463900.0,0.8,10.0,94.0,7.3,3.9,Overcast clouds,c04d,804.0,4951257.0,Somerville,US,42.3876,-71.0995,MA,994971-99999,America/New_York
2024-01-28 13:00:00,28.886920743253015,57.871044468255704,270.0,28.886920743253015,-1.0,196.9,100.0,2.3,94.0,785.0,27.7,452.0,d,0.0,1010.0,2.1,97.0,1012.0,0.0,139.0,2.7,2024-01-28T13:00:00,2024-01-28T18:00:00,1706464800.0,0.8,10.0,92.0,7.2,4.0,Fog,a05d,741.0,4951257.0,Somerville,US,42.3876,-71.0995,MA,994971-99999,America/New_York
2024-01-28 13:15:00,34.980592655740196,56.53106615741032,269.9999987925817,34.9805926557402,-1.1,200.7,100.0,2.3,92.0,772.0,26.6,431.0,d,2.0,1010.0,2.1,97.0,1012.0,2.0,117.0,2.7,2024-01-28T13:15:00,2024-01-28T18:15:00,1706465700.0,0.7,10.0,90.0,7.4,4.1,Snow,s02d,601.0,4951257.0,Somerville,US,42.3876,-71.0995,MA,994971-99999,America/New_York
2024-01-28 13:30:00,40.6776220244871,54.97800316531848,270.0,40.67762202448711,-1.1,204.4,100.0,2.2,90.0,760.0,25.4,410.0,d,1.0,1009.0,2.1,97.0,1011.0,1.0,131.0,2.7,2024-01-28T13:30:00,2024-01-28T18:30:00,1706466600.0,0.7,10.0,88.0,7.6,4.2,Light snow,s01d,600.0,4951257.0,Somerville,US,42.3876,-71.0995,MA,994971-99999,America/New_York
2024-01-28 13:45:00,45.98225489843869,53.24089997845376,269.99999914622634,45.9822548984387,-1.2,208.1,100.0,2.2,88.0,748.0,24.3,389.0,d,0.0,1009.0,2.1,97.0,1011.0,0.0,127.0,2.7,2024-01-28T13:45:00,2024-01-28T18:45:00,1706467500.0,0.7,10.0,86.0,7.8,4.3,Fog,a05d,741.0,4951257.0,Somerville,US,42.3876,-71.0995,MA,994971-99999,America/New_York
2024-01-28 14:00:00,50.91416325032628,51.3468926013731,270.0,50.91416325032628,-1.3,211.9,100.0,2.2,86.0,735.0,23.2,368.0,d,0.0,1008.0,2.1,97.0,1010.0,0.0,123.0,2.6,2024-01-28T14:00:00,2024-01-28T19:00:00,1706468400.0,0.6,10.0,84.0,8.0,4.4,Fog,a05d,741.0,4951257.0,Somerville,US,42.3876,-71.0995,MA,994971-99999,America/New_York
2024-01-28 14:15:00,55.50222311735392,49.32048102056809,270.0,55.50222311735392,-1.4,215.2,100.0,2.2,82.0,710.0,21.4,336.0,d,1.0,1008.0,2.1,97.0,1010.0,1.0,116.0,2.6,2024-01-28T14:15:00,2024-01-28T19:15:00,1706469300.0,0.6,10.0,80.0,8.1,4.5,Light snow,s01d,600.0,4951257.0,Somerville,US,42.3876,-71.0995,MA,994971-99999,America/New_York
2024-01-28 14:30:00,59.77970121607543,47.18330192543859,270.0,59.77970121607543,-1.4,218.5,100.0,2.2,79.0,684.0,19.7,305.0,d,2.0,1007.0,2.1,97.0,1009.0,2.0,94.0,2.6,2024-01-28T14:30:00,2024-01-28T19:30:00,1706470200.0,0.5,10.0,77.0,8.2,4.6,Snow,s02d,601.0,4951257.0,Somerville,US,42.3876,-71.0995,MA,994971-99999,America/New_York
2024-01-28 14:45:00,60.0,45.07896825854187,270.0,59.99999999999999,-1.5,221.8,100.0,2.2,75.0,659.0,18.0,273.0,d,1.0,1007.0,2.1,97.0,1009.0,1.0,102.0,2.6,2024-01-28T14:45:00,2024-01-28T19:45:00,1706471100.0,0.5,10.0,74.0,8.3,4.7,Light snow,s01d,600.0,4951257.0,Somerville,US,42.3876,-71.0995,MA,994971-99999,America/New_York
2024-01-28 15:00:00,60.0,43.184461045218306,270.0,59.99999999999999,-1.6,225.1,100.0,2.2,72.0,633.0,16.3,241.0,d,0.0,1007.0,2.1,97.0,1009.0,0.0,96.0,2.6,2024-01-28T15:00:00,2024-01-28T20:00:00,1706472000.0,0.5,10.0,70.0,8.4,4.8,Fog,a05d,741.0,4951257.0,Somerville,US,42.3876,-71.0995,MA,994971-99999,America/New_York
2024-01-28 15:15:00,60.0,41.528595373814326,270.0,59.99999999999999,-1.5,228.0,100.0,2.1,65.0,578.0,14.1,204.0,d,1.0,1007.0,2.1,96.0,1009.0,1.0,85.0,2.7,2024-01-28T15:15:00,2024-01-28T20:15:00,1706472900.0,0.4,10.0,68.0,8.6,4.9,Sleet,s05d,611.0,4951257.0,Somerville,US,42.3876,-71.0995,MA,994971-99999,America/New_York
2024-01-28 15:30:00,54.239422744431394,42.19698100902385,270.0,54.2394227444314,-1.4,230.9,100.0,2.2,59.0,524.0,12.0,167.0,d,0.0,1007.0,2.1,96.0,1009.0,0.0,76.0,2.8,2024-01-28T15:30:00,2024-01-28T20:30:00,1706473800.0,0.4,10.0,65.0,8.8,5.0,Overcast clouds,c04d,804.0,4951257.0,Somerville,US,42.3876,-71.0995,MA,994971-99999,America/New_York
2024-01-28 15:45:00,36.12205114691232,52.400339538391236,270.0,36.12205114691232,-1.3,233.8,100.0,2.3,53.0,469.0,9.8,130.0,d,0.0,1006.0,2.1,96.0,1008.0,0.0,66.0,2.9,2024-01-28T15:45:00,2024-01-28T20:45:00,1706474700.0,0.4,10.0,62.0,9.0,5.1,Overcast clouds,c04d,804.0,4951257.0,Somerville,US,42.3876,-71.0995,MA,994971-99999,America/New_York
2024-01-28 16:00:00,25.10992958899024,61.69345209236128,269.9999987925817,25.109929588990248,-1.3,236.8,100.0,2.3,47.0,414.0,7.7,93.0,d,0.0,1006.0,2.1,95.0,1008.0,0.0,56.0,3.0,2024-01-28T16:00:00,2024-01-28T21:00:00,1706475600.0,0.4,10.0,60.0,9.2,5.2,Overcast clouds,c04d,804.0,4951257.0,Somerville,US,42.3876,-71.0995,MA,994971-99999,America/New_York
2024-01-28 16:15:00,16.438087685291066,70.48475815684125,269.99999774112723,16.438087685291077,-1.3,239.3,100.0,2.4,35.0,311.0,5.2,69.0,d,1.0,1006.0,2.1,96.0,1008.0,0.0,42.0,3.0,2024-01-28T16:15:00,2024-01-28T21:15:00,1706476500.0,0.4,10.0,58.0,9.4,5.2,Light rain,r01d,500.0,4951257.0,Somerville,US,42.3876,-71.0995,MA,994971-99999,America/New_York
2024-01-28 16:30:00,8.974805467161858,78.94829450242048,269.99999730013064,8.974805467161868,-1.3,241.9,100.0,2.4,23.0,207.0,2.8,46.0,d,1.0,1006.0,2.1,96.0,1008.0,0.0,28.0,3.0,2024-01-28T16:30:00,2024-01-28T21:30:00,1706477400.0,0.4,10.0,55.0,9.6,5.2,Light rain,r01n,500.0,4951257.0,Somerville,US,42.3876,-71.0995,MA,994971-99999,America/New_York
2024-01-28 16:45:00,2.370699803753979,87.00232650299168,270.0,2.37069980375396,-1.3,244.5,100.0,2.4,12.0,104.0,0.3,23.0,d,0.0,1005.0,2.1,96.0,1007.0,0.0,14.0,3.0,2024-01-28T16:45:00,2024-01-28T21:45:00,1706478300.0,0.4,10.0,52.0,9.8,5.2,Overcast clouds,c04n,804.0,4951257.0,Somerville,US,42.3876,-71.0995,MA,994971-99999,America/New_York
2024-01-28 17:00:00,,,,,-1.3,247.1,100.0,2.6,0.0,0.0,-2.1,0.0,n,0.0,1005.0,2.1,97.0,1007.0,0.0,0.0,3.0,2024-01-28T17:00:00,2024-01-28T22:00:00,1706479200.0,0.0,10.0,50.0,10.0,5.2,Fog,a05n,741.0,4951257.0,Somerville,US,42.3876,-71.0995,MA,994971-99999,America/New_York
2024-01-28 17:15:00,,,,,-1.4,249.6,100.0,2.5,0.0,0.0,-4.7,0.0,n,0.0,1005.0,2.1,97.0,1007.0,0.0,0.0,3.0,2024-01-28T17:15:00,2024-01-28T22:15:00,1706480100.0,0.0,10.0,48.0,10.1,5.3,Fog,a05n,741.0,4951257.0,Somerville,US,42.3876,-71.0995,MA,994971-99999,America/New_York
2024-01-28 17:30:00,,,,,-1.5,252.0,100.0,2.5,0.0,0.0,-7.4,0.0,n,3.0,1005.0,2.1,97.0,1007.0,0.0,0.0,2.9,2024-01-28T17:30:00,2024-01-28T22:30:00,1706481000.0,0.0,10.0,46.0,10.2,5.4,Light rain,r01n,500.0,4951257.0,Somerville,US,42.3876,-71.0995,MA,994971-99999,America/New_York
2024-01-28 17:45:00,,,,,-1.6,254.4,100.0,2.4,0.0,0.0,-10.0,0.0,n,1.0,1005.0,2.1,97.0,1007.0,0.0,0.0,2.8,2024-01-28T17:45:00,2024-01-28T22:45:00,1706481900.0,0.0,10.0,44.0,10.3,5.5,Light rain,r01n,500.0,4951257.0,Somerville,US,42.3876,-71.0995,MA,994971-99999,America/New_York
2024-01-28 18:00:00,,,,,-1.7,256.8,100.0,2.4,0.0,0.0,-12.6,0.0,n,0.0,1005.0,2.1,97.0,1007.0,0.0,0.0,2.8,2024-01-28T18:00:00,2024-01-28T23:00:00,1706482800.0,0.0,10.0,42.0,10.4,5.6,Fog,a05n,741.0,4951257.0,Somerville,US,42.3876,-71.0995,MA,994971-99999,America/New_York
2024-01-28 18:15:00,,,,,-1.9,259.2,100.0,2.2,0.0,0.0,-15.4,0.0,n,0.0,1004.0,2.1,97.0,1006.0,0.0,0.0,2.6,2024-01-28T18:15:00,2024-01-28T23:15:00,1706483700.0,0.0,10.0,40.0,10.6,5.7,Fog,a05n,741.0,4951257.0,Somerville,US,42.3876,-71.0995,MA,994971-99999,America/New_York
2024-01-28 18:30:00,,,,,-2.2,261.7,100.0,2.1,0.0,0.0,-18.1,0.0,n,2.0,1004.0,2.1,97.0,1006.0,0.0,0.0,2.5,2024-01-28T18:30:00,2024-01-28T23:30:00,1706484600.0,0.0,10.0,38.0,10.8,5.8,Light rain,r01n,500.0,4951257.0,Somerville,US,42.3876,-71.0995,MA,994971-99999,America/New_York
2024-01-28 18:45:00,,,,,-2.4,264.1,100.0,1.9,0.0,0.0,-20.8,0.0,n,1.0,1004.0,2.1,97.0,1006.0,0.0,0.0,2.4,2024-01-28T18:45:00,2024-01-28T23:45:00,1706485500.0,0.0,10.0,36.0,11.0,5.9,Light rain,r01n,500.0,4951257.0,Somerville,US,42.3876,-71.0995,MA,994971-99999,America/New_York
2024-01-28 19:00:00,,,,,-2.7,266.5,100.0,1.8,0.0,0.0,-23.6,0.0,n,0.0,1004.0,2.1,97.0,1006.0,0.0,0.0,2.2,2024-01-28T19:00:00,2024-01-29T00:00:00,1706486400.0,0.0,10.0,34.0,11.2,6.0,Fog,a05n,741.0,4951257.0,Somerville,US,42.3876,-71.0995,MA,994971-99999,America/New_York
2024-01-28 19:15:00,,,,,-2.9,269.0,100.0,1.6,0.0,0.0,-26.3,0.0,n,0.0,1004.0,2.1,97.0,1006.0,0.0,0.0,2.0,2024-01-28T19:15:00,2024-01-29T00:15:00,1706487300.0,0.0,10.0,32.0,11.4,6.1,Fog,a05n,741.0,4951257.0,Somerville,US,42.3876,-71.0995,MA,994971-99999,America/New_York
2024-01-28 19:30:00,,,,,-3.1,271.6,100.0,1.5,0.0,0.0,-29.1,0.0,n,1.0,1004.0,2.1,97.0,1006.0,0.0,0.0,1.9,2024-01-28T19:30:00,2024-01-29T00:30:00,1706488200.0,0.0,10.0,30.0,11.6,6.2,Light rain,r01n,500.0,4951257.0,Somerville,US,42.3876,-71.0995,MA,994971-99999,America/New_York
2024-01-28 19:45:00,,,,,-3.4,274.2,100.0,1.3,0.0,0.0,-31.9,0.0,n,2.0,1004.0,2.1,97.0,1006.0,0.0,0.0,1.8,2024-01-28T19:45:00,2024-01-29T00:45:00,1706489100.0,0.0,10.0,28.0,11.8,6.3,Light rain,r01n,500.0,4951257.0,Somerville,US,42.3876,-71.0995,MA,994971-99999,America/New_York
2024-01-28 20:00:00,,,,,-3.6,276.8,100.0,1.2,0.0,0.0,-34.6,0.0,n,1.0,1004.0,2.1,97.0,1006.0,1.0,0.0,1.6,2024-01-28T20:00:00,2024-01-29T01:00:00,1706490000.0,0.0,10.0,26.0,12.0,6.4,Light snow,s01n,600.0,4951257.0,Somerville,US,42.3876,-71.0995,MA,994971-99999,America/New_York
2024-01-28 20:15:00,,,,,-3.8,279.8,100.0,1.1,0.0,0.0,-37.3,0.0,n,5.0,1003.0,2.1,97.0,1005.0,5.0,0.0,1.5,2024-01-28T20:15:00,2024-01-29T01:15:00,1706490900.0,0.0,10.0,26.0,12.2,6.6,Heavy snow,s03n,602.0,4951257.0,Somerville,US,42.3876,-71.0995,MA,994971-99999,America/New_York
2024-01-28 20:30:00,,,,,-4.0,282.9,100.0,1.0,0.0,0.0,-40.0,0.0,n,5.0,1003.0,2.1,97.0,1005.0,5.0,0.0,1.4,2024-01-28T20:30:00,2024-01-29T01:30:00,1706491800.0,0.0,10.0,26.0,12.4,6.8,Heavy sleet,s05n,612.0,4951257.0,Somerville,US,42.3876,-71.0995,MA,994971-99999,America/New_York
2024-01-28 20:45:00,,,,,-4.2,286.0,100.0,0.9,0.0,0.0,-42.7,0.0,n,1.0,1003.0,2.1,97.0,1005.0,1.0,0.0,1.4,2024-01-28T20:45:00,2024-01-29T01:45:00,1706492700.0,0.0,10.0,26.0,12.6,7.0,Sleet,s05n,611.0,4951257.0,Somerville,US,42.3876,-71.0995,MA,994971-99999,America/New_York
2024-01-28 21:00:00,,,,,-4.3,289.0,100.0,0.9,0.0,0.0,-45.4,0.0,n,2.0,1002.0,2.1,97.0,1004.0,2.0,0.0,1.3,2024-01-28T21:00:00,2024-01-29T02:00:00,1706493600.0,0.0,10.0,26.0,12.8,7.2,Sleet,s05n,611.0,4951257.0,Somerville,US,42.3876,-71.0995,MA,994971-99999,America/New_York
2024-01-28 21:15:00,,,,,-4.4,293.1,100.0,0.8,0.0,0.0,-47.9,0.0,n,3.0,1002.0,2.1,97.0,1004.0,3.0,0.0,1.3,2024-01-28T21:15:00,2024-01-29T02:15:00,1706494500.0,0.0,10.0,26.0,12.9,7.3,Mix snow/rain,s04n,610.0,4951257.0,Somerville,US,42.3876,-71.0995,MA,994971-99999,America/New_York
2024-01-28 21:30:00,,,,,-4.5,297.1,100.0,0.8,0.0,0.0,-50.4,0.0,n,2.0,1002.0,2.1,97.0,1004.0,8.0,0.0,1.2,2024-01-28T21:30:00,2024-01-29T02:30:00,1706495400.0,0.0,10.0,26.0,13.0,7.4,Snow,s02n,601.0,4951257.0,Somerville,US,42.3876,-71.0995,MA,994971-99999,America/New_York
2024-01-28 21:45:00,,,,,-4.6,301.2,98.0,0.7,0.0,0.0,-52.8,0.0,n,1.0,1002.0,2.1,97.0,1004.0,4.0,0.0,1.1,2024-01-28T21:45:00,2024-01-29T02:45:00,1706496300.0,0.0,10.0,26.0,13.1,7.5,Light snow,s01n,600.0,4951257.0,Somerville,US,42.3876,-71.0995,MA,994971-99999,America/New_York
2024-01-28 22:00:00,,,,,-4.7,305.3,98.0,0.7,0.0,0.0,-55.3,0.0,n,1.0,1002.0,2.1,97.0,1004.0,4.0,0.0,1.1,2024-01-28T22:00:00,2024-01-29T03:00:00,1706497200.0,0.0,10.0,26.0,13.2,7.6,Light snow,s01n,600.0,4951257.0,Somerville,US,42.3876,-71.0995,MA,994971-99999,America/New_York
2024-01-28 22:15:00,,,,,-4.6,311.2,100.0,0.7,0.0,0.0,-57.2,0.0,n,2.0,1002.0,2.1,97.0,1004.0,8.0,0.0,1.2,2024-01-28T22:15:00,2024-01-29T03:15:00,1706498100.0,0.0,10.0,26.0,13.2,7.5,Snow,s02n,601.0,4951257.0,Somerville,US,42.3876,-71.0995,MA,994971-99999,America/New_York
2024-01-28 22:30:00,,,,,-4.5,317.2,100.0,0.8,0.0,0.0,-59.1,0.0,n,4.0,1001.0,2.1,97.0,1003.0,16.0,0.0,1.3,2024-01-28T22:30:00,2024-01-29T03:30:00,1706499000.0,0.0,10.0,26.0,13.2,7.4,Heavy snow,s03n,602.0,4951257.0,Somerville,US,42.3876,-71.0995,MA,994971-99999,America/New_York
2024-01-28 22:45:00,,,,,-4.3,323.1,100.0,0.9,0.0,0.0,-61.0,0.0,n,3.0,1001.0,2.1,97.0,1003.0,12.0,0.0,1.3,2024-01-28T22:45:00,2024-01-29T03:45:00,1706499900.0,0.0,10.0,26.0,13.2,7.3,Snow,s02n,601.0,4951257.0,Somerville,US,42.3876,-71.0995,MA,994971-99999,America/New_York
2024-01-28 23:00:00,,,,,-4.2,329.0,100.0,1.0,0.0,0.0,-62.9,0.0,n,2.0,1001.0,2.1,97.0,1003.0,8.0,0.0,1.4,2024-01-28T23:00:00,2024-01-29T04:00:00,1706500800.0,0.0,10.0,26.0,9.8,7.2,Snow,s02n,601.0,4951257.0,Somerville,US,42.3876,-71.0995,MA,994971-99999,America/New_York
2024-01-28 23:15:00,,,,,-4.2,247.2,100.0,0.9,0.0,0.0,-63.6,0.0,n,2.0,1001.0,2.1,97.0,1003.0,8.0,0.0,1.4,2024-01-28T23:15:00,2024-01-29T04:15:00,1706501700.0,0.0,10.0,26.0,13.2,7.1,Snow,s02n,601.0,4951257.0,Somerville,US,42.3876,-71.0995,MA,994971-99999,America/New_York
2024-01-28 23:30:00,,,,,-4.2,165.3,100.0,0.9,0.0,0.0,-64.3,0.0,n,2.0,1001.0,2.1,97.0,1003.0,2.0,0.0,1.4,2024-01-28T23:30:00,2024-01-29T04:30:00,1706502600.0,0.0,10.0,25.0,13.2,7.0,Mix snow/rain,s04n,610.0,4951257.0,Somerville,US,42.3876,-71.0995,MA,994971-99999,America/New_York
2024-01-28 23:45:00,,,,,-4.2,83.5,100.0,0.9,0.0,0.0,-65.0,0.0,n,2.0,1001.0,2.1,97.0,1003.0,2.0,0.0,1.3,2024-01-28T23:45:00,2024-01-29T04:45:00,1706503500.0,0.0,10.0,24.0,13.2,6.9,Mix snow/rain,s04n,610.0,4951257.0,Somerville,US,42.3876,-71.0995,MA,994971-99999,America/New_York
2024-01-29 00:00:00,,,,,-4.2,1.6,100.0,0.9,0.0,0.0,-65.7,0.0,n,1.0,1001.0,2.1,97.0,1003.0,1.0,0.0,1.3,2024-01-29T00:00:00,2024-01-29T05:00:00,1706504400.0,0.0,10.0,24.0,13.2,6.8,Mix snow/rain,s04n,610.0,4951257.0,Somerville,US,42.3876,-71.0995,MA,994971-99999,America/New_York
2024-01-29 00:15:00,,,,,-4.2,9.6,100.0,0.7,0.0,0.0,-64.9,0.0,n,2.0,1001.0,2.1,96.0,1003.0,2.0,0.0,1.3,2024-01-29T00:15:00,2024-01-29T05:15:00,1706505300.0,0.0,10.0,23.0,13.1,6.8,Mix snow/rain,s04n,610.0,4951257.0,Somerville,US,42.3876,-71.0995,MA,994971-99999,America/New_York
2024-01-29 00:30:00,,,,,-4.2,17.6,100.0,0.7,0.0,0.0,-64.0,0.0,n,2.0,1001.0,2.1,96.0,1003.0,8.0,0.0,1.3,2024-01-29T00:30:00,2024-01-29T05:30:00,1706506200.0,0.0,10.0,22.0,13.0,6.8,Snow,s02n,601.0,4951257.0,Somerville,US,42.3876,-71.0995,MA,994971-99999,America/New_York
2024-01-29 00:45:00,,,,,-4.3,25.6,100.0,0.7,0.0,0.0,-63.1,0.0,n,1.0,1001.0,2.1,96.0,1003.0,4.0,0.0,1.2,2024-01-29T00:45:00,2024-01-29T05:45:00,1706507100.0,0.0,10.0,21.0,12.9,6.8,Light snow,s01n,600.0,4951257.0,Somerville,US,42.3876,-71.0995,MA,994971-99999,America/New_York
2024-01-29 01:00:00,,,,,-4.3,33.6,100.0,0.5,0.0,0.0,-62.3,0.0,n,1.0,1001.0,2.1,95.0,1003.0,4.0,0.0,1.2,2024-01-29T01:00:00,2024-01-29T06:00:00,1706508000.0,0.0,10.0,20.0,12.8,6.8,Light snow,s01n,600.0,4951257.0,Somerville,US,42.3876,-71.0995,MA,994971-99999,America/New_York
2024-01-29 01:15:00,,,,,-4.4,39.3,100.0,0.4,0.0,0.0,-60.3,0.0,n,1.0,1001.0,2.1,95.0,1003.0,4.0,0.0,1.1,2024-01-29T01:15:00,2024-01-29T06:15:00,1706508900.0,0.0,10.0,19.0,11.3,6.8,Light snow,s01n,600.0,4951257.0,Somerville,US,42.3876,-71.0995,MA,994971-99999,America/New_York
2024-01-29 01:30:00,,,,,-4.4,45.0,100.0,0.4,0.0,0.0,-58.3,0.0,n,1.0,1001.0,2.1,95.0,1003.0,4.0,0.0,1.1,2024-01-29T01:30:00,2024-01-29T06:30:00,1706509800.0,0.0,10.0,18.0,12.6,6.8,Light snow,s01n,600.0,4951257.0,Somerville,US,42.3876,-71.0995,MA,994971-99999,America/New_York
2024-01-29 01:45:00,,,,,-4.5,50.8,100.0,0.3,0.0,0.0,-56.4,0.0,n,3.0,1001.0,2.1,95.0,1003.0,12.0,0.0,1.1,2024-01-29T01:45:00,2024-01-29T06:45:00,1706510700.0,0.0,10.0,17.0,12.5,6.8,Snow,s02n,601.0,4951257.0,Somerville,US,42.3876,-71.0995,MA,994971-99999,America/New_York
2024-01-29 02:00:00,,,,,-4.5,56.5,100.0,0.3,0.0,0.0,-54.4,0.0,n,2.0,1001.0,2.1,95.0,1003.0,14.0,0.0,1.0,2024-01-29T02:00:00,2024-01-29T07:00:00,1706511600.0,0.0,10.0,16.0,12.4,6.8,Snow,s02n,601.0,4951257.0,Somerville,US,42.3876,-71.0995,MA,994971-99999,America/New_York
2024-01-29 02:15:00,,,,,-4.6,60.4,100.0,0.4,0.0,0.0,-51.9,0.0,n,1.0,1001.0,2.1,96.0,1003.0,7.0,0.0,1.0,2024-01-29T02:15:00,2024-01-29T07:15:00,1706512500.0,0.0,10.0,15.0,12.4,6.9,Light snow,s01n,600.0,4951257.0,Somerville,US,42.3876,-71.0995,MA,994971-99999,America/New_York
2024-01-29 02:30:00,,,,,-4.7,64.3,100.0,0.4,0.0,0.0,-49.4,0.0,n,1.0,1001.0,2.1,96.0,1003.0,7.0,0.0,0.9,2024-01-29T02:30:00,2024-01-29T07:30:00,1706513400.0,0.0,10.0,14.0,12.4,7.0,Light snow,s01n,600.0,4951257.0,Somerville,US,42.3876,-71.0995,MA,994971-99999,America/New_York
2024-01-29 02:45:00,,,,,-4.8,68.3,100.0,0.4,0.0,0.0,-46.9,0.0,n,1.0,1001.0,2.1,96.0,1003.0,7.0,0.0,0.9,2024-01-29T02:45:00,2024-01-29T07:45:00,1706514300.0,0.0,10.0,13.0,12.4,7.1,Light snow,s01n,600.0,4951257.0,Somerville,US,42.3876,-71.0995,MA,994971-99999,America/New_York
2024-01-29 03:00:00,,,,,-4.8,72.2,100.0,0.5,0.0,0.0,-44.4,0.0,n,0.0,1001.0,2.1,97.0,1003.0,0.0,0.0,0.9,2024-01-29T03:00:00,2024-01-29T08:00:00,1706515200.0,0.0,10.0,12.0,12.4,7.2,Fog,a05n,741.0,4951257.0,Somerville,US,42.3876,-71.0995,MA,994971-99999,America/New_York
2024-01-29 03:15:00,,,,,-4.8,75.2,100.0,0.5,0.0,0.0,-41.7,0.0,n,0.0,1001.0,2.1,97.0,1003.0,0.0,0.0,0.9,2024-01-29T03:15:00,2024-01-29T08:15:00,1706516100.0,0.0,10.0,12.0,12.5,7.2,Fog,a05n,741.0,4951257.0,Somerville,US,42.3876,-71.0995,MA,994971-99999,America/New_York
2024-01-29 03:30:00,,,,,-4.8,78.2,100.0,0.5,0.0,0.0,-39.0,0.0,n,0.0,1001.0,2.1,97.0,1003.0,0.0,0.0,0.9,2024-01-29T03:30:00,2024-01-29T08:30:00,1706517000.0,0.0,10.0,11.0,12.6,7.2,Fog,a05n,741.0,4951257.0,Somerville,US,42.3876,-71.0995,MA,994971-99999,America/New_York
2024-01-29 03:45:00,,,,,-4.8,81.2,100.0,0.5,0.0,0.0,-36.3,0.0,n,0.0,1001.0,2.1,97.0,1003.0,0.0,0.0,1.0,2024-01-29T03:45:00,2024-01-29T08:45:00,1706517900.0,0.0,10.0,10.0,12.7,7.2,Fog,a05n,741.0,4951257.0,Somerville,US,42.3876,-71.0995,MA,994971-99999,America/New_York
2024-01-29 04:00:00,,,,,-4.7,84.2,100.0,0.6,0.0,0.0,-33.5,0.0,n,1.0,1001.0,2.1,97.0,1003.0,7.0,0.0,1.0,2024-01-29T04:00:00,2024-01-29T09:00:00,1706518800.0,0.0,10.0,10.0,12.8,7.2,Light snow,s01n,600.0,4951257.0,Somerville,US,42.3876,-71.0995,MA,994971-99999,America/New_York
2024-01-29 04:15:00,,,,,-4.7,86.7,100.0,0.2,0.0,0.0,-30.8,0.0,n,1.0,1001.0,2.1,95.0,1003.0,7.0,0.0,0.9,2024-01-29T04:15:00,2024-01-29T09:15:00,1706519700.0,0.0,10.0,8.0,12.8,7.1,Light snow,s01n,600.0,4951257.0,Somerville,US,42.3876,-71.0995,MA,994971-99999,America/New_York
2024-01-29 04:30:00,,,,,-4.8,89.3,100.0,0.0,0.0,0.0,-28.0,0.0,n,1.0,1001.0,2.1,94.0,1003.0,7.0,0.0,0.9,2024-01-29T04:30:00,2024-01-29T09:30:00,1706520600.0,0.0,10.0,5.0,12.8,7.0,Light snow,s01n,600.0,4951257.0,Somerville,US,42.3876,-71.0995,MA,994971-99999,America/New_York
2024-01-29 04:45:00,,,,,-4.8,91.8,100.0,-0.3,0.0,0.0,-25.2,0.0,n,1.0,1001.0,2.1,92.0,1003.0,7.0,0.0,0.8,2024-01-29T04:45:00,2024-01-29T09:45:00,1706521500.0,0.0,10.0,2.0,12.8,6.9,Light snow,s01n,600.0,4951257.0,Somerville,US,42.3876,-71.0995,MA,994971-99999,America/New_York
2024-01-29 05:00:00,,,,,-4.8,94.4,100.0,-0.6,0.0,0.0,-22.5,0.0,n,0.0,1001.0,2.1,90.0,1003.0,0.0,0.0,0.8,2024-01-29T05:00:00,2024-01-29T10:00:00,1706522400.0,0.0,10.0,0.0,12.8,6.8,Overcast clouds,c04n,804.0,4951257.0,Somerville,US,42.3876,-71.0995,MA,994971-99999,America/New_York
2024-01-29 05:15:00,,,,,-4.8,96.8,100.0,-0.8,0.0,0.0,-19.7,0.0,n,0.0,1001.0,2.1,89.0,1003.0,0.0,0.0,0.8,2024-01-29T05:15:00,2024-01-29T10:15:00,1706523300.0,0.0,10.0,0.0,12.8,6.9,Overcast clouds,c04n,804.0,4951257.0,Somerville,US,42.3876,-71.0995,MA,994971-99999,America/New_York
2024-01-29 05:30:00,,,,,-4.8,99.2,100.0,-0.9,0.0,0.0,-17.0,0.0,n,0.0,1001.0,2.1,88.0,1003.0,0.0,0.0,0.8,2024-01-29T05:30:00,2024-01-29T10:30:00,1706524200.0,0.0,10.0,1.0,12.8,7.0,Overcast clouds,c04n,804.0,4951257.0,Somerville,US,42.3876,-71.0995,MA,994971-99999,America/New_York
2024-01-29 05:45:00,,,,,-4.8,101.6,99.0,-0.9,0.0,0.0,-14.3,0.0,n,1.0,1001.0,2.1,88.0,1003.0,7.0,0.0,0.9,2024-01-29T05:45:00,2024-01-29T10:45:00,1706525100.0,0.0,10.0,2.0,12.8,7.1,Light snow,s01n,600.0,4951257.0,Somerville,US,42.3876,-71.0995,MA,994971-99999,America/New_York
2024-01-29 06:00:00,,,,,-4.8,104.0,99.0,-1.0,0.0,0.0,-11.5,0.0,n,0.0,1002.0,2.1,87.0,1004.0,0.0,0.0,0.9,2024-01-29T06:00:00,2024-01-29T11:00:00,1706526000.0,0.0,10.0,2.0,9.8,7.2,Overcast clouds,c04n,804.0,4951257.0,Somerville,US,42.3876,-71.0995,MA,994971-99999,America/New_York
2024-01-29 06:15:00,,,,,-4.9,106.4,99.0,-1.0,0.0,0.0,-8.9,0.0,n,0.0,1002.0,2.1,87.0,1004.0,0.0,0.0,0.9,2024-01-29T06:15:00,2024-01-29T11:15:00,1706526900.0,0.0,10.0,2.0,12.7,7.2,Overcast clouds,c04n,804.0,4951257.0,Somerville,US,42.3876,-71.0995,MA,994971-99999,America/New_York
2024-01-29 06:30:00,,,,,-4.9,108.8,99.0,-1.1,0.0,0.0,-6.3,0.0,n,0.0,1002.0,2.1,87.0,1004.0,0.0,0.0,0.8,2024-01-29T06:30:00,2024-01-29T11:30:00,1706527800.0,0.0,10.0,2.0,12.6,7.2,Overcast clouds,c04n,804.0,4951257.0,Somerville,US,42.3876,-71.0995,MA,994971-99999,America/New_York
2024-01-29 06:45:00,,,,,-4.9,111.3,99.0,-1.1,0.0,0.0,-3.7,0.0,n,0.0,1002.0,2.1,87.0,1004.0,0.0,0.0,0.8,2024-01-29T06:45:00,2024-01-29T11:45:00,1706528700.0,0.0,10.0,2.0,12.5,7.2,Overcast clouds,c04n,804.0,4951257.0,Somerville,US,42.3876,-71.0995,MA,994971-99999,America/New_York
2024-01-29 07:00:00,,,,,-5.0,113.7,99.0,-1.1,0.0,0.0,-1.0,0.0,n,0.0,1002.0,2.1,87.0,1004.0,0.0,0.0,0.8,2024-01-29T07:00:00,2024-01-29T12:00:00,1706529600.0,0.0,10.0,2.0,9.8,7.2,Overcast clouds,c04n,804.0,4951257.0,Somerville,US,42.3876,-71.0995,MA,994971-99999,America/New_York
2024-01-29 07:15:00,-4.935248000492464,83.80757351593205,90.0,4.935248000492462,-5.0,116.3,98.0,-1.1,13.0,112.0,1.4,27.0,d,0.0,1002.0,2.1,87.0,1004.0,0.0,17.0,0.8,2024-01-29T07:15:00,2024-01-29T12:15:00,1706530500.0,0.4,10.0,91.0,9.8,7.2,Overcast clouds,c04n,804.0,4951257.0,Somerville,US,42.3876,-71.0995,MA,994971-99999,America/New_York
2024-01-29 07:30:00,-11.891904851430823,75.51775490406791,90.00000269986933,11.891904851430835,-5.0,118.9,98.0,-1.1,25.0,224.0,3.8,54.0,d,0.0,1003.0,2.1,87.0,1005.0,0.0,34.0,0.8,2024-01-29T07:30:00,2024-01-29T12:30:00,1706531400.0,0.4,16.0,180.0,12.6,7.2,Overcast clouds,c04d,804.0,4951257.0,Somerville,US,42.3876,-71.0995,MA,994971-99999,America/New_York
2024-01-29 07:45:00,-19.78038884482372,66.89084836574611,90.0,19.78038884482371,-5.0,121.6,98.0,-1.1,38.0,337.0,6.2,82.0,d,0.0,1003.0,2.1,87.0,1005.0,0.0,51.0,0.8,2024-01-29T07:45:00,2024-01-29T12:45:00,1706532300.0,0.4,16.0,269.0,12.7,7.2,Overcast clouds,c04d,804.0,4951257.0,Somerville,US,42.3876,-71.0995,MA,994971-99999,America/New_York
2024-01-29 08:00:00,-29.202868582590007,57.87848023729651,90.0,29.202868582590007,-5.0,124.2,97.0,-1.1,50.0,449.0,8.7,109.0,d,0.0,1003.0,2.1,87.0,1005.0,0.0,71.0,0.8,2024-01-29T08:00:00,2024-01-29T13:00:00,1706533200.0,0.4,16.0,358.0,12.8,7.2,Overcast clouds,c04d,804.0,4951257.0,Somerville,US,42.3876,-71.0995,MA,994971-99999,America/New_York
2024-01-29 08:15:00,-41.98309678760323,48.21715629176535,90.0,41.98309678760323,-4.9,127.1,96.0,-1.1,56.0,499.0,10.8,146.0,d,0.0,1003.0,2.1,87.0,1005.0,0.0,88.0,0.8,2024-01-29T08:15:00,2024-01-29T13:15:00,1706534100.0,0.5,16.0,358.0,12.8,7.2,Overcast clouds,c04d,804.0,4951257.0,Somerville,US,42.3876,-71.0995,MA,994971-99999,America/New_York
2024-01-29 08:30:00,-60.0,40.43121639177545,90.0,59.99999999999999,-4.9,130.1,94.0,-1.1,62.0,549.0,12.9,183.0,d,0.0,1004.0,2.1,87.0,1006.0,0.0,112.0,0.8,2024-01-29T08:30:00,2024-01-29T13:30:00,1706535000.0,0.5,16.0,358.0,12.8,7.2,Overcast clouds,c04d,804.0,4951257.0,Somerville,US,42.3876,-71.0995,MA,994971-99999,America/New_York
2024-01-29 08:45:00,-60.0,41.92054512839392,90.0,59.99999999999999,-4.9,133.0,92.0,-1.0,68.0,599.0,15.0,220.0,d,0.0,1004.0,2.1,87.0,1006.0,0.0,71.0,0.9,2024-01-29T08:45:00,2024-01-29T13:45:00,1706535900.0,0.5,16.0,358.0,12.8,7.2,Overcast clouds,c04d,804.0,4951257.0,Somerville,US,42.3876,-71.0995,MA,994971-99999,America/New_York
2024-01-29 09:00:00,-60.0,43.66814962483678,90.0,59.99999999999999,-4.8,135.9,91.0,-1.0,74.0,649.0,17.2,258.0,d,0.0,1004.0,2.1,87.0,1006.0,0.0,89.0,0.9,2024-01-29T09:00:00,2024-01-29T14:00:00,1706536800.0,0.6,16.0,358.0,9.8,7.2,Overcast clouds,c04d,804.0,4951257.0,Somerville,US,42.3876,-71.0995,MA,994971-99999,America/New_York
2024-01-29 09:15:00,-60.0,45.64485398065045,90.0,59.99999999999999,-4.7,139.3,92.0,-1.0,77.0,673.0,18.8,289.0,d,0.0,1004.0,2.1,86.0,1006.0,0.0,93.0,1.1,2024-01-29T09:15:00,2024-01-29T14:15:00,1706537700.0,0.6,16.0,269.0,9.8,7.4,Overcast clouds,c04d,804.0,4951257.0,Somerville,US,42.3876,-71.0995,MA,994971-99999,America/New_York
2024-01-29 09:30:00,-58.0877226981065,47.7935722983918,90.0,58.0877226981065,-4.6,142.7,92.0,-0.9,80.0,696.0,20.5,320.0,d,0.0,1005.0,2.1,86.0,1007.0,0.0,103.0,1.2,2024-01-29T09:30:00,2024-01-29T14:30:00,1706538600.0,0.7,16.0,180.0,13.6,7.6,Overcast clouds,c04d,804.0,4951257.0,Somerville,US,42.3876,-71.0995,MA,994971-99999,America/New_York
2024-01-29 09:45:00,-53.69948399202558,49.88410553193221,90.00000085377364,53.699483992025584,-4.5,146.0,93.0,-0.7,84.0,720.0,22.2,351.0,d,0.0,1005.0,2.1,86.0,1007.0,0.0,104.0,1.4,2024-01-29T09:45:00,2024-01-29T14:45:00,1706539500.0,0.7,16.0,91.0,14.0,7.8,Overcast clouds,c04d,804.0,4951257.0,Somerville,US,42.3876,-71.0995,MA,994971-99999,America/New_York
2024-01-29 10:00:00,-48.991116803765316,51.85571287540496,90.0,48.991116803765316,-4.4,149.4,94.0,-0.7,87.0,744.0,23.9,382.0,d,0.0,1005.0,2.1,85.0,1007.0,0.0,103.0,1.5,2024-01-29T10:00:00,2024-01-29T15:00:00,1706540400.0,0.7,16.0,2.0,9.3,8.0,Overcast clouds,c04d,804.0,4951257.0,Somerville,US,42.3876,-71.0995,MA,994971-99999,America/New_York
2024-01-29 10:15:00,-43.93146531869773,53.68579338146752,90.00000085377364,43.93146531869774,-4.2,153.2,95.0,-0.8,89.0,755.0,25.0,402.0,d,0.0,1005.0,2.1,84.0,1007.0,0.0,98.0,1.6,2024-01-29T10:15:00,2024-01-29T15:15:00,1706541300.0,0.8,16.0,2.0,9.3,7.9,Overcast clouds,c04d,804.0,4951257.0,Somerville,US,42.3876,-71.0995,MA,994971-99999,America/New_York
2024-01-29 10:30:00,-38.495473399732106,55.34900015814013,90.0,38.495473399732106,-4.0,157.0,96.0,-0.8,91.0,767.0,26.1,422.0,d,0.0,1005.0,2.1,83.0,1007.0,0.0,91.0,1.8,2024-01-29T10:30:00,2024-01-29T15:30:00,1706542200.0,0.8,16.0,2.0,14.2,7.8,Overcast clouds,c04d,804.0,4951257.0,Somerville,US,42.3876,-71.0995,MA,994971-99999,America/New_York
2024-01-29 10:45:00,-32.66943472465764,56.81763759771632,90.0,32.66943472465764,-3.8,160.7,98.0,-0.9,93.0,778.0,27.2,442.0,d,0.0,1005.0,2.1,82.0,1007.0,0.0,164.0,1.9,2024-01-29T10:45:00,2024-01-29T15:45:00,1706543100.0,0.8,16.0,2.0,14.1,7.7,Overcast clouds,c04d,804.0,4951257.0,Somerville,US,42.3876,-71.0995,MA,994971-99999,America/New_York
2024-01-29 11:00:00,-26.45739736174455,58.06261451589687,90.00000120741826,26.457397361744558,-3.6,164.5,99.0,-0.9,94.0,790.0,28.3,462.0,d,0.0,1005.0,2.1,81.0,1007.0,0.0,154.0,2.0,2024-01-29T11:00:00,2024-01-29T16:00:00,1706544000.0,0.8,16.0,2.0,14.0,7.6,Overcast clouds,c04d,804.0,4951257.0,Somerville,US,42.3876,-71.0995,MA,994971-99999,America/New_York
2024-01-29 11:15:00,-19.887727444944513,59.05506666136722,90.00000147877934,19.887727444944517,-3.4,168.6,99.0,-1.0,95.0,793.0,28.6,468.0,d,0.0,1005.0,2.1,80.0,1007.0,0.0,156.0,2.1,2024-01-29T11:15:00,2024-01-29T16:15:00,1706544900.0,0.8,16.0,2.0,13.9,7.6,Overcast clouds,c04d,804.0,4951257.0,Somerville,US,42.3876,-71.0995,MA,994971-99999,America/New_York
2024-01-29 11:30:00,-13.017939508096829,59.76865898869742,90.0,13.017939508096829,-3.3,172.6,100.0,-0.8,96.0,796.0,29.0,475.0,d,0.0,1006.0,2.1,80.0,1008.0,0.0,144.0,2.3,2024-01-29T11:30:00,2024-01-29T16:30:00,1706545800.0,0.8,16.0,2.0,13.8,7.6,Overcast clouds,c04d,804.0,4951257.0,Somerville,US,42.3876,-71.0995,MA,994971-99999,America/New_York
2024-01-29 11:45:00,-5.9353304312532025,60.182331861822206,90.0,5.935330431253173,-3.1,176.7,100.0,-0.7,96.0,800.0,29.3,481.0,d,0.0,1006.0,2.1,80.0,1008.0,0.0,144.0,2.4,2024-01-29T11:45:00,2024-01-29T16:45:00,1706546700.0,0.8,16.0,2.0,13.7,7.6,Overcast clouds,c04d,804.0,4951257.0,Somerville,US,42.3876,-71.0995,MA,994971-99999,America/New_York
2024-01-29 12:00:00,1.248555318432312,60.28296104786139,270.0,1.2485553184322062,-2.9,180.8,100.0,-0.8,97.0,803.0,29.7,488.0,d,0.0,1006.0,2.1,79.0,1008.0,0.0,146.0,2.5,2024-01-29T12:00:00,2024-01-29T17:00:00,1706547600.0,0.9,16.0,2.0,13.6,7.6,Overcast clouds,c04d,804.0,4951257.0,Somerville,US,42.3876,-71.0995,MA,994971-99999,America/New_York
2024-01-29 12:15:00,8.409683037577304,60.06722552383189,269.9999958173804,8.409683037577325,-3.1,184.8,100.0,-1.1,96.0,799.0,29.3,480.0,d,0.0,1006.0,2.1,78.0,1008.0,0.0,144.0,2.4,2024-01-29T12:15:00,2024-01-29T17:15:00,1706548500.0,0.8,16.0,2.0,13.4,7.5,Overcast clouds,c04d,804.0,4951257.0,Somerville,US,42.3876,-71.0995,MA,994971-99999,America/New_York
2024-01-29 12:30:00,15.42687261411204,59.54210911203245,269.9999979086902,15.42687261411205,-3.2,188.8,100.0,-1.5,95.0,795.0,28.9,472.0,d,0.0,1006.0,2.1,76.0,1008.0,0.0,142.0,2.3,2024-01-29T12:30:00,2024-01-29T17:30:00,1706549400.0,0.8,16.0,3.0,13.2,7.4,Overcast clouds,c04d,804.0,4951257.0,Somerville,US,42.3876,-71.0995,MA,994971-99999,America/New_York
2024-01-29 12:45:00,22.196299687582517,58.72385612209816,269.9999985212207,22.196299687582524,-3.3,192.9,100.0,-1.8,95.0,791.0,28.4,465.0,d,0.0,1006.0,2.1,75.0,1008.0,0.0,142.0,2.1,2024-01-29T12:45:00,2024-01-29T17:45:00,1706550300.0,0.8,16.0,4.0,13.0,7.3,Overcast clouds,c04d,804.0,4951257.0,Somerville,US,42.3876,-71.0995,MA,994971-99999,America/New_York
2024-01-29 13:00:00,28.641163485336705,57.635739294750806,270.0,28.6411634853367,-3.4,196.9,100.0,-2.1,94.0,787.0,28.0,457.0,d,0.0,1006.0,2.1,74.0,1008.0,0.0,140.0,2.0,2024-01-29T13:00:00,2024-01-29T18:00:00,1706551200.0,0.8,16.0,4.0,12.8,7.2,Overcast clouds,c04d,804.0,4951257.0,Somerville,US,42.3876,-71.0995,MA,994971-99999,America/New_York
2024-01-29 13:15:00,34.71485319020322,56.30529070827875,270.0,34.71485319020322,-3.3,200.7,100.0,-1.9,92.0,775.0,26.9,436.0,d,0.0,1006.0,2.1,75.0,1008.0,0.0,136.0,2.0,2024-01-29T13:15:00,2024-01-29T18:15:00,1706552100.0,0.7,16.0,5.0,12.6,7.1,Overcast clouds,c04d,804.0,4951257.0,Somerville,US,42.3876,-71.0995,MA,994971-99999,America/New_York
2024-01-29 13:30:00,40.39850838643128,54.7616729362091,270.0,40.39850838643128,-3.2,204.4,100.0,-1.7,90.0,763.0,25.7,415.0,d,0.0,1007.0,2.1,76.0,1009.0,0.0,132.0,2.1,2024-01-29T13:30:00,2024-01-29T18:30:00,1706553000.0,0.7,16.0,6.0,12.4,7.0,Overcast clouds,c04d,804.0,4951257.0,Somerville,US,42.3876,-71.0995,MA,994971-99999,America/New_York
2024-01-29 13:45:00,45.69529204452199,53.03360600776069,270.0,45.69529204452199,-3.1,208.2,100.0,-1.6,88.0,750.0,24.6,394.0,d,0.0,1007.0,2.1,76.0,1009.0,0.0,127.0,2.1,2024-01-29T13:45:00,2024-01-29T18:45:00,1706553900.0,0.7,16.0,7.0,12.2,6.9,Overcast clouds,c04d,804.0,4951257.0,Somerville,US,42.3876,-71.0995,MA,994971-99999,America/New_York
2024-01-29 14:00:00,50.6237141532372,51.147998691064934,270.0,50.623714153237195,-3.0,212.0,100.0,-1.4,86.0,738.0,23.4,373.0,d,0.0,1007.0,2.1,77.0,1009.0,0.0,123.0,2.2,2024-01-29T14:00:00,2024-01-29T19:00:00,1706554800.0,0.6,16.0,8.0,12.0,6.8,Overcast clouds,c04d,804.0,4951257.0,Somerville,US,42.3876,-71.0995,MA,994971-99999,America/New_York
2024-01-29 14:15:00,55.21157286650394,49.129216443595205,270.0,55.21157286650394,-2.8,215.3,100.0,-1.5,83.0,713.0,21.7,341.0,d,0.0,1007.0,2.1,76.0,1009.0,0.0,117.0,2.3,2024-01-29T14:15:00,2024-01-29T19:15:00,1706555700.0,0.6,16.0,9.0,11.7,6.6,Overcast clouds,c04d,804.0,4951257.0,Somerville,US,42.3876,-71.0995,MA,994971-99999,America/New_York
2024-01-29 14:30:00,59.49122021687779,46.998827240099104,270.0,59.49122021687779,-2.6,218.6,100.0,-1.4,79.0,688.0,20.0,309.0,d,0.0,1007.0,2.1,76.0,1009.0,0.0,110.0,2.4,2024-01-29T14:30:00,2024-01-29T19:30:00,1706556600.0,0.5,16.0,10.0,11.4,6.4,Overcast clouds,c04d,804.0,4951257.0,Somerville,US,42.3876,-71.0995,MA,994971-99999,America/New_York
2024-01-29 14:45:00,60.0,44.8830319757143,270.0,59.99999999999999,-2.5,221.9,100.0,-1.5,76.0,663.0,18.2,277.0,d,0.0,1007.0,2.1,75.0,1009.0,0.0,104.0,2.4,2024-01-29T14:45:00,2024-01-29T19:45:00,1706557500.0,0.5,16.0,11.0,11.1,6.2,Overcast clouds,c04d,804.0,4951257.0,Somerville,US,42.3876,-71.0995,MA,994971-99999,America/New_York
2024-01-29 15:00:00,60.0,42.97526043463065,270.0,59.99999999999999,-2.3,225.2,100.0,-1.7,72.0,637.0,16.5,246.0,d,0.0,1007.0,2.1,74.0,1009.0,0.0,97.0,2.5,2024-01-29T15:00:00,2024-01-29T20:00:00,1706558400.0,0.5,16.0,12.0,10.8,6.0,Overcast clouds,c04d,804.0,4951257.0,Somerville,US,42.3876,-71.0995,MA,994971-99999,America/New_York
2024-01-29 15:15:00,60.0,41.30640444520516,270.0,59.99999999999999,-2.4,228.2,99.0,-1.8,66.0,584.0,14.3,208.0,d,0.0,1008.0,2.1,74.0,1010.0,0.0,93.0,2.4,2024-01-29T15:15:00,2024-01-29T20:15:00,1706559300.0,0.5,16.0,12.0,10.5,5.9,Overcast clouds,c04d,804.0,4951257.0,Somerville,US,42.3876,-71.0995,MA,994971-99999,America/New_York
2024-01-29 15:30:00,56.77446757845826,40.976354728219235,270.0,56.77446757845826,-2.6,231.1,98.0,-1.9,60.0,530.0,12.2,171.0,d,0.0,1008.0,2.1,74.0,1010.0,0.0,87.0,2.2,2024-01-29T15:30:00,2024-01-29T20:30:00,1706560200.0,0.4,16.0,12.0,10.2,5.8,Overcast clouds,c04d,804.0,4951257.0,Somerville,US,42.3876,-71.0995,MA,994971-99999,America/New_York
2024-01-29 15:45:00,37.22821021928643,51.382192122316205,270.0,37.22821021928643,-2.7,234.0,97.0,-2.1,54.0,476.0,10.0,134.0,d,0.0,1009.0,2.1,74.0,1011.0,0.0,79.0,2.0,2024-01-29T15:45:00,2024-01-29T20:45:00,1706561100.0,0.4,16.0,12.0,9.9,5.7,Overcast clouds,c04d,804.0,4951257.0,Somerville,US,42.3876,-71.0995,MA,994971-99999,America/New_York
2024-01-29 16:00:00,25.928948068997173,60.79271708791001,270.0,25.92894806899717,-2.8,236.9,96.0,-2.2,47.0,422.0,7.9,96.0,d,0.0,1009.0,2.1,74.0,1011.0,0.0,68.0,1.9,2024-01-29T16:00:00,2024-01-29T21:00:00,1706562000.0,0.4,16.0,12.0,9.6,5.6,Overcast clouds,c04d,804.0,4951257.0,Somerville,US,42.3876,-71.0995,MA,994971-99999,America/New_York
2024-01-29 16:15:00,17.12661362640712,69.66179033421658,270.0,17.12661362640712,-2.9,239.5,96.0,-2.3,36.0,317.0,5.4,72.0,d,0.0,1009.0,2.1,74.0,1011.0,0.0,52.0,1.9,2024-01-29T16:15:00,2024-01-29T21:15:00,1706562900.0,0.4,16.0,12.0,9.8,5.6,Overcast clouds,c04d,804.0,4951257.0,Somerville,US,42.3876,-71.0995,MA,994971-99999,America/New_York
2024-01-29 16:30:00,9.585192923826895,78.18692964918257,269.9999979086902,9.585192923826902,-2.9,242.1,95.0,-2.1,24.0,211.0,3.0,48.0,d,0.0,1010.0,2.1,75.0,1012.0,0.0,36.0,1.9,2024-01-29T16:30:00,2024-01-29T21:30:00,1706563800.0,0.4,16.0,12.0,9.6,5.6,Overcast clouds,c04n,804.0,4951257.0,Somerville,US,42.3876,-71.0995,MA,994971-99999,America/New_York
2024-01-29 16:45:00,2.906674105342532,86.32035088008016,270.0,2.9066741053425176,-2.9,244.7,94.0,-1.9,12.0,106.0,0.6,24.0,d,0.0,1010.0,2.1,76.0,1012.0,0.0,18.0,1.8,2024-01-29T16:45:00,2024-01-29T21:45:00,1706564700.0,0.4,16.0,12.0,9.6,5.6,Overcast clouds,c04n,804.0,4951257.0,Somerville,US,42.3876,-71.0995,MA,994971-99999,America/New_York
2024-01-29 17:00:00,,,,,-3.0,247.3,94.0,-2.0,0.0,0.0,-1.9,0.0,n,0.0,1010.0,2.1,76.0,1012.0,0.0,0.0,1.8,2024-01-29T17:00:00,2024-01-29T22:00:00,1706565600.0,0.0,16.0,12.0,8.7,5.6,Overcast clouds,c04n,804.0,4951257.0,Somerville,US,42.3876,-71.0995,MA,994971-99999,America/New_York
2024-01-29 17:15:00,,,,,-3.0,249.7,94.0,-2.0,0.0,0.0,-4.5,0.0,n,0.0,1011.0,2.1,76.0,1013.0,0.0,0.0,1.8,2024-01-29T17:15:00,2024-01-29T22:15:00,1706566500.0,0.0,16.0,12.0,9.5,5.6,Overcast clouds,c04n,804.0,4951257.0,Somerville,US,42.3876,-71.0995,MA,994971-99999,America/New_York
2024-01-29 17:30:00,,,,,-3.0,252.2,94.0,-2.0,0.0,0.0,-7.2,0.0,n,0.0,1011.0,2.1,76.0,1013.0,0.0,0.0,1.8,2024-01-29T17:30:00,2024-01-29T22:30:00,1706567400.0,0.0,16.0,11.0,9.4,5.6,Overcast clouds,c04n,804.0,4951257.0,Somerville,US,42.3876,-71.0995,MA,994971-99999,America/New_York
2024-01-29 17:45:00,,,,,-3.0,254.6,93.0,-2.0,0.0,0.0,-9.8,0.0,n,0.0,1011.0,2.1,76.0,1013.0,0.0,0.0,1.8,2024-01-29T17:45:00,2024-01-29T22:45:00,1706568300.0,0.0,16.0,10.0,9.3,5.6,Overcast clouds,c04n,804.0,4951257.0,Somerville,US,42.3876,-71.0995,MA,994971-99999,America/New_York
2024-01-29 18:00:00,,,,,-3.0,257.0,93.0,-2.0,0.0,0.0,-12.4,0.0,n,0.0,1011.0,2.1,76.0,1013.0,0.0,0.0,1.8,2024-01-29T18:00:00,2024-01-29T23:00:00,1706569200.0,0.0,16.0,10.0,9.2,5.6,Overcast clouds,c04n,804.0,4951257.0,Somerville,US,42.3876,-71.0995,MA,994971-99999,America/New_York
2024-01-29 18:15:00,,,,,-3.0,259.4,93.0,-2.0,0.0,0.0,-15.2,0.0,n,0.0,1012.0,2.1,76.0,1014.0,0.0,0.0,1.8,2024-01-29T18:15:00,2024-01-29T23:15:00,1706570100.0,0.0,16.0,9.0,9.3,5.6,Overcast clouds,c04n,804.0,4951257.0,Somerville,US,42.3876,-71.0995,MA,994971-99999,America/New_York
2024-01-29 18:30:00,,,,,-3.0,261.8,94.0,-2.0,0.0,0.0,-17.9,0.0,n,0.0,1012.0,2.1,76.0,1014.0,0.0,0.0,1.8,2024-01-29T18:30:00,2024-01-29T23:30:00,1706571000.0,0.0,16.0,8.0,9.4,5.6,Overcast clouds,c04n,804.0,4951257.0,Somerville,US,42.3876,-71.0995,MA,994971-99999,America/New_York
2024-01-29 18:45:00,,,,,-3.0,264.3,94.0,-2.0,0.0,0.0,-20.6,0.0,n,0.0,1012.0,2.1,76.0,1014.0,0.0,0.0,1.8,2024-01-29T18:45:00,2024-01-29T23:45:00,1706571900.0,0.0,16.0,7.0,9.5,5.6,Overcast clouds,c04n,804.0,4951257.0,Somerville,US,42.3876,-71.0995,MA,994971-99999,America/New_York
2024-01-29 19:00:00,,,,,-3.0,266.7,94.0,-2.0,0.0,0.0,-23.4,0.0,n,0.0,1012.0,2.1,76.0,1014.0,0.0,0.0,1.8,2024-01-29T19:00:00,2024-01-30T00:00:00,1706572800.0,0.0,16.0,6.0,9.6,5.6,Overcast clouds,c04n,804.0,4951257.0,Somerville,US,42.3876,-71.0995,MA,994971-99999,America/New_York
2024-01-29 19:15:00,,,,,-3.0,269.2,90.0,-2.0,0.0,0.0,-26.1,0.0,n,0.0,1013.0,2.1,76.0,1015.0,0.0,0.0,1.8,2024-01-29T19:15:00,2024-01-30T00:15:00,1706573700.0,0.0,10.0,6.0,9.6,5.6,Overcast clouds,c04n,804.0,4951257.0,Somerville,US,42.3876,-71.0995,MA,994971-99999,America/New_York
2024-01-29 19:30:00,,,,,-3.0,271.8,87.0,-2.0,0.0,0.0,-28.9,0.0,n,0.0,1013.0,2.1,76.0,1015.0,0.0,0.0,1.8,2024-01-29T19:30:00,2024-01-30T00:30:00,1706574600.0,0.0,10.0,6.0,9.6,5.6,Overcast clouds,c04n,804.0,4951257.0,Somerville,US,42.3876,-71.0995,MA,994971-99999,America/New_York
2024-01-29 19:45:00,,,,,-3.1,274.4,84.0,-2.0,0.0,0.0,-31.7,0.0,n,0.0,1013.0,2.1,76.0,1015.0,0.0,0.0,1.7,2024-01-29T19:45:00,2024-01-30T00:45:00,1706575500.0,0.0,10.0,6.0,9.6,5.6,Overcast clouds,c04n,804.0,4951257.0,Somerville,US,42.3876,-71.0995,MA,994971-99999,America/New_York
2024-01-29 20:00:00,,,,,-3.1,277.0,80.0,-2.1,0.0,0.0,-34.4,0.0,n,0.0,1013.0,2.1,76.0,1015.0,0.0,0.0,1.7,2024-01-29T20:00:00,2024-01-30T01:00:00,1706576400.0,0.0,16.0,6.0,9.6,5.6,Overcast clouds,c04n,804.0,4951257.0,Somerville,US,42.3876,-71.0995,MA,994971-99999,America/New_York
2024-01-29 20:15:00,,,,,-3.1,280.1,80.0,-2.1,0.0,0.0,-37.1,0.0,n,0.0,1014.0,2.1,76.0,1016.0,0.0,0.0,1.6,2024-01-29T20:15:00,2024-01-30T01:15:00,1706577300.0,0.0,16.0,6.0,9.6,5.5,Overcast clouds,c04n,804.0,4951257.0,Somerville,US,42.3876,-71.0995,MA,994971-99999,America/New_York
2024-01-29 20:30:00,,,,,-3.1,283.1,80.0,-2.3,0.0,0.0,-39.8,0.0,n,0.0,1014.0,2.1,75.0,1016.0,0.0,0.0,1.6,2024-01-29T20:30:00,2024-01-30T01:30:00,1706578200.0,0.0,10.0,7.0,9.6,5.4,Overcast clouds,c04n,804.0,4951257.0,Somerville,US,42.3876,-71.0995,MA,994971-99999,America/New_York
2024-01-29 20:45:00,,,,,-3.1,286.2,81.0,-2.6,0.0,0.0,-42.5,0.0,n,0.0,1014.0,2.1,74.0,1016.0,0.0,0.0,1.6,2024-01-29T20:45:00,2024-01-30T01:45:00,1706579100.0,0.0,10.0,8.0,9.6,5.3,Overcast clouds,c04n,804.0,4951257.0,Somerville,US,42.3876,-71.0995,MA,994971-99999,America/New_York
2024-01-29 21:00:00,,,,,-3.1,289.3,81.0,-2.6,0.0,0.0,-45.2,0.0,n,0.0,1014.0,2.1,74.0,1016.0,0.0,0.0,1.5,2024-01-29T21:00:00,2024-01-30T02:00:00,1706580000.0,0.0,10.0,8.0,9.6,5.2,Overcast clouds,c04n,804.0,4951257.0,Somerville,US,42.3876,-71.0995,MA,994971-99999,America/New_York
2024-01-29 21:15:00,,,,,-3.3,293.3,80.0,-2.7,0.0,0.0,-47.7,0.0,n,0.0,1014.0,2.1,74.0,1016.0,0.0,0.0,1.4,2024-01-29T21:15:00,2024-01-30T02:15:00,1706580900.0,0.0,10.0,9.0,9.5,5.2,Overcast clouds,c04n,804.0,4951257.0,Somerville,US,42.3876,-71.0995,MA,994971-99999,America/New_York
2024-01-29 21:30:00,,,,,-3.4,297.4,78.0,-2.8,0.0,0.0,-50.1,0.0,n,0.0,1015.0,2.1,74.0,1017.0,0.0,0.0,1.3,2024-01-29T21:30:00,2024-01-30T02:30:00,1706581800.0,0.0,10.0,10.0,9.4,5.2,Overcast clouds,c04n,804.0,4951257.0,Somerville,US,42.3876,-71.0995,MA,994971-99999,America/New_York
2024-01-29 21:45:00,,,,,-3.5,301.4,76.0,-2.9,0.0,0.0,-52.6,0.0,n,0.0,1015.0,2.1,74.0,1017.0,0.0,0.0,1.2,2024-01-29T21:45:00,2024-01-30T02:45:00,1706582700.0,0.0,10.0,11.0,9.3,5.2,Overcast clouds,c04n,804.0,4951257.0,Somerville,US,42.3876,-71.0995,MA,994971-99999,America/New_York
2024-01-29 22:00:00,,,,,-3.6,305.5,75.0,-3.0,0.0,0.0,-55.1,0.0,n,0.0,1015.0,2.1,74.0,1017.0,0.0,0.0,1.1,2024-01-29T22:00:00,2024-01-30T03:00:00,1706583600.0,0.0,10.0,12.0,9.2,5.2,Overcast clouds,c04n,804.0,4951257.0,Somerville,US,42.3876,-71.0995,MA,994971-99999,America/New_York
2024-01-29 22:15:00,,,,,-3.7,311.4,76.0,-3.1,0.0,0.0,-56.9,0.0,n,0.0,1015.0,2.1,74.0,1017.0,0.0,0.0,1.1,2024-01-29T22:15:00,2024-01-30T03:15:00,1706584500.0,0.0,10.0,14.0,9.1,5.2,Overcast clouds,c04n,804.0,4951257.0,Somerville,US,42.3876,-71.0995,MA,994971-99999,America/New_York
2024-01-29 22:30:00,,,,,-3.8,317.4,76.0,-2.9,0.0,0.0,-58.8,0.0,n,0.0,1015.0,2.1,75.0,1017.0,0.0,0.0,1.0,2024-01-29T22:30:00,2024-01-30T03:30:00,1706585400.0,0.0,10.0,15.0,9.0,5.2,Overcast clouds,c04n,804.0,4951257.0,Somerville,US,42.3876,-71.0995,MA,994971-99999,America/New_York
2024-01-29 22:45:00,,,,,-3.8,323.3,77.0,-2.8,0.0,0.0,-60.7,0.0,n,0.0,1016.0,2.1,76.0,1018.0,0.0,0.0,0.9,2024-01-29T22:45:00,2024-01-30T03:45:00,1706586300.0,0.0,16.0,16.0,8.9,5.2,Overcast clouds,c04n,804.0,4951257.0,Somerville,US,42.3876,-71.0995,MA,994971-99999,America/New_York
2024-01-29 23:00:00,,,,,-3.9,329.2,78.0,-2.8,0.0,0.0,-62.6,0.0,n,0.0,1016.0,2.1,76.0,1018.0,0.0,0.0,0.9,2024-01-29T23:00:00,2024-01-30T04:00:00,1706587200.0,0.0,16.0,18.0,8.8,5.2,Overcast clouds,c04n,804.0,4951257.0,Somerville,US,42.3876,-71.0995,MA,994971-99999,America/New_York
2024-01-29 23:15:00,,,,,-3.9,247.3,77.0,-2.9,0.0,0.0,-63.3,0.0,n,0.0,1016.0,2.1,76.0,1018.0,0.0,0.0,0.9,2024-01-29T23:15:00,2024-01-30T04:15:00,1706588100.0,0.0,16.0,19.0,8.9,5.2,Overcast clouds,c04n,804.0,4951257.0,Somerville,US,42.3876,-71.0995,MA,994971-99999,America/New_York
2024-01-29 23:30:00,,,,,-4.0,165.4,76.0,-3.1,0.0,0.0,-64.0,0.0,n,0.0,1016.0,2.1,75.0,1018.0,0.0,0.0,0.8,2024-01-29T23:30:00,2024-01-30T04:30:00,1706589000.0,0.0,16.0,20.0,9.0,5.2,Overcast clouds,c04n,804.0,4951257.0,Somerville,US,42.3876,-71.0995,MA,994971-99999,America/New_York
2024-01-29 23:45:00,,,,,-4.0,83.4,74.0,-3.3,0.0,0.0,-64.7,0.0,n,0.0,1016.0,2.1,74.0,1018.0,0.0,0.0,0.8,2024-01-29T23:45:00,2024-01-30T04:45:00,1706589900.0,0.0,16.0,21.0,9.1,5.2,Overcast clouds,c04n,804.0,4951257.0,Somerville,US,42.3876,-71.0995,MA,994971-99999,America/New_York
2024-01-30 00:00:00,,,,,-4.0,1.5,73.0,-3.3,0.0,0.0,-65.5,0.0,n,0.0,1016.0,2.1,74.0,1018.0,0.0,0.0,0.8,2024-01-30T00:00:00,2024-01-30T05:00:00,1706590800.0,0.0,16.0,22.0,9.2,5.2,Overcast clouds,c04n,804.0,4951257.0,Somerville,US,42.3876,-71.0995,MA,994971-99999,America/New_York
2024-01-30 00:15:00,,,,,-4.2,9.5,73.0,-3.4,0.0,0.0,-64.6,0.0,n,0.0,1016.0,2.1,74.0,1018.0,0.0,0.0,0.7,2024-01-30T00:15:00,2024-01-30T05:15:00,1706591700.0,0.0,16.0,23.0,9.3,5.2,Overcast clouds,c04n,804.0,4951257.0,Somerville,US,42.3876,-71.0995,MA,994971-99999,America/New_York
2024-01-30 00:30:00,,,,,-4.4,17.4,72.0,-3.6,0.0,0.0,-63.8,0.0,n,0.0,1016.0,2.1,74.0,1018.0,0.0,0.0,0.5,2024-01-30T00:30:00,2024-01-30T05:30:00,1706592600.0,0.0,16.0,24.0,9.4,5.2,Overcast clouds,c04n,804.0,4951257.0,Somerville,US,42.3876,-71.0995,MA,994971-99999,America/New_York
2024-01-30 00:45:00,,,,,-4.6,25.3,72.0,-3.7,0.0,0.0,-62.9,0.0,n,0.0,1016.0,2.1,74.0,1018.0,0.0,0.0,0.3,2024-01-30T00:45:00,2024-01-30T05:45:00,1706593500.0,0.0,16.0,25.0,9.5,5.2,Overcast clouds,c04n,804.0,4951257.0,Somerville,US,42.3876,-71.0995,MA,994971-99999,America/New_York
2024-01-30 01:00:00,,,,,-4.8,33.3,72.0,-3.9,0.0,0.0,-62.1,0.0,n,0.0,1017.0,2.1,74.0,1019.0,0.0,0.0,0.2,2024-01-30T01:00:00,2024-01-30T06:00:00,1706594400.0,0.0,16.0,26.0,9.6,5.2,Overcast clouds,c04n,804.0,4951257.0,Somerville,US,42.3876,-71.0995,MA,994971-99999,America/New_York
2024-01-30 01:15:00,,,,,-4.7,39.0,71.0,-3.8,0.0,0.0,-60.1,0.0,n,0.0,1017.0,2.1,74.0,1019.0,0.0,0.0,0.3,2024-01-30T01:15:00,2024-01-30T06:15:00,1706595300.0,0.0,10.0,26.0,9.5,5.2,Overcast clouds,c04n,804.0,4951257.0,Somerville,US,42.3876,-71.0995,MA,994971-99999,America/New_York
2024-01-30 01:30:00,,,,,-4.7,44.7,70.0,-3.6,0.0,0.0,-58.1,0.0,n,0.0,1017.0,2.1,75.0,1019.0,0.0,0.0,0.3,2024-01-30T01:30:00,2024-01-30T06:30:00,1706596200.0,0.0,10.0,27.0,9.4,5.2,Broken clouds,c03n,803.0,4951257.0,Somerville,US,42.3876,-71.0995,MA,994971-99999,America/New_York
2024-01-30 01:45:00,,,,,-4.6,50.4,68.0,-3.4,0.0,0.0,-56.2,0.0,n,0.0,1017.0,2.1,76.0,1019.0,0.0,0.0,0.3,2024-01-30T01:45:00,2024-01-30T06:45:00,1706597100.0,0.0,10.0,28.0,9.3,5.2,Broken clouds,c03n,803.0,4951257.0,Somerville,US,42.3876,-71.0995,MA,994971-99999,America/New_York
2024-01-30 02:00:00,,,,,-4.5,56.1,67.0,-3.3,0.0,0.0,-54.2,0.0,n,0.0,1017.0,2.1,76.0,1019.0,0.0,0.0,0.4,2024-01-30T02:00:00,2024-01-30T07:00:00,1706598000.0,0.0,10.0,28.0,9.2,5.2,Broken clouds,c03n,803.0,4951257.0,Somerville,US,42.3876,-71.0995,MA,994971-99999,America/New_York
2024-01-30 02:15:00,,,,,-4.6,60.1,66.0,-3.3,0.0,0.0,-51.7,0.0,n,0.0,1017.0,2.1,76.0,1019.0,0.0,0.0,0.4,2024-01-30T02:15:00,2024-01-30T07:15:00,1706598900.0,0.0,10.0,28.0,9.3,5.3,Broken clouds,c03n,803.0,4951257.0,Somerville,US,42.3876,-71.0995,MA,994971-99999,America/New_York
2024-01-30 02:30:00,,,,,-4.6,64.0,65.0,-3.5,0.0,0.0,-49.2,0.0,n,0.0,1018.0,2.1,75.0,1020.0,0.0,0.0,0.5,2024-01-30T02:30:00,2024-01-30T07:30:00,1706599800.0,0.0,10.0,28.0,9.4,5.4,Broken clouds,c03n,803.0,4951257.0,Somerville,US,42.3876,-71.0995,MA,994971-99999,America/New_York
2024-01-30 02:45:00,,,,,-4.6,68.0,64.0,-3.6,0.0,0.0,-46.7,0.0,n,0.0,1018.0,2.1,74.0,1020.0,0.0,0.0,0.5,2024-01-30T02:45:00,2024-01-30T07:45:00,1706600700.0,0.0,10.0,28.0,9.5,5.5,Broken clouds,c03n,803.0,4951257.0,Somerville,US,42.3876,-71.0995,MA,994971-99999,America/New_York
2024-01-30 03:00:00,,,,,-4.6,71.9,63.0,-3.6,0.0,0.0,-44.2,0.0,n,0.0,1018.0,2.1,74.0,1020.0,0.0,0.0,0.5,2024-01-30T03:00:00,2024-01-30T08:00:00,1706601600.0,0.0,10.0,28.0,9.6,5.6,Broken clouds,c03n,803.0,4951257.0,Somerville,US,42.3876,-71.0995,MA,994971-99999,America/New_York
2024-01-30 03:15:00,,,,,-4.8,74.9,67.0,-3.7,0.0,0.0,-41.5,0.0,n,0.0,1018.0,2.1,74.0,1020.0,0.0,0.0,0.3,2024-01-30T03:15:00,2024-01-30T08:15:00,1706602500.0,0.0,10.0,29.0,9.7,5.6,Broken clouds,c03n,803.0,4951257.0,Somerville,US,42.3876,-71.0995,MA,994971-99999,America/New_York
2024-01-30 03:30:00,,,,,-5.0,77.9,71.0,-3.9,0.0,0.0,-38.8,0.0,n,0.0,1018.0,2.1,74.0,1020.0,0.0,0.0,0.2,2024-01-30T03:30:00,2024-01-30T08:30:00,1706603400.0,0.0,10.0,30.0,9.8,5.6,Overcast clouds,c04n,804.0,4951257.0,Somerville,US,42.3876,-71.0995,MA,994971-99999,America/New_York
2024-01-30 03:45:00,,,,,-5.2,80.9,75.0,-4.0,0.0,0.0,-36.1,0.0,n,0.0,1018.0,2.1,74.0,1020.0,0.0,0.0,0.1,2024-01-30T03:45:00,2024-01-30T08:45:00,1706604300.0,0.0,10.0,31.0,9.9,5.6,Overcast clouds,c04n,804.0,4951257.0,Somerville,US,42.3876,-71.0995,MA,994971-99999,America/New_York
2024-01-30 04:00:00,,,,,-5.4,83.9,79.0,-4.2,0.0,0.0,-33.4,0.0,n,0.0,1018.0,2.1,74.0,1020.0,0.0,0.0,-0.1,2024-01-30T04:00:00,2024-01-30T09:00:00,1706605200.0,0.0,10.0,32.0,10.0,5.6,Overcast clouds,c04n,804.0,4951257.0,Somerville,US,42.3876,-71.0995,MA,994971-99999,America/New_York
2024-01-30 04:15:00,,,,,-5.3,86.4,78.0,-4.3,0.0,0.0,-30.6,0.0,n,0.0,1019.0,2.1,74.0,1021.0,0.0,0.0,-0.2,2024-01-30T04:15:00,2024-01-30T09:15:00,1706606100.0,0.0,10.0,32.0,10.2,5.3,Overcast clouds,c04n,804.0,4951257.0,Somerville,US,42.3876,-71.0995,MA,994971-99999,America/New_York
2024-01-30 04:30:00,,,,,-5.3,89.0,77.0,-4.2,0.0,0.0,-27.9,0.0,n,0.0,1019.0,2.1,75.0,1021.0,0.0,0.0,-0.3,2024-01-30T04:30:00,2024-01-30T09:30:00,1706607000.0,0.0,10.0,32.0,10.4,5.0,Overcast clouds,c04n,804.0,4951257.0,Somerville,US,42.3876,-71.0995,MA,994971-99999,America/New_York
2024-01-30 04:45:00,,,,,-5.2,91.6,76.0,-4.1,0.0,0.0,-25.1,0.0,n,0.0,1019.0,2.1,76.0,1021.0,0.0,0.0,-0.4,2024-01-30T04:45:00,2024-01-30T09:45:00,1706607900.0,0.0,10.0,32.0,10.6,4.7,Overcast clouds,c04n,804.0,4951257.0,Somerville,US,42.3876,-71.0995,MA,994971-99999,America/New_York
2024-01-30 05:00:00,,,,,-5.2,94.1,75.0,-4.2,0.0,0.0,-22.3,0.0,n,0.0,1019.0,2.1,76.0,1021.0,0.0,0.0,-0.5,2024-01-30T05:00:00,2024-01-30T10:00:00,1706608800.0,0.0,10.0,32.0,10.8,4.4,Overcast clouds,c04n,804.0,4951257.0,Somerville,US,42.3876,-71.0995,MA,994971-99999,America/New_York
2024-01-30 05:15:00,,,,,-5.3,96.5,74.0,-4.2,0.0,0.0,-19.6,0.0,n,0.0,1019.0,2.1,76.0,1021.0,0.0,0.0,-0.5,2024-01-30T05:15:00,2024-01-30T10:15:00,1706609700.0,0.0,10.0,32.0,10.7,4.5,Overcast clouds,c04n,804.0,4951257.0,Somerville,US,42.3876,-71.0995,MA,994971-99999,America/New_York
2024-01-30 05:30:00,,,,,-5.4,98.9,72.0,-4.4,0.0,0.0,-16.9,0.0,n,0.0,1019.0,2.1,75.0,1021.0,0.0,0.0,-0.6,2024-01-30T05:30:00,2024-01-30T10:30:00,1706610600.0,0.0,10.0,32.0,10.6,4.6,Overcast clouds,c04n,804.0,4951257.0,Somerville,US,42.3876,-71.0995,MA,994971-99999,America/New_York
2024-01-30 05:45:00,,,,,-5.4,101.3,71.0,-4.6,0.0,0.0,-14.1,0.0,n,0.0,1020.0,2.1,74.0,1022.0,0.0,0.0,-0.6,2024-01-30T05:45:00,2024-01-30T10:45:00,1706611500.0,0.0,10.0,32.0,10.5,4.7,Overcast clouds,c04n,804.0,4951257.0,Somerville,US,42.3876,-71.0995,MA,994971-99999,America/New_York
2024-01-30 06:00:00,,,,,-5.5,103.7,70.0,-4.6,0.0,0.0,-11.4,0.0,n,0.0,1020.0,2.1,74.0,1022.0,0.0,0.0,-0.6,2024-01-30T06:00:00,2024-01-30T11:00:00,1706612400.0,0.0,10.0,32.0,10.4,4.8,Broken clouds,c03n,803.0,4951257.0,Somerville,US,42.3876,-71.0995,MA,994971-99999,America/New_York
2024-01-30 06:15:00,,,,,-5.6,106.2,74.0,-4.7,0.0,0.0,-8.8,0.0,n,0.0,1020.0,2.1,74.0,1022.0,0.0,0.0,-0.6,2024-01-30T06:15:00,2024-01-30T11:15:00,1706613300.0,0.0,10.0,34.0,10.5,4.8,Overcast clouds,c04n,804.0,4951257.0,Somerville,US,42.3876,-71.0995,MA,994971-99999,America/New_York
2024-01-30 06:30:00,,,,,-5.6,108.6,78.0,-4.7,0.0,0.0,-6.1,0.0,n,0.0,1020.0,2.1,74.0,1022.0,0.0,0.0,-0.6,2024-01-30T06:30:00,2024-01-30T11:30:00,1706614200.0,0.0,10.0,37.0,10.6,4.8,Overcast clouds,c04n,804.0,4951257.0,Somerville,US,42.3876,-71.0995,MA,994971-99999,America/New_York
2024-01-30 06:45:00,,,,,-5.6,111.0,82.0,-4.7,0.0,0.0,-3.5,0.0,n,0.0,1020.0,2.1,74.0,1022.0,0.0,0.0,-0.7,2024-01-30T06:45:00,2024-01-30T11:45:00,1706615100.0,0.0,10.0,40.0,10.7,4.8,Overcast clouds,c04n,804.0,4951257.0,Somerville,US,42.3876,-71.0995,MA,994971-99999,America/New_York
2024-01-30 07:00:00,,,,,-5.7,113.5,86.0,-4.7,0.0,0.0,-0.9,0.0,n,0.0,1020.0,2.1,74.0,1022.0,0.0,0.0,-0.7,2024-01-30T07:00:00,2024-01-30T12:00:00,1706616000.0,0.0,10.0,42.0,10.8,4.8,Overcast clouds,c04n,804.0,4951257.0,Somerville,US,42.3876,-71.0995,MA,994971-99999,America/New_York
2024-01-30 07:15:00,-5.35471861286301,83.27018477543314,90.0,5.354718612862982,-5.8,116.1,84.0,-4.8,13.0,114.0,1.6,28.0,d,0.0,1021.0,2.1,74.0,1023.0,0.0,14.0,-0.8,2024-01-30T07:15:00,2024-01-30T12:15:00,1706616900.0,0.5,10.0,42.0,10.8,4.9,Overcast clouds,c04n,804.0,4951257.0,Somerville,US,42.3876,-71.0995,MA,994971-99999,America/New_York
2024-01-30 07:30:00,-12.362459108108169,74.92258808436239,90.00000256132094,12.362459108108181,-5.9,118.7,83.0,-4.8,25.0,227.0,4.0,56.0,d,0.0,1021.0,2.1,74.0,1023.0,0.0,29.0,-0.8,2024-01-30T07:30:00,2024-01-30T12:30:00,1706617800.0,0.5,10.0,43.0,10.8,5.0,Overcast clouds,c04d,804.0,4951257.0,Somerville,US,42.3876,-71.0995,MA,994971-99999,America/New_York
2024-01-30 07:45:00,-20.317649431421074,66.2367489123948,90.00000147877934,20.31764943142108,-6.0,121.3,82.0,-4.9,38.0,341.0,6.4,84.0,d,0.0,1021.0,2.1,74.0,1023.0,0.0,45.0,-0.8,2024-01-30T07:45:00,2024-01-30T12:45:00,1706618700.0,0.6,10.0,44.0,10.8,5.1,Overcast clouds,c04d,804.0,4951257.0,Somerville,US,42.3876,-71.0995,MA,994971-99999,America/New_York
2024-01-30 08:00:00,-29.863014297099213,57.143722232486375,90.0,29.86301429709921,-6.2,124.0,80.0,-4.9,51.0,455.0,8.9,112.0,d,0.0,1021.0,2.1,74.0,1023.0,0.0,65.0,-0.9,2024-01-30T08:00:00,2024-01-30T13:00:00,1706619600.0,0.6,10.0,44.0,10.8,5.2,Overcast clouds,c04d,804.0,4951257.0,Somerville,US,42.3876,-71.0995,MA,994971-99999,America/New_York
2024-01-30 08:15:00,-42.96493968382322,47.35649898541347,90.0,42.96493968382322,-6.3,126.9,83.0,-5.0,57.0,504.0,11.0,149.0,d,0.0,1022.0,2.1,74.0,1024.0,0.0,78.0,-1.0,2024-01-30T08:15:00,2024-01-30T13:15:00,1706620500.0,0.6,10.0,45.0,10.7,5.3,Overcast clouds,c04d,804.0,4951257.0,Somerville,US,42.3876,-71.0995,MA,994971-99999,America/New_York
2024-01-30 08:30:00,-60.0,40.16592996530696,90.0,59.99999999999999,-6.5,129.9,86.0,-5.1,62.0,553.0,13.1,187.0,d,0.0,1022.0,2.1,74.0,1024.0,0.0,86.0,-1.1,2024-01-30T08:30:00,2024-01-30T13:30:00,1706621400.0,0.6,10.0,46.0,10.6,5.4,Overcast clouds,c04d,804.0,4951257.0,Somerville,US,42.3876,-71.0995,MA,994971-99999,America/New_York
2024-01-30 08:45:00,-60.0,41.661546398559125,90.0,59.99999999999999,-6.6,132.8,90.0,-5.1,68.0,603.0,15.2,224.0,d,0.0,1022.0,2.1,74.0,1024.0,0.0,83.0,-1.1,2024-01-30T08:45:00,2024-01-30T13:45:00,1706622300.0,0.6,16.0,47.0,10.5,5.5,Overcast clouds,c04d,804.0,4951257.0,Somerville,US,42.3876,-71.0995,MA,994971-99999,America/New_York
2024-01-30 09:00:00,-60.0,43.41671014892515,90.0,59.99999999999999,-6.8,135.8,93.0,-5.2,74.0,652.0,17.4,261.0,d,0.0,1022.0,2.1,74.0,1024.0,0.0,77.0,-1.2,2024-01-30T09:00:00,2024-01-30T14:00:00,1706623200.0,0.6,16.0,48.0,10.4,5.6,Overcast clouds,c04d,804.0,4951257.0,Somerville,US,42.3876,-71.0995,MA,994971-99999,America/New_York
2024-01-30 09:15:00,-60.0,45.401793797890676,90.0,59.99999999999999,-6.9,139.1,94.0,-5.5,78.0,676.0,19.1,293.0,d,0.0,1022.0,2.1,73.0,1024.0,0.0,79.0,-1.4,2024-01-30T09:15:00,2024-01-30T14:15:00,1706624100.0,0.6,10.0,48.0,10.2,5.5,Overcast clouds,c04d,804.0,4951257.0,Somerville,US,42.3876,-71.0995,MA,994971-99999,America/New_York
2024-01-30 09:30:00,-57.894947395679786,47.552917621261784,90.0,57.894947395679786,-7.0,142.5,94.0,-5.9,81.0,699.0,20.8,324.0,d,0.0,1022.0,2.1,72.0,1024.0,0.0,88.0,-1.5,2024-01-30T09:30:00,2024-01-30T14:30:00,1706625000.0,0.6,10.0,49.0,10.0,5.4,Overcast clouds,c04d,804.0,4951257.0,Somerville,US,42.3876,-71.0995,MA,994971-99999,America/New_York
2024-01-30 09:45:00,-53.51248709464331,49.6387133689227,90.0,53.51248709464331,-7.2,145.9,94.0,-6.0,84.0,723.0,22.4,355.0,d,0.0,1022.0,2.1,72.0,1024.0,0.0,96.0,-1.6,2024-01-30T09:45:00,2024-01-30T14:45:00,1706625900.0,0.7,10.0,50.0,9.8,5.3,Overcast clouds,c04d,804.0,4951257.0,Somerville,US,42.3876,-71.0995,MA,994971-99999,America/New_York
2024-01-30 10:00:00,-48.81338020467087,51.605251459214266,90.0,48.81338020467087,-7.3,149.2,95.0,-6.3,88.0,746.0,24.1,386.0,d,0.0,1023.0,2.1,71.0,1025.0,0.0,94.0,-1.8,2024-01-30T10:00:00,2024-01-30T15:00:00,1706626800.0,0.7,10.0,50.0,9.6,5.2,Overcast clouds,c04d,804.0,4951257.0,Somerville,US,42.3876,-71.0995,MA,994971-99999,America/New_York
2024-01-30 10:15:00,-43.76735543120364,53.43009238123022,90.0,43.76735543120364,-7.4,153.0,96.0,-6.7,89.0,758.0,25.2,406.0,d,0.0,1023.0,2.1,70.0,1025.0,0.0,177.0,-1.9,2024-01-30T10:15:00,2024-01-30T15:15:00,1706627700.0,0.8,10.0,50.0,9.5,5.1,Overcast clouds,c04d,804.0,4951257.0,Somerville,US,42.3876,-71.0995,MA,994971-99999,America/New_York
2024-01-30 10:30:00,-38.350273006763686,55.08811700700242,90.0,38.35027300676369,-7.5,156.8,96.0,-6.8,91.0,769.0,26.3,426.0,d,0.0,1023.0,2.1,70.0,1025.0,0.0,92.0,-2.1,2024-01-30T10:30:00,2024-01-30T15:30:00,1706628600.0,0.8,10.0,50.0,9.4,5.0,Overcast clouds,c04d,804.0,4951257.0,Somerville,US,42.3876,-71.0995,MA,994971-99999,America/New_York
2024-01-30 10:45:00,-32.54923520448197,56.55194098348742,90.0,32.54923520448197,-7.7,160.6,97.0,-7.0,93.0,781.0,27.4,446.0,d,0.0,1023.0,2.1,70.0,1025.0,0.0,177.0,-2.3,2024-01-30T10:45:00,2024-01-30T15:45:00,1706629500.0,0.8,16.0,50.0,9.3,4.9,Overcast clouds,c04d,804.0,4951257.0,Somerville,US,42.3876,-71.0995,MA,994971-99999,America/New_York
2024-01-30 11:00:00,-26.368776347673386,57.792856464444874,90.0,26.368776347673386,-7.8,164.4,98.0,-7.3,95.0,792.0,28.5,466.0,d,0.0,1023.0,2.1,69.0,1025.0,0.0,169.0,-2.4,2024-01-30T11:00:00,2024-01-30T16:00:00,1706630400.0,0.8,16.0,50.0,9.2,4.8,Overcast clouds,c04d,804.0,4951257.0,Somerville,US,42.3876,-71.0995,MA,994971-99999,America/New_York
2024-01-30 11:15:00,-19.837159978169183,58.782428025855076,90.00000085377364,19.837159978169186,-7.8,168.5,98.0,-7.3,95.0,795.0,28.9,473.0,d,0.0,1023.0,2.1,69.0,1025.0,0.0,171.0,-2.4,2024-01-30T11:15:00,2024-01-30T16:15:00,1706631300.0,0.9,16.0,50.0,9.0,4.8,Overcast clouds,c04d,804.0,4951257.0,Somerville,US,42.3876,-71.0995,MA,994971-99999,America/New_York
2024-01-30 11:30:00,-13.010966209763984,59.49474450373188,90.0,13.010966209763975,-7.9,172.6,99.0,-7.5,96.0,799.0,29.2,479.0,d,0.0,1023.0,2.1,68.0,1025.0,0.0,158.0,-2.5,2024-01-30T11:30:00,2024-01-30T16:30:00,1706632200.0,0.8,16.0,49.0,8.8,4.8,Overcast clouds,c04d,804.0,4951257.0,Somerville,US,42.3876,-71.0995,MA,994971-99999,America/New_York
2024-01-30 11:45:00,-5.975629731817247,59.90908491774187,90.00000497831306,5.9756297318172695,-7.9,176.6,100.0,-7.5,96.0,802.0,29.6,486.0,d,0.0,1023.0,2.1,68.0,1025.0,0.0,145.0,-2.5,2024-01-30T11:45:00,2024-01-30T16:45:00,1706633100.0,0.8,16.0,48.0,8.6,4.8,Overcast clouds,c04d,804.0,4951257.0,Somerville,US,42.3876,-71.0995,MA,994971-99999,America/New_York
2024-01-30 12:00:00,1.1599275851883695,60.01250190809725,269.99998877036097,1.159927585188392,-7.9,180.7,100.0,-7.6,97.0,805.0,30.0,493.0,d,0.0,1023.0,2.1,68.0,1025.0,0.0,146.0,-2.5,2024-01-30T12:00:00,2024-01-30T17:00:00,1706634000.0,0.9,16.0,48.0,8.4,4.8,Overcast clouds,c04d,804.0,4951257.0,Somerville,US,42.3876,-71.0995,MA,994971-99999,America/New_York
2024-01-30 12:15:00,8.274607175952822,59.801633855577656,270.0,8.27460717595281,-7.8,184.8,100.0,-7.5,96.0,801.0,29.5,485.0,d,0.0,1022.0,2.1,68.0,1024.0,0.0,145.0,-2.5,2024-01-30T12:15:00,2024-01-30T17:15:00,1706634900.0,0.8,16.0,48.0,8.3,4.7,Overcast clouds,c04d,804.0,4951257.0,Somerville,US,42.3876,-71.0995,MA,994971-99999,America/New_York
2024-01-30 12:30:00,15.249890744216476,59.28320517227615,270.0,15.24989074421647,-7.7,188.8,100.0,-7.7,96.0,797.0,29.1,477.0,d,0.0,1022.0,2.1,67.0,1024.0,0.0,144.0,-2.4,2024-01-30T12:30:00,2024-01-30T17:30:00,1706635800.0,0.8,16.0,48.0,8.2,4.6,Overcast clouds,c04d,804.0,4951257.0,Somerville,US,42.3876,-71.0995,MA,994971-99999,America/New_York
2024-01-30 12:45:00,21.98384508344376,58.473038100465,270.0,21.983845083443757,-7.5,192.9,100.0,-7.8,95.0,794.0,28.7,469.0,d,0.0,1022.0,2.1,66.0,1024.0,0.0,142.0,-2.3,2024-01-30T12:45:00,2024-01-30T17:45:00,1706636700.0,0.8,16.0,48.0,8.1,4.5,Overcast clouds,c04d,804.0,4951257.0,Somerville,US,42.3876,-71.0995,MA,994971-99999,America/New_York
2024-01-30 13:00:00,28.400565420747913,57.39390135177578,269.99999914622634,28.400565420747917,-7.4,197.0,100.0,-7.8,94.0,790.0,28.3,462.0,d,0.0,1022.0,2.1,66.0,1024.0,0.0,140.0,-2.3,2024-01-30T13:00:00,2024-01-30T18:00:00,1706637600.0,0.8,16.0,48.0,8.0,4.4,Overcast clouds,c04d,804.0,4951257.0,Somerville,US,42.3876,-71.0995,MA,994971-99999,America/New_York
2024-01-30 13:15:00,34.45341456882713,56.07283184739424,270.0,34.45341456882713,-7.4,200.7,98.0,-7.8,93.0,778.0,27.1,441.0,d,0.0,1022.0,2.1,66.0,1024.0,0.0,163.0,-2.3,2024-01-30T13:15:00,2024-01-30T18:15:00,1706638500.0,0.8,16.0,48.0,8.2,4.3,Overcast clouds,c04d,804.0,4951257.0,Somerville,US,42.3876,-71.0995,MA,994971-99999,America/New_York
2024-01-30 13:30:00,40.12284560188956,54.53856007206123,270.0,40.12284560188956,-7.3,204.5,96.0,-7.8,91.0,765.0,26.0,420.0,d,0.0,1022.0,2.1,66.0,1024.0,0.0,182.0,-2.3,2024-01-30T13:30:00,2024-01-30T18:30:00,1706639400.0,0.8,16.0,49.0,8.4,4.2,Overcast clouds,c04d,804.0,4951257.0,Somerville,US,42.3876,-71.0995,MA,994971-99999,America/New_York
2024-01-30 13:45:00,45.41098327068672,52.81947328835446,270.0,45.41098327068673,-7.3,208.3,94.0,-7.8,89.0,753.0,24.8,399.0,d,0.0,1022.0,2.1,66.0,1024.0,0.0,108.0,-2.4,2024-01-30T13:45:00,2024-01-30T18:45:00,1706640300.0,0.8,16.0,50.0,8.6,4.1,Overcast clouds,c04d,804.0,4951257.0,Somerville,US,42.3876,-71.0995,MA,994971-99999,America/New_York
2024-01-30 14:00:00,50.335202667323536,50.9422476956566,270.0,50.335202667323536,-7.2,212.0,92.0,-7.9,87.0,741.0,23.7,378.0,d,0.0,1022.0,2.1,66.0,1024.0,0.0,122.0,-2.4,2024-01-30T14:00:00,2024-01-30T19:00:00,1706641200.0,0.8,16.0,50.0,8.8,4.0,Overcast clouds,c04d,804.0,4951257.0,Somerville,US,42.3876,-71.0995,MA,994971-99999,America/New_York
2024-01-30 14:15:00,54.922235790545486,48.931104190522284,270.0,54.922235790545486,-7.2,215.4,91.0,-7.9,83.0,716.0,21.9,346.0,d,0.0,1022.0,2.1,66.0,1024.0,0.0,120.0,-2.5,2024-01-30T14:15:00,2024-01-30T19:15:00,1706642100.0,0.7,16.0,50.0,8.6,3.9,Overcast clouds,c04d,804.0,4951257.0,Somerville,US,42.3876,-71.0995,MA,994971-99999,America/New_York
2024-01-30 14:30:00,59.20352064910496,46.80753510078393,270.0,59.20352064910496,-7.2,218.7,90.0,-8.0,80.0,691.0,20.2,314.0,d,0.0,1022.0,2.1,66.0,1024.0,0.0,116.0,-2.5,2024-01-30T14:30:00,2024-01-30T19:30:00,1706643000.0,0.7,16.0,51.0,8.4,3.8,Overcast clouds,c04d,804.0,4951257.0,Somerville,US,42.3876,-71.0995,MA,994971-99999,America/New_York
2024-01-30 14:45:00,60.0,44.68156558274719,270.0,59.99999999999999,-7.3,222.0,89.0,-8.1,76.0,666.0,18.5,282.0,d,0.0,1022.0,2.1,66.0,1024.0,0.0,111.0,-2.6,2024-01-30T14:45:00,2024-01-30T19:45:00,1706643900.0,0.6,16.0,52.0,8.2,3.7,Overcast clouds,c04d,804.0,4951257.0,Somerville,US,42.3876,-71.0995,MA,994971-99999,America/New_York
2024-01-30 15:00:00,60.0,42.76044685100564,270.0,59.99999999999999,-7.3,225.4,88.0,-8.2,73.0,642.0,16.8,250.0,d,0.0,1022.0,2.1,66.0,1024.0,0.0,104.0,-2.7,2024-01-30T15:00:00,2024-01-30T20:00:00,1706644800.0,0.6,16.0,52.0,8.0,3.6,Overcast clouds,c04d,804.0,4951257.0,Somerville,US,42.3876,-71.0995,MA,994971-99999,America/New_York
2024-01-30 15:15:00,60.0,41.07853281116489,270.0,59.99999999999999,-7.2,228.3,88.0,-8.1,67.0,589.0,14.6,213.0,d,0.0,1022.0,2.1,66.0,1024.0,0.0,89.0,-2.7,2024-01-30T15:15:00,2024-01-30T20:15:00,1706645700.0,0.6,16.0,52.0,7.7,3.5,Overcast clouds,c04d,804.0,4951257.0,Somerville,US,42.3876,-71.0995,MA,994971-99999,America/New_York
2024-01-30 15:30:00,59.84052999640099,39.71351003066806,270.0,59.84052999640099,-7.1,231.2,88.0,-8.3,61.0,536.0,12.4,175.0,d,0.0,1022.0,2.1,65.0,1024.0,0.0,73.0,-2.6,2024-01-30T15:30:00,2024-01-30T20:30:00,1706646600.0,0.5,16.0,53.0,7.4,3.4,Overcast clouds,c04d,804.0,4951257.0,Somerville,US,42.3876,-71.0995,MA,994971-99999,America/New_York
2024-01-30 15:45:00,38.376356991008,50.340182227864666,270.0,38.37635699100801,-6.9,234.1,87.0,-8.5,54.0,483.0,10.3,137.0,d,0.0,1022.0,2.1,64.0,1024.0,0.0,60.0,-2.6,2024-01-30T15:45:00,2024-01-30T20:45:00,1706647500.0,0.5,16.0,54.0,7.1,3.3,Overcast clouds,c04d,804.0,4951257.0,Somerville,US,42.3876,-71.0995,MA,994971-99999,America/New_York
2024-01-30 16:00:00,26.76503653909358,59.87598099255459,270.0,26.76503653909358,-6.8,237.0,87.0,-8.4,48.0,430.0,8.1,100.0,d,0.0,1022.0,2.1,64.0,1024.0,0.0,92.0,-2.6,2024-01-30T16:00:00,2024-01-30T21:00:00,1706648400.0,0.5,16.0,54.0,6.8,3.2,Overcast clouds,c04d,804.0,4951257.0,Somerville,US,42.3876,-71.0995,MA,994971-99999,America/New_York
2024-01-30 16:15:00,17.82505892868842,68.82681539208926,269.9999987925817,17.825058928688424,-6.7,239.6,88.0,-8.1,36.0,323.0,5.7,75.0,d,0.0,1022.0,2.1,66.0,1024.0,0.0,67.0,-2.7,2024-01-30T16:15:00,2024-01-30T21:15:00,1706649300.0,0.5,16.0,52.0,6.6,3.0,Overcast clouds,c04d,804.0,4951257.0,Somerville,US,42.3876,-71.0995,MA,994971-99999,America/New_York
2024-01-30 16:30:00,10.20314174191465,77.41495877433674,269.9999979086902,10.203141741914655,-6.6,242.3,90.0,-7.8,24.0,215.0,3.2,50.0,d,0.0,1022.0,2.1,68.0,1024.0,0.0,43.0,-2.8,2024-01-30T16:30:00,2024-01-30T21:30:00,1706650200.0,0.5,16.0,51.0,6.4,2.8,Overcast clouds,c04n,804.0,4951257.0,Somerville,US,42.3876,-71.0995,MA,994971-99999,America/New_York
2024-01-30 16:45:00,3.4519403415604444,85.62498814068948,270.0,3.4519403415604115,-6.5,244.9,92.0,-7.7,12.0,108.0,0.8,25.0,d,0.0,1022.0,2.1,69.0,1024.0,0.0,20.0,-2.8,2024-01-30T16:45:00,2024-01-30T21:45:00,1706651100.0,0.5,16.0,50.0,6.2,2.6,Overcast clouds,c04n,804.0,4951257.0,Somerville,US,42.3876,-71.0995,MA,994971-99999,America/New_York
2024-01-30 17:00:00,,,,,-6.3,247.5,93.0,-7.4,0.0,0.0,-1.7,0.0,n,0.0,1023.0,2.1,71.0,1025.0,0.0,0.0,-2.9,2024-01-30T17:00:00,2024-01-30T22:00:00,1706652000.0,0.0,16.0,48.0,6.0,2.4,Overcast clouds,c04n,804.0,4951257.0,Somerville,US,42.3876,-71.0995,MA,994971-99999,America/New_York
2024-01-30 17:15:00,,,,,-6.3,249.9,94.0,-7.4,0.0,0.0,-4.3,0.0,n,0.0,1023.0,2.1,71.0,1025.0,0.0,0.0,-2.9,2024-01-30T17:15:00,2024-01-30T22:15:00,1706652900.0,0.0,16.0,51.0,5.9,2.4,Overcast clouds,c04n,804.0,4951257.0,Somerville,US,42.3876,-71.0995,MA,994971-99999,America/New_York
2024-01-30 17:30:00,,,,,-6.2,252.3,95.0,-7.3,0.0,0.0,-6.9,0.0,n,0.0,1023.0,2.1,71.0,1025.0,0.0,0.0,-2.8,2024-01-30T17:30:00,2024-01-30T22:30:00,1706653800.0,0.0,16.0,54.0,5.8,2.4,Overcast clouds,c04n,804.0,4951257.0,Somerville,US,42.3876,-71.0995,MA,994971-99999,America/New_York
2024-01-30 17:45:00,,,,,-6.2,254.8,96.0,-7.3,0.0,0.0,-9.6,0.0,n,0.0,1023.0,2.1,71.0,1025.0,0.0,0.0,-2.8,2024-01-30T17:45:00,2024-01-30T22:45:00,1706654700.0,0.0,10.0,57.0,5.7,2.4,Overcast clouds,c04n,804.0,4951257.0,Somerville,US,42.3876,-71.0995,MA,994971-99999,America/New_York
2024-01-30 18:00:00,,,,,-6.1,257.2,97.0,-7.2,0.0,0.0,-12.2,0.0,n,0.0,1023.0,2.1,71.0,1025.0,0.0,0.0,-2.7,2024-01-30T18:00:00,2024-01-30T23:00:00,1706655600.0,0.0,10.0,60.0,5.6,2.4,Overcast clouds,c04n,804.0,4951257.0,Somerville,US,42.3876,-71.0995,MA,994971-99999,America/New_York
2024-01-30 18:15:00,,,,,-6.1,259.6,96.0,-7.5,0.0,0.0,-15.0,0.0,n,0.0,1022.0,2.1,70.0,1024.0,0.0,0.0,-2.8,2024-01-30T18:15:00,2024-01-30T23:15:00,1706656500.0,0.0,16.0,62.0,5.5,2.3,Overcast clouds,c04n,804.0,4951257.0,Somerville,US,42.3876,-71.0995,MA,994971-99999,America/New_York
2024-01-30 18:30:00,,,,,-6.0,262.0,95.0,-7.5,0.0,0.0,-17.7,0.0,n,0.0,1022.0,2.1,70.0,1024.0,0.0,0.0,-2.9,2024-01-30T18:30:00,2024-01-30T23:30:00,1706657400.0,0.0,16.0,63.0,5.4,2.2,Overcast clouds,c04n,804.0,4951257.0,Somerville,US,42.3876,-71.0995,MA,994971-99999,America/New_York
2024-01-30 18:45:00,,,,,-6.0,264.4,94.0,-7.6,0.0,0.0,-20.4,0.0,n,0.0,1022.0,2.1,70.0,1024.0,0.0,0.0,-2.9,2024-01-30T18:45:00,2024-01-30T23:45:00,1706658300.0,0.0,16.0,64.0,5.3,2.1,Overcast clouds,c04n,804.0,4951257.0,Somerville,US,42.3876,-71.0995,MA,994971-99999,America/New_York
2024-01-30 19:00:00,,,,,-6.0,266.9,93.0,-7.9,0.0,0.0,-23.2,0.0,n,0.0,1022.0,2.1,69.0,1024.0,0.0,0.0,-3.0,2024-01-30T19:00:00,2024-01-31T00:00:00,1706659200.0,0.0,16.0,66.0,5.2,2.0,Overcast clouds,c04n,804.0,4951257.0,Somerville,US,42.3876,-71.0995,MA,994971-99999,America/New_York
2024-01-30 19:15:00,,,,,-6.0,269.5,94.0,-7.9,0.0,0.0,-25.9,0.0,n,0.0,1022.0,2.1,69.0,1024.0,0.0,0.0,-3.0,2024-01-30T19:15:00,2024-01-31T00:15:00,1706660100.0,0.0,16.0,68.0,5.1,2.0,Overcast clouds,c04n,804.0,4951257.0,Somerville,US,42.3876,-71.0995,MA,994971-99999,America/New_York
2024-01-30 19:30:00,,,,,-6.0,272.0,94.0,-7.9,0.0,0.0,-28.7,0.0,n,0.0,1022.0,2.1,69.0,1024.0,0.0,0.0,-3.0,2024-01-30T19:30:00,2024-01-31T00:30:00,1706661000.0,0.0,16.0,69.0,5.0,2.0,Overcast clouds,c04n,804.0,4951257.0,Somerville,US,42.3876,-71.0995,MA,994971-99999,America/New_York
2024-01-30 19:45:00,,,,,-6.0,274.6,95.0,-7.9,0.0,0.0,-31.5,0.0,n,0.0,1022.0,2.1,69.0,1024.0,0.0,0.0,-3.0,2024-01-30T19:45:00,2024-01-31T00:45:00,1706661900.0,0.0,16.0,70.0,4.9,2.0,Overcast clouds,c04n,804.0,4951257.0,Somerville,US,42.3876,-71.0995,MA,994971-99999,America/New_York
2024-01-30 20:00:00,,,,,-6.0,277.2,96.0,-7.9,0.0,0.0,-34.2,0.0,n,0.0,1022.0,2.1,69.0,1024.0,0.0,0.0,-3.0,2024-01-30T20:00:00,2024-01-31T01:00:00,1706662800.0,0.0,16.0,72.0,4.8,2.0,Overcast clouds,c04n,804.0,4951257.0,Somerville,US,42.3876,-71.0995,MA,994971-99999,America/New_York
2024-01-30 20:15:00,,,,,-5.9,280.3,96.0,-7.8,0.0,0.0,-36.9,0.0,n,0.0,1022.0,2.1,69.0,1024.0,0.0,0.0,-3.0,2024-01-30T20:15:00,2024-01-31T01:15:00,1706663700.0,0.0,16.0,73.0,4.6,2.0,Overcast clouds,c04n,804.0,4951257.0,Somerville,US,42.3876,-71.0995,MA,994971-99999,America/New_York
2024-01-30 20:30:00,,,,,-5.8,283.4,96.0,-7.8,0.0,0.0,-39.6,0.0,n,0.0,1022.0,2.1,69.0,1024.0,0.0,0.0,-2.9,2024-01-30T20:30:00,2024-01-31T01:30:00,1706664600.0,0.0,16.0,74.0,4.4,2.0,Overcast clouds,c04n,804.0,4951257.0,Somerville,US,42.3876,-71.0995,MA,994971-99999,America/New_York
2024-01-30 20:45:00,,,,,-5.8,286.4,96.0,-7.7,0.0,0.0,-42.3,0.0,n,0.0,1022.0,2.1,69.0,1024.0,0.0,0.0,-2.8,2024-01-30T20:45:00,2024-01-31T01:45:00,1706665500.0,0.0,16.0,75.0,4.2,2.0,Overcast clouds,c04n,804.0,4951257.0,Somerville,US,42.3876,-71.0995,MA,994971-99999,America/New_York
2024-01-30 21:00:00,,,,,-5.7,289.5,96.0,-7.7,0.0,0.0,-45.0,0.0,n,0.0,1022.0,2.1,69.0,1024.0,0.0,0.0,-2.8,2024-01-30T21:00:00,2024-01-31T02:00:00,1706666400.0,0.0,16.0,76.0,4.0,2.0,Overcast clouds,c04n,804.0,4951257.0,Somerville,US,42.3876,-71.0995,MA,994971-99999,America/New_York
2024-01-30 21:15:00,,,,,-5.6,293.6,96.0,-7.6,0.0,0.0,-47.5,0.0,n,0.0,1022.0,2.1,69.0,1024.0,0.0,0.0,-2.7,2024-01-30T21:15:00,2024-01-31T02:15:00,1706667300.0,0.0,16.0,78.0,3.7,2.0,Overcast clouds,c04n,804.0,4951257.0,Somerville,US,42.3876,-71.0995,MA,994971-99999,America/New_York
2024-01-30 21:30:00,,,,,-5.5,297.6,96.0,-7.5,0.0,0.0,-49.9,0.0,n,0.0,1022.0,2.1,69.0,1024.0,0.0,0.0,-2.6,2024-01-30T21:30:00,2024-01-31T02:30:00,1706668200.0,0.0,16.0,79.0,3.4,2.0,Overcast clouds,c04n,804.0,4951257.0,Somerville,US,42.3876,-71.0995,MA,994971-99999,America/New_York
2024-01-30 21:45:00,,,,,-5.4,301.7,97.0,-7.4,0.0,0.0,-52.4,0.0,n,0.0,1022.0,2.1,69.0,1024.0,0.0,0.0,-2.5,2024-01-30T21:45:00,2024-01-31T02:45:00,1706669100.0,0.0,16.0,80.0,3.1,2.0,Overcast clouds,c04n,804.0,4951257.0,Somerville,US,42.3876,-71.0995,MA,994971-99999,America/New_York
2024-01-30 22:00:00,,,,,-5.3,305.8,97.0,-7.3,0.0,0.0,-54.8,0.0,n,0.0,1022.0,2.1,69.0,1024.0,0.0,0.0,-2.4,2024-01-30T22:00:00,2024-01-31T03:00:00,1706670000.0,0.0,16.0,82.0,2.8,2.0,Overcast clouds,c04n,804.0,4951257.0,Somerville,US,42.3876,-71.0995,MA,994971-99999,America/New_York
2024-01-30 22:15:00,,,,,-5.2,311.7,94.0,-7.5,0.0,0.0,-56.7,0.0,n,0.0,1021.0,2.1,68.0,1023.0,0.0,0.0,-2.4,2024-01-30T22:15:00,2024-01-31T03:15:00,1706670900.0,0.0,16.0,84.0,2.6,2.0,Overcast clouds,c04n,804.0,4951257.0,Somerville,US,42.3876,-71.0995,MA,994971-99999,America/New_York
2024-01-30 22:30:00,,,,,-5.2,317.6,92.0,-7.4,0.0,0.0,-58.6,0.0,n,0.0,1021.0,2.1,68.0,1023.0,0.0,0.0,-2.3,2024-01-30T22:30:00,2024-01-31T03:30:00,1706671800.0,0.0,16.0,85.0,2.4,2.0,Overcast clouds,c04n,804.0,4951257.0,Somerville,US,42.3876,-71.0995,MA,994971-99999,America/New_York
2024-01-30 22:45:00,,,,,-5.2,323.5,89.0,-7.4,0.0,0.0,-60.5,0.0,n,0.0,1021.0,2.1,68.0,1023.0,0.0,0.0,-2.3,2024-01-30T22:45:00,2024-01-31T03:45:00,1706672700.0,0.0,16.0,86.0,2.2,2.0,Overcast clouds,c04n,804.0,4951257.0,Somerville,US,42.3876,-71.0995,MA,994971-99999,America/New_York
2024-01-30 23:00:00,,,,,-5.1,329.4,86.0,-7.6,0.0,0.0,-62.3,0.0,n,0.0,1021.0,2.1,67.0,1023.0,0.0,0.0,-2.3,2024-01-30T23:00:00,2024-01-31T04:00:00,1706673600.0,0.0,16.0,88.0,2.0,2.0,Overcast clouds,c04n,804.0,4951257.0,Somerville,US,42.3876,-71.0995,MA,994971-99999,America/New_York
2024-01-30 23:15:00,,,,,-4.8,247.4,88.0,-7.5,0.0,0.0,-63.1,0.0,n,0.0,1021.0,2.1,67.0,1023.0,0.0,0.0,-2.3,2024-01-30T23:15:00,2024-01-31T04:15:00,1706674500.0,0.0,16.0,90.0,1.9,1.8,Overcast clouds,c04n,804.0,4951257.0,Somerville,US,42.3876,-71.0995,MA,994971-99999,America/New_York
2024-01-30 23:30:00,,,,,-4.4,165.4,90.0,-7.3,0.0,0.0,-63.8,0.0,n,0.0,1021.0,2.1,68.0,1023.0,0.0,0.0,-2.2,2024-01-30T23:30:00,2024-01-31T04:30:00,1706675400.0,0.0,16.0,91.0,1.8,1.6,Overcast clouds,c04n,804.0,4951257.0,Somerville,US,42.3876,-71.0995,MA,994971-99999,America/New_York
2024-01-30 23:45:00,,,,,-4.0,83.4,91.0,-7.2,0.0,0.0,-64.5,0.0,n,0.0,1021.0,2.1,68.0,1023.0,0.0,0.0,-2.1,2024-01-30T23:45:00,2024-01-31T04:45:00,1706676300.0,0.0,16.0,92.0,1.7,1.4,Overcast clouds,c04n,804.0,4951257.0,Somerville,US,42.3876,-71.0995,MA,994971-99999,America/New_York
2024-01-31 00:00:00,,,,,,,,,,,,,,,,,,,,,,,,,,,,,,,,,,,,,,,,
